#include <hagl_hal.h>
#include <hagl.h>

// Image: blackTile.png (16x16)
static unsigned char blackTilebuf[] = {
    0x00, 0x00, 0x00, 0x00, 0x00, 0x00, 0x00, 0x00, 0x00, 0x00, 0x00, 0x00, 0x00, 0x00, 0x00, 0x00, 
    0x00, 0x00, 0x00, 0x00, 0x00, 0x00, 0x00, 0x00, 0x00, 0x00, 0x00, 0x00, 0x00, 0x00, 0x00, 0x00, 
    0x00, 0x00, 0x00, 0x00, 0x00, 0x00, 0x00, 0x00, 0x00, 0x00, 0x00, 0x00, 0x00, 0x00, 0x00, 0x00, 
    0x00, 0x00, 0x00, 0x00, 0x00, 0x00, 0x00, 0x00, 0x00, 0x00, 0x00, 0x00, 0x00, 0x00, 0x00, 0x00, 
    0x00, 0x00, 0x00, 0x00, 0x00, 0x00, 0x00, 0x00, 0x00, 0x00, 0x00, 0x00, 0x00, 0x00, 0x00, 0x00, 
    0x00, 0x00, 0x00, 0x00, 0x00, 0x00, 0x00, 0x00, 0x00, 0x00, 0x00, 0x00, 0x00, 0x00, 0x00, 0x00, 
    0x00, 0x00, 0x00, 0x00, 0x00, 0x00, 0x00, 0x00, 0x00, 0x00, 0x00, 0x00, 0x00, 0x00, 0x00, 0x00, 
    0x00, 0x00, 0x00, 0x00, 0x00, 0x00, 0x00, 0x00, 0x00, 0x00, 0x00, 0x00, 0x00, 0x00, 0x00, 0x00, 
    0x00, 0x00, 0x00, 0x00, 0x00, 0x00, 0x00, 0x00, 0x00, 0x00, 0x00, 0x00, 0x00, 0x00, 0x00, 0x00, 
    0x00, 0x00, 0x00, 0x00, 0x00, 0x00, 0x00, 0x00, 0x00, 0x00, 0x00, 0x00, 0x00, 0x00, 0x00, 0x00, 
    0x00, 0x00, 0x00, 0x00, 0x00, 0x00, 0x00, 0x00, 0x00, 0x00, 0x00, 0x00, 0x00, 0x00, 0x00, 0x00, 
    0x00, 0x00, 0x00, 0x00, 0x00, 0x00, 0x00, 0x00, 0x00, 0x00, 0x00, 0x00, 0x00, 0x00, 0x00, 0x00, 
    0x00, 0x00, 0x00, 0x00, 0x00, 0x00, 0x00, 0x00, 0x00, 0x00, 0x00, 0x00, 0x00, 0x00, 0x00, 0x00, 
    0x00, 0x00, 0x00, 0x00, 0x00, 0x00, 0x00, 0x00, 0x00, 0x00, 0x00, 0x00, 0x00, 0x00, 0x00, 0x00, 
    0x00, 0x00, 0x00, 0x00, 0x00, 0x00, 0x00, 0x00, 0x00, 0x00, 0x00, 0x00, 0x00, 0x00, 0x00, 0x00, 
    0x00, 0x00, 0x00, 0x00, 0x00, 0x00, 0x00, 0x00, 0x00, 0x00, 0x00, 0x00, 0x00, 0x00, 0x00, 0x00, 
    0x00, 0x00, 0x00, 0x00, 0x00, 0x00, 0x00, 0x00, 0x00, 0x00, 0x00, 0x00, 0x00, 0x00, 0x00, 0x00, 
    0x00, 0x00, 0x00, 0x00, 0x00, 0x00, 0x00, 0x00, 0x00, 0x00, 0x00, 0x00, 0x00, 0x00, 0x00, 0x00, 
    0x00, 0x00, 0x00, 0x00, 0x00, 0x00, 0x00, 0x00, 0x00, 0x00, 0x00, 0x00, 0x00, 0x00, 0x00, 0x00, 
    0x00, 0x00, 0x00, 0x00, 0x00, 0x00, 0x00, 0x00, 0x00, 0x00, 0x00, 0x00, 0x00, 0x00, 0x00, 0x00, 
    0x00, 0x00, 0x00, 0x00, 0x00, 0x00, 0x00, 0x00, 0x00, 0x00, 0x00, 0x00, 0x00, 0x00, 0x00, 0x00, 
    0x00, 0x00, 0x00, 0x00, 0x00, 0x00, 0x00, 0x00, 0x00, 0x00, 0x00, 0x00, 0x00, 0x00, 0x00, 0x00, 
    0x00, 0x00, 0x00, 0x00, 0x00, 0x00, 0x00, 0x00, 0x00, 0x00, 0x00, 0x00, 0x00, 0x00, 0x00, 0x00, 
    0x00, 0x00, 0x00, 0x00, 0x00, 0x00, 0x00, 0x00, 0x00, 0x00, 0x00, 0x00, 0x00, 0x00, 0x00, 0x00, 
    0x00, 0x00, 0x00, 0x00, 0x00, 0x00, 0x00, 0x00, 0x00, 0x00, 0x00, 0x00, 0x00, 0x00, 0x00, 0x00, 
    0x00, 0x00, 0x00, 0x00, 0x00, 0x00, 0x00, 0x00, 0x00, 0x00, 0x00, 0x00, 0x00, 0x00, 0x00, 0x00, 
    0x00, 0x00, 0x00, 0x00, 0x00, 0x00, 0x00, 0x00, 0x00, 0x00, 0x00, 0x00, 0x00, 0x00, 0x00, 0x00, 
    0x00, 0x00, 0x00, 0x00, 0x00, 0x00, 0x00, 0x00, 0x00, 0x00, 0x00, 0x00, 0x00, 0x00, 0x00, 0x00, 
    0x00, 0x00, 0x00, 0x00, 0x00, 0x00, 0x00, 0x00, 0x00, 0x00, 0x00, 0x00, 0x00, 0x00, 0x00, 0x00, 
    0x00, 0x00, 0x00, 0x00, 0x00, 0x00, 0x00, 0x00, 0x00, 0x00, 0x00, 0x00, 0x00, 0x00, 0x00, 0x00, 
    0x00, 0x00, 0x00, 0x00, 0x00, 0x00, 0x00, 0x00, 0x00, 0x00, 0x00, 0x00, 0x00, 0x00, 0x00, 0x00, 
    0x00, 0x00, 0x00, 0x00, 0x00, 0x00, 0x00, 0x00, 0x00, 0x00, 0x00, 0x00, 0x00, 0x00, 0x00, 0x00, 
};

hagl_bitmap_t blackTile = {
    .width = 16,
    .height = 16,
    .depth = 16, // RGB565 is 16-bit
    .buffer = blackTilebuf,
};

// Image: cabin.png (67x103)
static unsigned char cabinbuf[] = {
    0x07, 0xe0, 0x07, 0xe0, 0x07, 0xe0, 0x07, 0xe0, 0x07, 0xe0, 0x07, 0xe0, 0x07, 0xe0, 0x07, 0xe0, 
    0x07, 0xe0, 0x07, 0xe0, 0x07, 0xe0, 0x07, 0xe0, 0x07, 0xe0, 0x07, 0xe0, 0x07, 0xe0, 0x07, 0xe0, 
    0x07, 0xe0, 0x07, 0xe0, 0x07, 0xe0, 0x07, 0xe0, 0x07, 0xe0, 0x07, 0xe0, 0x07, 0xe0, 0x07, 0xe0, 
    0x07, 0xe0, 0x07, 0xe0, 0x07, 0xe0, 0x07, 0xe0, 0x07, 0xe0, 0x07, 0xe0, 0x39, 0x46, 0x39, 0x46, 
    0x39, 0x46, 0x39, 0x46, 0x39, 0x46, 0x39, 0x46, 0x07, 0xe0, 0x07, 0xe0, 0x07, 0xe0, 0x07, 0xe0, 
    0x07, 0xe0, 0x07, 0xe0, 0x07, 0xe0, 0x07, 0xe0, 0x07, 0xe0, 0x07, 0xe0, 0x07, 0xe0, 0x07, 0xe0, 
    0x07, 0xe0, 0x07, 0xe0, 0x07, 0xe0, 0x07, 0xe0, 0x07, 0xe0, 0x07, 0xe0, 0x07, 0xe0, 0x07, 0xe0, 
    0x07, 0xe0, 0x07, 0xe0, 0x07, 0xe0, 0x07, 0xe0, 0x07, 0xe0, 0x07, 0xe0, 0x07, 0xe0, 0x07, 0xe0, 
    0x07, 0xe0, 0x07, 0xe0, 0x07, 0xe0, 0x07, 0xe0, 0x07, 0xe0, 0x07, 0xe0, 0x07, 0xe0, 0x07, 0xe0, 
    0x07, 0xe0, 0x07, 0xe0, 0x07, 0xe0, 0x07, 0xe0, 0x07, 0xe0, 0x07, 0xe0, 0x07, 0xe0, 0x07, 0xe0, 
    0x07, 0xe0, 0x07, 0xe0, 0x07, 0xe0, 0x07, 0xe0, 0x07, 0xe0, 0x07, 0xe0, 0x07, 0xe0, 0x07, 0xe0, 
    0x07, 0xe0, 0x07, 0xe0, 0x07, 0xe0, 0x07, 0xe0, 0x07, 0xe0, 0x07, 0xe0, 0x07, 0xe0, 0x07, 0xe0, 
    0x39, 0x46, 0xbb, 0x6a, 0xbb, 0x6a, 0xbb, 0x6a, 0x92, 0x87, 0xbb, 0x6a, 0x92, 0x87, 0x39, 0x46, 
    0x07, 0xe0, 0x07, 0xe0, 0x07, 0xe0, 0x07, 0xe0, 0x07, 0xe0, 0x07, 0xe0, 0x07, 0xe0, 0x07, 0xe0, 
    0x07, 0xe0, 0x07, 0xe0, 0x07, 0xe0, 0x07, 0xe0, 0x07, 0xe0, 0x07, 0xe0, 0x07, 0xe0, 0x07, 0xe0, 
    0x07, 0xe0, 0x07, 0xe0, 0x07, 0xe0, 0x07, 0xe0, 0x07, 0xe0, 0x07, 0xe0, 0x07, 0xe0, 0x07, 0xe0, 
    0x07, 0xe0, 0x07, 0xe0, 0x07, 0xe0, 0x07, 0xe0, 0x07, 0xe0, 0x07, 0xe0, 0x07, 0xe0, 0x07, 0xe0, 
    0x07, 0xe0, 0x07, 0xe0, 0x07, 0xe0, 0x07, 0xe0, 0x07, 0xe0, 0x07, 0xe0, 0x07, 0xe0, 0x07, 0xe0, 
    0x07, 0xe0, 0x07, 0xe0, 0x07, 0xe0, 0x07, 0xe0, 0x07, 0xe0, 0x07, 0xe0, 0x07, 0xe0, 0x07, 0xe0, 
    0x07, 0xe0, 0x07, 0xe0, 0x07, 0xe0, 0x07, 0xe0, 0x07, 0xe0, 0x07, 0xe0, 0x07, 0xe0, 0x07, 0xe0, 
    0x07, 0xe0, 0x07, 0xe0, 0x07, 0xe0, 0x39, 0x46, 0xbb, 0x6a, 0x92, 0x87, 0x92, 0x87, 0x92, 0x87, 
    0x92, 0x87, 0x92, 0x87, 0x39, 0x46, 0x07, 0xe0, 0x07, 0xe0, 0x07, 0xe0, 0x07, 0xe0, 0x07, 0xe0, 
    0x07, 0xe0, 0x07, 0xe0, 0x07, 0xe0, 0x07, 0xe0, 0x07, 0xe0, 0x07, 0xe0, 0x07, 0xe0, 0x07, 0xe0, 
    0x07, 0xe0, 0x07, 0xe0, 0x07, 0xe0, 0x07, 0xe0, 0x07, 0xe0, 0x07, 0xe0, 0x07, 0xe0, 0x07, 0xe0, 
    0x07, 0xe0, 0x07, 0xe0, 0x07, 0xe0, 0x07, 0xe0, 0x07, 0xe0, 0x07, 0xe0, 0x07, 0xe0, 0x07, 0xe0, 
    0x07, 0xe0, 0x07, 0xe0, 0x07, 0xe0, 0x07, 0xe0, 0x07, 0xe0, 0x07, 0xe0, 0x07, 0xe0, 0x07, 0xe0, 
    0x07, 0xe0, 0x07, 0xe0, 0x07, 0xe0, 0x07, 0xe0, 0x07, 0xe0, 0x07, 0xe0, 0x07, 0xe0, 0x07, 0xe0, 
    0x07, 0xe0, 0x07, 0xe0, 0x07, 0xe0, 0x07, 0xe0, 0x07, 0xe0, 0x07, 0xe0, 0x07, 0xe0, 0x07, 0xe0, 
    0x07, 0xe0, 0x07, 0xe0, 0x07, 0xe0, 0x07, 0xe0, 0x07, 0xe0, 0x07, 0xe0, 0x39, 0x46, 0xbb, 0x6a, 
    0x92, 0x87, 0x92, 0x87, 0x92, 0x87, 0x92, 0x87, 0x92, 0x87, 0x39, 0x46, 0x07, 0xe0, 0x07, 0xe0, 
    0x07, 0xe0, 0x07, 0xe0, 0x07, 0xe0, 0x07, 0xe0, 0x07, 0xe0, 0x07, 0xe0, 0x07, 0xe0, 0x07, 0xe0, 
    0x07, 0xe0, 0x07, 0xe0, 0x07, 0xe0, 0x07, 0xe0, 0x07, 0xe0, 0x07, 0xe0, 0x07, 0xe0, 0x07, 0xe0, 
    0x07, 0xe0, 0x07, 0xe0, 0x07, 0xe0, 0x07, 0xe0, 0x07, 0xe0, 0x07, 0xe0, 0x07, 0xe0, 0x07, 0xe0, 
    0x07, 0xe0, 0x07, 0xe0, 0x07, 0xe0, 0x07, 0xe0, 0x07, 0xe0, 0x07, 0xe0, 0x07, 0xe0, 0x07, 0xe0, 
    0x07, 0xe0, 0x07, 0xe0, 0x07, 0xe0, 0x07, 0xe0, 0x07, 0xe0, 0x07, 0xe0, 0x07, 0xe0, 0x07, 0xe0, 
    0x07, 0xe0, 0x07, 0xe0, 0x07, 0xe0, 0x07, 0xe0, 0x07, 0xe0, 0x07, 0xe0, 0x07, 0xe0, 0x07, 0xe0, 
    0x07, 0xe0, 0x07, 0xe0, 0x07, 0xe0, 0x07, 0xe0, 0x07, 0xe0, 0x07, 0xe0, 0x07, 0xe0, 0x07, 0xe0, 
    0x49, 0x25, 0x39, 0x46, 0xbb, 0x6a, 0x92, 0x87, 0x92, 0x87, 0x92, 0x87, 0x92, 0x87, 0x92, 0x87, 
    0x39, 0x46, 0x49, 0x25, 0x07, 0xe0, 0x07, 0xe0, 0x07, 0xe0, 0x07, 0xe0, 0x07, 0xe0, 0x07, 0xe0, 
    0x07, 0xe0, 0x07, 0xe0, 0x07, 0xe0, 0x07, 0xe0, 0x07, 0xe0, 0x07, 0xe0, 0x07, 0xe0, 0x07, 0xe0, 
    0x07, 0xe0, 0x07, 0xe0, 0x07, 0xe0, 0x07, 0xe0, 0x07, 0xe0, 0x07, 0xe0, 0x07, 0xe0, 0x07, 0xe0, 
    0x07, 0xe0, 0x07, 0xe0, 0x07, 0xe0, 0x07, 0xe0, 0x07, 0xe0, 0x07, 0xe0, 0x07, 0xe0, 0x07, 0xe0, 
    0x07, 0xe0, 0x07, 0xe0, 0x07, 0xe0, 0x07, 0xe0, 0x07, 0xe0, 0x07, 0xe0, 0x07, 0xe0, 0x07, 0xe0, 
    0x07, 0xe0, 0x07, 0xe0, 0x07, 0xe0, 0x07, 0xe0, 0x07, 0xe0, 0x07, 0xe0, 0x07, 0xe0, 0x07, 0xe0, 
    0x07, 0xe0, 0x07, 0xe0, 0x07, 0xe0, 0x07, 0xe0, 0x07, 0xe0, 0x07, 0xe0, 0x07, 0xe0, 0x07, 0xe0, 
    0x07, 0xe0, 0x07, 0xe0, 0x49, 0x25, 0x79, 0x65, 0x39, 0x46, 0xbb, 0x6a, 0x92, 0x87, 0x92, 0x87, 
    0x92, 0x87, 0x92, 0x87, 0x92, 0x87, 0x39, 0x46, 0x69, 0x25, 0x49, 0x25, 0x07, 0xe0, 0x07, 0xe0, 
    0x07, 0xe0, 0x07, 0xe0, 0x07, 0xe0, 0x07, 0xe0, 0x07, 0xe0, 0x07, 0xe0, 0x07, 0xe0, 0x07, 0xe0, 
    0x07, 0xe0, 0x07, 0xe0, 0x07, 0xe0, 0x07, 0xe0, 0x07, 0xe0, 0x07, 0xe0, 0x07, 0xe0, 0x07, 0xe0, 
    0x07, 0xe0, 0x07, 0xe0, 0x07, 0xe0, 0x07, 0xe0, 0x07, 0xe0, 0x07, 0xe0, 0x07, 0xe0, 0x07, 0xe0, 
    0x07, 0xe0, 0x07, 0xe0, 0x07, 0xe0, 0x07, 0xe0, 0x07, 0xe0, 0x07, 0xe0, 0x07, 0xe0, 0x07, 0xe0, 
    0x07, 0xe0, 0x07, 0xe0, 0x07, 0xe0, 0x07, 0xe0, 0x07, 0xe0, 0x07, 0xe0, 0x07, 0xe0, 0x07, 0xe0, 
    0x07, 0xe0, 0x07, 0xe0, 0x07, 0xe0, 0x07, 0xe0, 0x07, 0xe0, 0x07, 0xe0, 0x07, 0xe0, 0x07, 0xe0, 
    0x07, 0xe0, 0x07, 0xe0, 0x07, 0xe0, 0x07, 0xe0, 0x49, 0x25, 0xca, 0xc9, 0x79, 0x65, 0x39, 0x46, 
    0xbb, 0x6a, 0x92, 0x87, 0x92, 0x87, 0x92, 0x87, 0x92, 0x87, 0x92, 0x87, 0x39, 0x46, 0x69, 0x25, 
    0x79, 0x65, 0x49, 0x25, 0x07, 0xe0, 0x07, 0xe0, 0x07, 0xe0, 0x07, 0xe0, 0x07, 0xe0, 0x07, 0xe0, 
    0x07, 0xe0, 0x07, 0xe0, 0x07, 0xe0, 0x07, 0xe0, 0x07, 0xe0, 0x07, 0xe0, 0x07, 0xe0, 0x07, 0xe0, 
    0x07, 0xe0, 0x07, 0xe0, 0x07, 0xe0, 0x07, 0xe0, 0x07, 0xe0, 0x07, 0xe0, 0x07, 0xe0, 0x07, 0xe0, 
    0x07, 0xe0, 0x07, 0xe0, 0x07, 0xe0, 0x07, 0xe0, 0x07, 0xe0, 0x07, 0xe0, 0x07, 0xe0, 0x07, 0xe0, 
    0x07, 0xe0, 0x07, 0xe0, 0x07, 0xe0, 0x07, 0xe0, 0x07, 0xe0, 0x07, 0xe0, 0x07, 0xe0, 0x07, 0xe0, 
    0x07, 0xe0, 0x07, 0xe0, 0x07, 0xe0, 0x07, 0xe0, 0x07, 0xe0, 0x07, 0xe0, 0x07, 0xe0, 0x07, 0xe0, 
    0x07, 0xe0, 0x07, 0xe0, 0x07, 0xe0, 0x07, 0xe0, 0x07, 0xe0, 0x07, 0xe0, 0x49, 0x25, 0xca, 0xc9, 
    0xca, 0xc9, 0x79, 0x65, 0x39, 0x46, 0xbb, 0x6a, 0x92, 0x87, 0x92, 0x87, 0x92, 0x87, 0x92, 0x87, 
    0x92, 0x87, 0x39, 0x46, 0x69, 0x25, 0x79, 0x65, 0x79, 0x65, 0x49, 0x25, 0x07, 0xe0, 0x07, 0xe0, 
    0x07, 0xe0, 0x07, 0xe0, 0x07, 0xe0, 0x07, 0xe0, 0x07, 0xe0, 0x07, 0xe0, 0x07, 0xe0, 0x07, 0xe0, 
    0x07, 0xe0, 0x07, 0xe0, 0x07, 0xe0, 0x07, 0xe0, 0x07, 0xe0, 0x07, 0xe0, 0x07, 0xe0, 0x07, 0xe0, 
    0x07, 0xe0, 0x07, 0xe0, 0x07, 0xe0, 0x07, 0xe0, 0x07, 0xe0, 0x07, 0xe0, 0x07, 0xe0, 0x07, 0xe0, 
    0x07, 0xe0, 0x07, 0xe0, 0x07, 0xe0, 0x07, 0xe0, 0x07, 0xe0, 0x07, 0xe0, 0x07, 0xe0, 0x07, 0xe0, 
    0x07, 0xe0, 0x07, 0xe0, 0x07, 0xe0, 0x07, 0xe0, 0x07, 0xe0, 0x07, 0xe0, 0x07, 0xe0, 0x07, 0xe0, 
    0x07, 0xe0, 0x07, 0xe0, 0x07, 0xe0, 0x07, 0xe0, 0x07, 0xe0, 0x07, 0xe0, 0x07, 0xe0, 0x07, 0xe0, 
    0x49, 0x25, 0x49, 0x25, 0xca, 0xc9, 0xca, 0xc9, 0x79, 0x65, 0x39, 0x46, 0xbb, 0x6a, 0x92, 0x87, 
    0x92, 0x87, 0x92, 0x87, 0x92, 0x87, 0x92, 0x87, 0x39, 0x46, 0x69, 0x25, 0x79, 0x65, 0x79, 0x65, 
    0x49, 0x25, 0x49, 0x25, 0x07, 0xe0, 0x07, 0xe0, 0x07, 0xe0, 0x07, 0xe0, 0x07, 0xe0, 0x07, 0xe0, 
    0x07, 0xe0, 0x07, 0xe0, 0x07, 0xe0, 0x07, 0xe0, 0x07, 0xe0, 0x07, 0xe0, 0x07, 0xe0, 0x07, 0xe0, 
    0x07, 0xe0, 0x07, 0xe0, 0x07, 0xe0, 0x07, 0xe0, 0x07, 0xe0, 0x07, 0xe0, 0x07, 0xe0, 0x07, 0xe0, 
    0x07, 0xe0, 0x07, 0xe0, 0x07, 0xe0, 0x07, 0xe0, 0x07, 0xe0, 0x07, 0xe0, 0x07, 0xe0, 0x07, 0xe0, 
    0x07, 0xe0, 0x07, 0xe0, 0x07, 0xe0, 0x07, 0xe0, 0x07, 0xe0, 0x07, 0xe0, 0x07, 0xe0, 0x07, 0xe0, 
    0x07, 0xe0, 0x07, 0xe0, 0x07, 0xe0, 0x07, 0xe0, 0x07, 0xe0, 0x07, 0xe0, 0x07, 0xe0, 0x07, 0xe0, 
    0x07, 0xe0, 0x07, 0xe0, 0x49, 0x25, 0xca, 0xc9, 0x49, 0x25, 0xca, 0xc9, 0xdb, 0x8d, 0x49, 0x25, 
    0x39, 0x46, 0xbb, 0x6a, 0x92, 0x87, 0x92, 0x87, 0x92, 0x87, 0x92, 0x87, 0x92, 0x87, 0x39, 0x46, 
    0x49, 0x25, 0x79, 0x65, 0x79, 0x65, 0x49, 0x25, 0x79, 0x65, 0x49, 0x25, 0x07, 0xe0, 0x07, 0xe0, 
    0x07, 0xe0, 0x07, 0xe0, 0x07, 0xe0, 0x07, 0xe0, 0x07, 0xe0, 0x07, 0xe0, 0x07, 0xe0, 0x07, 0xe0, 
    0x07, 0xe0, 0x07, 0xe0, 0x07, 0xe0, 0x07, 0xe0, 0x07, 0xe0, 0x07, 0xe0, 0x07, 0xe0, 0x07, 0xe0, 
    0x07, 0xe0, 0x07, 0xe0, 0x07, 0xe0, 0x07, 0xe0, 0x07, 0xe0, 0x07, 0xe0, 0x07, 0xe0, 0x07, 0xe0, 
    0x07, 0xe0, 0x07, 0xe0, 0x07, 0xe0, 0x07, 0xe0, 0x07, 0xe0, 0x07, 0xe0, 0x07, 0xe0, 0x07, 0xe0, 
    0x07, 0xe0, 0x07, 0xe0, 0x07, 0xe0, 0x07, 0xe0, 0x07, 0xe0, 0x07, 0xe0, 0x07, 0xe0, 0x07, 0xe0, 
    0x07, 0xe0, 0x07, 0xe0, 0x07, 0xe0, 0x07, 0xe0, 0x49, 0x25, 0xca, 0xc9, 0xca, 0xc9, 0x49, 0x25, 
    0xdb, 0x8d, 0x49, 0x25, 0x79, 0x65, 0x39, 0x46, 0xbb, 0x6a, 0x92, 0x87, 0x92, 0x87, 0x92, 0x87, 
    0x92, 0x87, 0x92, 0x87, 0x39, 0x46, 0x69, 0x25, 0x49, 0x25, 0x79, 0x65, 0x49, 0x25, 0x79, 0x65, 
    0x79, 0x65, 0x49, 0x25, 0x07, 0xe0, 0x07, 0xe0, 0x07, 0xe0, 0x07, 0xe0, 0x07, 0xe0, 0x07, 0xe0, 
    0x07, 0xe0, 0x07, 0xe0, 0x07, 0xe0, 0x07, 0xe0, 0x07, 0xe0, 0x07, 0xe0, 0x07, 0xe0, 0x07, 0xe0, 
    0x07, 0xe0, 0x07, 0xe0, 0x07, 0xe0, 0x07, 0xe0, 0x07, 0xe0, 0x07, 0xe0, 0x07, 0xe0, 0x07, 0xe0, 
    0x07, 0xe0, 0x07, 0xe0, 0x07, 0xe0, 0x07, 0xe0, 0x07, 0xe0, 0x07, 0xe0, 0x07, 0xe0, 0x07, 0xe0, 
    0x07, 0xe0, 0x07, 0xe0, 0x07, 0xe0, 0x07, 0xe0, 0x07, 0xe0, 0x07, 0xe0, 0x07, 0xe0, 0x07, 0xe0, 
    0x07, 0xe0, 0x07, 0xe0, 0x07, 0xe0, 0x07, 0xe0, 0x07, 0xe0, 0x07, 0xe0, 0x49, 0x25, 0xca, 0xc9, 
    0xca, 0xc9, 0xca, 0xc9, 0x49, 0x25, 0x49, 0x25, 0xca, 0xc9, 0x79, 0x65, 0x39, 0x46, 0xbb, 0x6a, 
    0x92, 0x87, 0x92, 0x87, 0x92, 0x87, 0x92, 0x87, 0x92, 0x87, 0x39, 0x46, 0x69, 0x25, 0x79, 0x65, 
    0x49, 0x25, 0x49, 0x25, 0x79, 0x65, 0x79, 0x65, 0x79, 0x65, 0x49, 0x25, 0x07, 0xe0, 0x07, 0xe0, 
    0x07, 0xe0, 0x07, 0xe0, 0x07, 0xe0, 0x07, 0xe0, 0x07, 0xe0, 0x07, 0xe0, 0x07, 0xe0, 0x07, 0xe0, 
    0x07, 0xe0, 0x07, 0xe0, 0x07, 0xe0, 0x07, 0xe0, 0x07, 0xe0, 0x07, 0xe0, 0x07, 0xe0, 0x07, 0xe0, 
    0x07, 0xe0, 0x07, 0xe0, 0x07, 0xe0, 0x07, 0xe0, 0x07, 0xe0, 0x07, 0xe0, 0x07, 0xe0, 0x07, 0xe0, 
    0x07, 0xe0, 0x07, 0xe0, 0x07, 0xe0, 0x07, 0xe0, 0x07, 0xe0, 0x07, 0xe0, 0x07, 0xe0, 0x07, 0xe0, 
    0x07, 0xe0, 0x07, 0xe0, 0x07, 0xe0, 0x07, 0xe0, 0x07, 0xe0, 0x07, 0xe0, 0x07, 0xe0, 0x07, 0xe0, 
    0x49, 0x25, 0xca, 0xc9, 0xca, 0xc9, 0xca, 0xc9, 0xca, 0xc9, 0x49, 0x25, 0xca, 0xc9, 0xca, 0xc9, 
    0x79, 0x65, 0x39, 0x46, 0xbb, 0x6a, 0x92, 0x87, 0x92, 0x87, 0x92, 0x87, 0x92, 0x87, 0x92, 0x87, 
    0x39, 0x46, 0x69, 0x25, 0x79, 0x65, 0x79, 0x65, 0x49, 0x25, 0x79, 0x65, 0x79, 0x65, 0x79, 0x65, 
    0x79, 0x65, 0x49, 0x25, 0x07, 0xe0, 0x07, 0xe0, 0x07, 0xe0, 0x07, 0xe0, 0x07, 0xe0, 0x07, 0xe0, 
    0x07, 0xe0, 0x07, 0xe0, 0x07, 0xe0, 0x07, 0xe0, 0x07, 0xe0, 0x07, 0xe0, 0x07, 0xe0, 0x07, 0xe0, 
    0x07, 0xe0, 0x07, 0xe0, 0x07, 0xe0, 0x07, 0xe0, 0x07, 0xe0, 0x07, 0xe0, 0x07, 0xe0, 0x07, 0xe0, 
    0x07, 0xe0, 0x07, 0xe0, 0x07, 0xe0, 0x07, 0xe0, 0x07, 0xe0, 0x07, 0xe0, 0x07, 0xe0, 0x07, 0xe0, 
    0x07, 0xe0, 0x07, 0xe0, 0x07, 0xe0, 0x07, 0xe0, 0x07, 0xe0, 0x07, 0xe0, 0x07, 0xe0, 0x07, 0xe0, 
    0x07, 0xe0, 0x07, 0xe0, 0x49, 0x25, 0xca, 0xc9, 0xca, 0xc9, 0xca, 0xc9, 0xca, 0xc9, 0x49, 0x25, 
    0xca, 0xc9, 0xca, 0xc9, 0xca, 0xc9, 0x79, 0x65, 0x39, 0x46, 0xbb, 0x6a, 0x92, 0x87, 0x92, 0x87, 
    0x92, 0x87, 0x92, 0x87, 0x92, 0x87, 0x39, 0x46, 0x69, 0x25, 0x79, 0x65, 0x79, 0x65, 0x79, 0x65, 
    0x49, 0x25, 0x79, 0x65, 0x79, 0x65, 0x79, 0x65, 0x79, 0x65, 0x49, 0x25, 0x07, 0xe0, 0x07, 0xe0, 
    0x07, 0xe0, 0x07, 0xe0, 0x07, 0xe0, 0x07, 0xe0, 0x07, 0xe0, 0x07, 0xe0, 0x07, 0xe0, 0x07, 0xe0, 
    0x07, 0xe0, 0x07, 0xe0, 0x07, 0xe0, 0x07, 0xe0, 0x07, 0xe0, 0x07, 0xe0, 0x07, 0xe0, 0x07, 0xe0, 
    0x07, 0xe0, 0x07, 0xe0, 0x07, 0xe0, 0x07, 0xe0, 0x07, 0xe0, 0x07, 0xe0, 0x07, 0xe0, 0x07, 0xe0, 
    0x07, 0xe0, 0x07, 0xe0, 0x07, 0xe0, 0x07, 0xe0, 0x07, 0xe0, 0x07, 0xe0, 0x07, 0xe0, 0x07, 0xe0, 
    0x07, 0xe0, 0x07, 0xe0, 0x07, 0xe0, 0x07, 0xe0, 0x49, 0x25, 0x49, 0x25, 0xdb, 0x8d, 0xca, 0xc9, 
    0xca, 0xc9, 0x49, 0x25, 0xca, 0xc9, 0xca, 0xc9, 0xca, 0xc9, 0xca, 0xc9, 0x49, 0x25, 0x39, 0x46, 
    0xbb, 0x6a, 0x92, 0x87, 0x92, 0x87, 0x92, 0x87, 0x92, 0x87, 0x92, 0x87, 0x39, 0x46, 0x49, 0x25, 
    0x79, 0x65, 0x79, 0x65, 0x79, 0x65, 0x79, 0x65, 0x49, 0x25, 0x79, 0x65, 0x79, 0x65, 0xa9, 0xe7, 
    0x49, 0x25, 0x49, 0x25, 0x07, 0xe0, 0x07, 0xe0, 0x07, 0xe0, 0x07, 0xe0, 0x07, 0xe0, 0x07, 0xe0, 
    0x07, 0xe0, 0x07, 0xe0, 0x07, 0xe0, 0x07, 0xe0, 0x07, 0xe0, 0x07, 0xe0, 0x07, 0xe0, 0x07, 0xe0, 
    0x07, 0xe0, 0x07, 0xe0, 0x07, 0xe0, 0x07, 0xe0, 0x07, 0xe0, 0x07, 0xe0, 0x07, 0xe0, 0x07, 0xe0, 
    0x07, 0xe0, 0x07, 0xe0, 0x07, 0xe0, 0x07, 0xe0, 0x07, 0xe0, 0x07, 0xe0, 0x07, 0xe0, 0x07, 0xe0, 
    0x07, 0xe0, 0x07, 0xe0, 0x07, 0xe0, 0x07, 0xe0, 0x07, 0xe0, 0x07, 0xe0, 0x49, 0x25, 0xca, 0xc9, 
    0x49, 0x25, 0xdb, 0x8d, 0xdb, 0x8d, 0x49, 0x25, 0xca, 0xc9, 0xca, 0xc9, 0xca, 0xc9, 0xca, 0xc9, 
    0x49, 0x25, 0x79, 0x65, 0x39, 0x46, 0xbb, 0x6a, 0x92, 0x87, 0x92, 0x87, 0x92, 0x87, 0x92, 0x87, 
    0x92, 0x87, 0x39, 0x46, 0x69, 0x25, 0x49, 0x25, 0x79, 0x65, 0x79, 0x65, 0x79, 0x65, 0x79, 0x65, 
    0x49, 0x25, 0xa9, 0xe7, 0xa9, 0xe7, 0x49, 0x25, 0x79, 0x65, 0x49, 0x25, 0x07, 0xe0, 0x07, 0xe0, 
    0x07, 0xe0, 0x07, 0xe0, 0x07, 0xe0, 0x07, 0xe0, 0x07, 0xe0, 0x07, 0xe0, 0x07, 0xe0, 0x07, 0xe0, 
    0x07, 0xe0, 0x07, 0xe0, 0x07, 0xe0, 0x07, 0xe0, 0x07, 0xe0, 0x07, 0xe0, 0x07, 0xe0, 0x07, 0xe0, 
    0x07, 0xe0, 0x07, 0xe0, 0x07, 0xe0, 0x07, 0xe0, 0x07, 0xe0, 0x07, 0xe0, 0x07, 0xe0, 0x07, 0xe0, 
    0x07, 0xe0, 0x07, 0xe0, 0x07, 0xe0, 0x07, 0xe0, 0x07, 0xe0, 0x07, 0xe0, 0x07, 0xe0, 0x07, 0xe0, 
    0x49, 0x25, 0xca, 0xc9, 0xca, 0xc9, 0x49, 0x25, 0xdb, 0x8d, 0x49, 0x25, 0x49, 0x25, 0xca, 0xc9, 
    0xca, 0xc9, 0xca, 0xc9, 0x49, 0x25, 0xca, 0xc9, 0x79, 0x65, 0x39, 0x46, 0xbb, 0x6a, 0x92, 0x87, 
    0x92, 0x87, 0x92, 0x87, 0x92, 0x87, 0x92, 0x87, 0x39, 0x46, 0x69, 0x25, 0x79, 0x65, 0x49, 0x25, 
    0x79, 0x65, 0x79, 0x65, 0xa9, 0xe7, 0x49, 0x25, 0x49, 0x25, 0xa9, 0xe7, 0x49, 0x25, 0x79, 0x65, 
    0x79, 0x65, 0x49, 0x25, 0x07, 0xe0, 0x07, 0xe0, 0x07, 0xe0, 0x07, 0xe0, 0x07, 0xe0, 0x07, 0xe0, 
    0x07, 0xe0, 0x07, 0xe0, 0x07, 0xe0, 0x07, 0xe0, 0x07, 0xe0, 0x07, 0xe0, 0x07, 0xe0, 0x07, 0xe0, 
    0x07, 0xe0, 0x07, 0xe0, 0x07, 0xe0, 0x07, 0xe0, 0x07, 0xe0, 0x07, 0xe0, 0x07, 0xe0, 0x07, 0xe0, 
    0x07, 0xe0, 0x07, 0xe0, 0x07, 0xe0, 0x07, 0xe0, 0x07, 0xe0, 0x07, 0xe0, 0x07, 0xe0, 0x07, 0xe0, 
    0x07, 0xe0, 0x07, 0xe0, 0x49, 0x25, 0xca, 0xc9, 0xca, 0xc9, 0xca, 0xc9, 0x49, 0x25, 0x49, 0x25, 
    0xca, 0xc9, 0x49, 0x25, 0xca, 0xc9, 0xdb, 0x8d, 0x49, 0x25, 0xca, 0xc9, 0xca, 0xc9, 0x79, 0x65, 
    0x39, 0x46, 0xbb, 0x6a, 0x92, 0x87, 0x92, 0x87, 0x92, 0x87, 0x92, 0x87, 0x92, 0x87, 0x39, 0x46, 
    0x69, 0x25, 0x79, 0x65, 0x79, 0x65, 0x49, 0x25, 0xa9, 0xe7, 0xa9, 0xe7, 0x49, 0x25, 0x79, 0x65, 
    0x49, 0x25, 0x49, 0x25, 0x79, 0x65, 0x79, 0x65, 0x79, 0x65, 0x49, 0x25, 0x07, 0xe0, 0x07, 0xe0, 
    0x07, 0xe0, 0x07, 0xe0, 0x07, 0xe0, 0x07, 0xe0, 0x07, 0xe0, 0x07, 0xe0, 0x07, 0xe0, 0x07, 0xe0, 
    0x07, 0xe0, 0x07, 0xe0, 0x07, 0xe0, 0x07, 0xe0, 0x07, 0xe0, 0x07, 0xe0, 0x07, 0xe0, 0x07, 0xe0, 
    0x07, 0xe0, 0x07, 0xe0, 0x07, 0xe0, 0x07, 0xe0, 0x07, 0xe0, 0x07, 0xe0, 0x07, 0xe0, 0x07, 0xe0, 
    0x07, 0xe0, 0x07, 0xe0, 0x07, 0xe0, 0x07, 0xe0, 0x49, 0x25, 0xca, 0xc9, 0xca, 0xc9, 0xca, 0xc9, 
    0xca, 0xc9, 0x49, 0x25, 0xca, 0xc9, 0xca, 0xc9, 0x49, 0x25, 0xdb, 0x8d, 0x49, 0x25, 0x49, 0x25, 
    0xca, 0xc9, 0xca, 0xc9, 0x79, 0x65, 0x39, 0x46, 0xbb, 0x6a, 0x92, 0x87, 0x92, 0x87, 0x92, 0x87, 
    0x92, 0x87, 0x92, 0x87, 0x39, 0x46, 0x69, 0x25, 0x79, 0x65, 0x79, 0x65, 0x49, 0x25, 0x49, 0x25, 
    0xa9, 0xe7, 0x49, 0x25, 0x79, 0x65, 0x79, 0x65, 0x49, 0x25, 0x79, 0x65, 0x79, 0x65, 0x79, 0x65, 
    0x79, 0x65, 0x49, 0x25, 0x07, 0xe0, 0x07, 0xe0, 0x07, 0xe0, 0x07, 0xe0, 0x07, 0xe0, 0x07, 0xe0, 
    0x07, 0xe0, 0x07, 0xe0, 0x07, 0xe0, 0x07, 0xe0, 0x07, 0xe0, 0x07, 0xe0, 0x07, 0xe0, 0x07, 0xe0, 
    0x07, 0xe0, 0x07, 0xe0, 0x07, 0xe0, 0x07, 0xe0, 0x07, 0xe0, 0x07, 0xe0, 0x07, 0xe0, 0x07, 0xe0, 
    0x07, 0xe0, 0x07, 0xe0, 0x07, 0xe0, 0x07, 0xe0, 0x07, 0xe0, 0x07, 0xe0, 0x49, 0x25, 0x49, 0x25, 
    0xca, 0xc9, 0xca, 0xc9, 0xca, 0xc9, 0x49, 0x25, 0xca, 0xc9, 0xca, 0xc9, 0xca, 0xc9, 0x49, 0x25, 
    0x49, 0x25, 0xca, 0xc9, 0x49, 0x25, 0xca, 0xc9, 0xdb, 0x8d, 0x49, 0x25, 0x39, 0x46, 0xbb, 0x6a, 
    0x92, 0x87, 0x92, 0x87, 0x92, 0x87, 0x92, 0x87, 0x92, 0x87, 0x39, 0x46, 0x49, 0x25, 0x79, 0x65, 
    0x79, 0x65, 0x49, 0x25, 0x79, 0x65, 0x49, 0x25, 0x49, 0x25, 0x79, 0x65, 0x79, 0x65, 0x79, 0x65, 
    0x49, 0x25, 0x79, 0x65, 0x79, 0x65, 0x79, 0x65, 0x49, 0x25, 0x49, 0x25, 0x07, 0xe0, 0x07, 0xe0, 
    0x07, 0xe0, 0x07, 0xe0, 0x07, 0xe0, 0x07, 0xe0, 0x07, 0xe0, 0x07, 0xe0, 0x07, 0xe0, 0x07, 0xe0, 
    0x07, 0xe0, 0x07, 0xe0, 0x07, 0xe0, 0x07, 0xe0, 0x07, 0xe0, 0x07, 0xe0, 0x07, 0xe0, 0x07, 0xe0, 
    0x07, 0xe0, 0x07, 0xe0, 0x07, 0xe0, 0x07, 0xe0, 0x07, 0xe0, 0x07, 0xe0, 0x07, 0xe0, 0x07, 0xe0, 
    0x49, 0x25, 0xca, 0xc9, 0x49, 0x25, 0xca, 0xc9, 0xdb, 0x8d, 0x49, 0x25, 0xca, 0xc9, 0xca, 0xc9, 
    0xca, 0xc9, 0xca, 0xc9, 0x49, 0x25, 0xca, 0xc9, 0xca, 0xc9, 0x49, 0x25, 0xdb, 0x8d, 0x49, 0x25, 
    0x79, 0x65, 0x39, 0x46, 0xbb, 0x6a, 0x92, 0x87, 0x92, 0x87, 0x92, 0x87, 0x92, 0x87, 0x92, 0x87, 
    0x39, 0x46, 0x69, 0x25, 0x49, 0x25, 0x79, 0x65, 0x49, 0x25, 0x79, 0x65, 0x79, 0x65, 0x49, 0x25, 
    0x79, 0x65, 0x79, 0x65, 0x79, 0x65, 0x79, 0x65, 0x49, 0x25, 0xa9, 0xe7, 0x79, 0x65, 0x49, 0x25, 
    0x79, 0x65, 0x49, 0x25, 0x07, 0xe0, 0x07, 0xe0, 0x07, 0xe0, 0x07, 0xe0, 0x07, 0xe0, 0x07, 0xe0, 
    0x07, 0xe0, 0x07, 0xe0, 0x07, 0xe0, 0x07, 0xe0, 0x07, 0xe0, 0x07, 0xe0, 0x07, 0xe0, 0x07, 0xe0, 
    0x07, 0xe0, 0x07, 0xe0, 0x07, 0xe0, 0x07, 0xe0, 0x07, 0xe0, 0x07, 0xe0, 0x07, 0xe0, 0x07, 0xe0, 
    0x07, 0xe0, 0x07, 0xe0, 0x49, 0x25, 0xca, 0xc9, 0xca, 0xc9, 0x49, 0x25, 0xdb, 0x8d, 0x49, 0x25, 
    0x49, 0x25, 0xca, 0xc9, 0xca, 0xc9, 0xca, 0xc9, 0x49, 0x25, 0xca, 0xc9, 0xca, 0xc9, 0xca, 0xc9, 
    0x49, 0x25, 0x49, 0x25, 0xca, 0xc9, 0x79, 0x65, 0x39, 0x46, 0xbb, 0x6a, 0x92, 0x87, 0x92, 0x87, 
    0x92, 0x87, 0x92, 0x87, 0x92, 0x87, 0x39, 0x46, 0x69, 0x25, 0x79, 0x65, 0x49, 0x25, 0x49, 0x25, 
    0x79, 0x65, 0x79, 0x65, 0x79, 0x65, 0x49, 0x25, 0x79, 0x65, 0x79, 0x65, 0x79, 0x65, 0x49, 0x25, 
    0x49, 0x25, 0xa9, 0xe7, 0x49, 0x25, 0x79, 0x65, 0x79, 0x65, 0x49, 0x25, 0x07, 0xe0, 0x07, 0xe0, 
    0x07, 0xe0, 0x07, 0xe0, 0x07, 0xe0, 0x07, 0xe0, 0x07, 0xe0, 0x07, 0xe0, 0x07, 0xe0, 0x07, 0xe0, 
    0x07, 0xe0, 0x07, 0xe0, 0x07, 0xe0, 0x07, 0xe0, 0x07, 0xe0, 0x07, 0xe0, 0x07, 0xe0, 0x07, 0xe0, 
    0x07, 0xe0, 0x07, 0xe0, 0x07, 0xe0, 0x07, 0xe0, 0x49, 0x25, 0xca, 0xc9, 0xca, 0xc9, 0xca, 0xc9, 
    0x49, 0x25, 0x49, 0x25, 0xca, 0xc9, 0x49, 0x25, 0xca, 0xc9, 0xdb, 0x8d, 0x49, 0x25, 0xca, 0xc9, 
    0xca, 0xc9, 0xca, 0xc9, 0xca, 0xc9, 0x49, 0x25, 0xca, 0xc9, 0xca, 0xc9, 0x79, 0x65, 0x39, 0x46, 
    0xbb, 0x6a, 0x92, 0x87, 0x92, 0x87, 0x92, 0x87, 0x92, 0x87, 0x92, 0x87, 0x39, 0x46, 0x69, 0x25, 
    0x79, 0x65, 0x79, 0x65, 0x49, 0x25, 0x79, 0x65, 0x79, 0x65, 0x79, 0x65, 0x79, 0x65, 0x49, 0x25, 
    0xa9, 0xe7, 0x79, 0x65, 0x49, 0x25, 0x79, 0x65, 0x49, 0x25, 0x49, 0x25, 0x79, 0x65, 0x79, 0x65, 
    0x79, 0x65, 0x49, 0x25, 0x07, 0xe0, 0x07, 0xe0, 0x07, 0xe0, 0x07, 0xe0, 0x07, 0xe0, 0x07, 0xe0, 
    0x07, 0xe0, 0x07, 0xe0, 0x07, 0xe0, 0x07, 0xe0, 0x07, 0xe0, 0x07, 0xe0, 0x07, 0xe0, 0x07, 0xe0, 
    0x07, 0xe0, 0x07, 0xe0, 0x07, 0xe0, 0x07, 0xe0, 0x07, 0xe0, 0x07, 0xe0, 0x49, 0x25, 0xca, 0xc9, 
    0xca, 0xc9, 0xca, 0xc9, 0xca, 0xc9, 0x49, 0x25, 0xca, 0xc9, 0xca, 0xc9, 0x49, 0x25, 0xdb, 0x8d, 
    0x49, 0x25, 0xca, 0xc9, 0xca, 0xc9, 0xca, 0xc9, 0xca, 0xc9, 0x49, 0x25, 0xca, 0xc9, 0xca, 0xc9, 
    0xca, 0xc9, 0x79, 0x65, 0x39, 0x46, 0xbb, 0x6a, 0x92, 0x87, 0x92, 0x87, 0x92, 0x87, 0x92, 0x87, 
    0x92, 0x87, 0x39, 0x46, 0x69, 0x25, 0x79, 0x65, 0x79, 0x65, 0x79, 0x65, 0x49, 0x25, 0x79, 0x65, 
    0x79, 0x65, 0x79, 0x65, 0x79, 0x65, 0x49, 0x25, 0xa9, 0xe7, 0x49, 0x25, 0x79, 0x65, 0x79, 0x65, 
    0x49, 0x25, 0x79, 0x65, 0x79, 0x65, 0x79, 0x65, 0x79, 0x65, 0x49, 0x25, 0x07, 0xe0, 0x07, 0xe0, 
    0x07, 0xe0, 0x07, 0xe0, 0x07, 0xe0, 0x07, 0xe0, 0x07, 0xe0, 0x07, 0xe0, 0x07, 0xe0, 0x07, 0xe0, 
    0x07, 0xe0, 0x07, 0xe0, 0x07, 0xe0, 0x07, 0xe0, 0x07, 0xe0, 0x07, 0xe0, 0x07, 0xe0, 0x07, 0xe0, 
    0x49, 0x25, 0x49, 0x25, 0xdb, 0x8d, 0xca, 0xc9, 0xdb, 0x8d, 0x49, 0x25, 0xca, 0xc9, 0xca, 0xc9, 
    0xca, 0xc9, 0x49, 0x25, 0x49, 0x25, 0x49, 0x25, 0xdb, 0x8d, 0xca, 0xc9, 0xca, 0xc9, 0x49, 0x25, 
    0xca, 0xc9, 0xca, 0xc9, 0xca, 0xc9, 0xca, 0xc9, 0x49, 0x25, 0x39, 0x46, 0xbb, 0x6a, 0x92, 0x87, 
    0x92, 0x87, 0x92, 0x87, 0x92, 0x87, 0x92, 0x87, 0x39, 0x46, 0x49, 0x25, 0x79, 0x65, 0x79, 0x65, 
    0x79, 0x65, 0x79, 0x65, 0x49, 0x25, 0x79, 0x65, 0x79, 0x65, 0x79, 0x65, 0x49, 0x25, 0x49, 0x25, 
    0x49, 0x25, 0x79, 0x65, 0x79, 0x65, 0x79, 0x65, 0x49, 0x25, 0x79, 0x65, 0x79, 0x65, 0xa9, 0xe7, 
    0x49, 0x25, 0x49, 0x25, 0x07, 0xe0, 0x07, 0xe0, 0x07, 0xe0, 0x07, 0xe0, 0x07, 0xe0, 0x07, 0xe0, 
    0x07, 0xe0, 0x07, 0xe0, 0x07, 0xe0, 0x07, 0xe0, 0x07, 0xe0, 0x07, 0xe0, 0x07, 0xe0, 0x07, 0xe0, 
    0x07, 0xe0, 0x07, 0xe0, 0x49, 0x25, 0xca, 0xc9, 0x49, 0x25, 0xdb, 0x8d, 0xdb, 0x8d, 0x49, 0x25, 
    0xca, 0xc9, 0xca, 0xc9, 0xca, 0xc9, 0xca, 0xc9, 0x49, 0x25, 0xca, 0xc9, 0x49, 0x25, 0xdb, 0x8d, 
    0xdb, 0x8d, 0x49, 0x25, 0xca, 0xc9, 0xca, 0xc9, 0xca, 0xc9, 0xca, 0xc9, 0x49, 0x25, 0x79, 0x65, 
    0x39, 0x46, 0xbb, 0x6a, 0x92, 0x87, 0x92, 0x87, 0x92, 0x87, 0x92, 0x87, 0x92, 0x87, 0x39, 0x46, 
    0x69, 0x25, 0x49, 0x25, 0x79, 0x65, 0x79, 0x65, 0x79, 0x65, 0x79, 0x65, 0x49, 0x25, 0xa9, 0xe7, 
    0x79, 0x65, 0x49, 0x25, 0x79, 0x65, 0x49, 0x25, 0x79, 0x65, 0x79, 0x65, 0x79, 0x65, 0x79, 0x65, 
    0x49, 0x25, 0xa9, 0xe7, 0xa9, 0xe7, 0x49, 0x25, 0x79, 0x65, 0x49, 0x25, 0x07, 0xe0, 0x07, 0xe0, 
    0x07, 0xe0, 0x07, 0xe0, 0x07, 0xe0, 0x07, 0xe0, 0x07, 0xe0, 0x07, 0xe0, 0x07, 0xe0, 0x07, 0xe0, 
    0x07, 0xe0, 0x07, 0xe0, 0x07, 0xe0, 0x07, 0xe0, 0x49, 0x25, 0xca, 0xc9, 0xca, 0xc9, 0x49, 0x25, 
    0xdb, 0x8d, 0x49, 0x25, 0x49, 0x25, 0xca, 0xc9, 0xca, 0xc9, 0xca, 0xc9, 0x49, 0x25, 0xca, 0xc9, 
    0xca, 0xc9, 0x49, 0x25, 0xdb, 0x8d, 0x49, 0x25, 0x49, 0x25, 0xdb, 0x8d, 0xca, 0xc9, 0xca, 0xc9, 
    0x49, 0x25, 0xca, 0xc9, 0x79, 0x65, 0x39, 0x46, 0xbb, 0x6a, 0x92, 0x87, 0x92, 0x87, 0x92, 0x87, 
    0x92, 0x87, 0x92, 0x87, 0x39, 0x46, 0x69, 0x25, 0x79, 0x65, 0x49, 0x25, 0x79, 0x65, 0x79, 0x65, 
    0x79, 0x65, 0x49, 0x25, 0x49, 0x25, 0xa9, 0xe7, 0x49, 0x25, 0x79, 0x65, 0x79, 0x65, 0x49, 0x25, 
    0x79, 0x65, 0x79, 0x65, 0x79, 0x65, 0x49, 0x25, 0x49, 0x25, 0xa9, 0xe7, 0x49, 0x25, 0x79, 0x65, 
    0x79, 0x65, 0x49, 0x25, 0x07, 0xe0, 0x07, 0xe0, 0x07, 0xe0, 0x07, 0xe0, 0x07, 0xe0, 0x07, 0xe0, 
    0x07, 0xe0, 0x07, 0xe0, 0x07, 0xe0, 0x07, 0xe0, 0x07, 0xe0, 0x07, 0xe0, 0x49, 0x25, 0xca, 0xc9, 
    0xca, 0xc9, 0xca, 0xc9, 0x49, 0x25, 0x49, 0x25, 0xca, 0xc9, 0x49, 0x25, 0xca, 0xc9, 0xdb, 0x8d, 
    0x49, 0x25, 0xca, 0xc9, 0xca, 0xc9, 0xca, 0xc9, 0x49, 0x25, 0x49, 0x25, 0xca, 0xc9, 0x49, 0x25, 
    0xdb, 0x8d, 0xdb, 0x8d, 0x49, 0x25, 0xca, 0xc9, 0xca, 0xc9, 0x79, 0x65, 0x39, 0x46, 0xbb, 0x6a, 
    0x92, 0x87, 0x92, 0x87, 0x92, 0x87, 0x92, 0x87, 0x92, 0x87, 0x39, 0x46, 0x69, 0x25, 0x79, 0x65, 
    0x79, 0x65, 0x49, 0x25, 0xa9, 0xe7, 0x79, 0x65, 0x49, 0x25, 0x79, 0x65, 0x49, 0x25, 0x49, 0x25, 
    0x79, 0x65, 0x79, 0x65, 0x79, 0x65, 0x49, 0x25, 0xa9, 0xe7, 0x79, 0x65, 0x49, 0x25, 0x79, 0x65, 
    0x49, 0x25, 0x49, 0x25, 0x79, 0x65, 0x79, 0x65, 0x79, 0x65, 0x49, 0x25, 0x07, 0xe0, 0x07, 0xe0, 
    0x07, 0xe0, 0x07, 0xe0, 0x07, 0xe0, 0x07, 0xe0, 0x07, 0xe0, 0x07, 0xe0, 0x07, 0xe0, 0x07, 0xe0, 
    0x49, 0x25, 0xca, 0xc9, 0xca, 0xc9, 0xca, 0xc9, 0xca, 0xc9, 0x49, 0x25, 0xca, 0xc9, 0xca, 0xc9, 
    0x49, 0x25, 0xdb, 0x8d, 0x49, 0x25, 0xca, 0xc9, 0xca, 0xc9, 0xca, 0xc9, 0xca, 0xc9, 0x49, 0x25, 
    0xca, 0xc9, 0xca, 0xc9, 0x49, 0x25, 0xdb, 0x8d, 0x49, 0x25, 0x49, 0x25, 0xca, 0xc9, 0xca, 0xc9, 
    0x79, 0x65, 0x39, 0x46, 0xbb, 0x6a, 0x92, 0x87, 0x92, 0x87, 0x92, 0x87, 0x92, 0x87, 0x92, 0x87, 
    0x39, 0x46, 0x69, 0x25, 0x79, 0x65, 0x79, 0x65, 0x49, 0x25, 0x49, 0x25, 0xa9, 0xe7, 0x49, 0x25, 
    0x79, 0x65, 0x79, 0x65, 0x49, 0x25, 0x79, 0x65, 0x79, 0x65, 0x79, 0x65, 0x79, 0x65, 0x49, 0x25, 
    0xa9, 0xe7, 0x49, 0x25, 0x79, 0x65, 0x79, 0x65, 0x49, 0x25, 0x79, 0x65, 0x79, 0x65, 0x79, 0x65, 
    0x79, 0x65, 0x49, 0x25, 0x07, 0xe0, 0x07, 0xe0, 0x07, 0xe0, 0x07, 0xe0, 0x07, 0xe0, 0x07, 0xe0, 
    0x07, 0xe0, 0x07, 0xe0, 0x49, 0x25, 0x49, 0x25, 0xca, 0xc9, 0xca, 0xc9, 0xdb, 0x8d, 0x49, 0x25, 
    0xca, 0xc9, 0xca, 0xc9, 0xca, 0xc9, 0x49, 0x25, 0x49, 0x25, 0x49, 0x25, 0xca, 0xc9, 0xca, 0xc9, 
    0xdb, 0x8d, 0x49, 0x25, 0xca, 0xc9, 0xca, 0xc9, 0xca, 0xc9, 0x49, 0x25, 0x49, 0x25, 0xca, 0xc9, 
    0x49, 0x25, 0xca, 0xc9, 0xdb, 0x8d, 0x49, 0x25, 0x39, 0x46, 0xbb, 0x6a, 0x92, 0x87, 0x92, 0x87, 
    0x92, 0x87, 0x92, 0x87, 0x92, 0x87, 0x39, 0x46, 0x49, 0x25, 0x79, 0x65, 0x79, 0x65, 0x49, 0x25, 
    0x79, 0x65, 0x49, 0x25, 0x49, 0x25, 0x79, 0x65, 0x79, 0x65, 0x79, 0x65, 0x49, 0x25, 0xa9, 0xe7, 
    0x79, 0x65, 0xa9, 0xe7, 0x49, 0x25, 0x49, 0x25, 0x49, 0x25, 0x79, 0x65, 0x79, 0x65, 0x79, 0x65, 
    0x49, 0x25, 0xa9, 0xe7, 0x79, 0x65, 0xa9, 0xe7, 0x49, 0x25, 0x49, 0x25, 0x07, 0xe0, 0x07, 0xe0, 
    0x07, 0xe0, 0x07, 0xe0, 0x07, 0xe0, 0x07, 0xe0, 0x49, 0x25, 0xca, 0xc9, 0x49, 0x25, 0xca, 0xc9, 
    0xdb, 0x8d, 0x49, 0x25, 0xca, 0xc9, 0xca, 0xc9, 0xca, 0xc9, 0xca, 0xc9, 0x49, 0x25, 0xca, 0xc9, 
    0x49, 0x25, 0xca, 0xc9, 0xdb, 0x8d, 0x49, 0x25, 0xca, 0xc9, 0xca, 0xc9, 0xca, 0xc9, 0xca, 0xc9, 
    0x49, 0x25, 0xca, 0xc9, 0xca, 0xc9, 0x49, 0x25, 0xdb, 0x8d, 0x49, 0x25, 0x79, 0x65, 0x39, 0x46, 
    0xbb, 0x6a, 0x92, 0x87, 0x92, 0x87, 0x92, 0x87, 0x92, 0x87, 0x92, 0x87, 0x39, 0x46, 0x69, 0x25, 
    0x49, 0x25, 0x79, 0x65, 0x49, 0x25, 0x79, 0x65, 0x79, 0x65, 0x49, 0x25, 0x79, 0x65, 0x79, 0x65, 
    0x79, 0x65, 0x79, 0x65, 0x49, 0x25, 0xa9, 0xe7, 0xa9, 0xe7, 0x49, 0x25, 0x79, 0x65, 0x49, 0x25, 
    0x79, 0x65, 0x79, 0x65, 0x79, 0x65, 0x79, 0x65, 0x49, 0x25, 0xa9, 0xe7, 0xa9, 0xe7, 0x49, 0x25, 
    0x79, 0x65, 0x49, 0x25, 0x07, 0xe0, 0x07, 0xe0, 0x07, 0xe0, 0x07, 0xe0, 0x49, 0x25, 0xca, 0xc9, 
    0xca, 0xc9, 0x49, 0x25, 0xdb, 0x8d, 0x49, 0x25, 0x49, 0x25, 0xca, 0xc9, 0xca, 0xc9, 0xca, 0xc9, 
    0x49, 0x25, 0xca, 0xc9, 0xca, 0xc9, 0x49, 0x25, 0xdb, 0x8d, 0x49, 0x25, 0x49, 0x25, 0xdb, 0x8d, 
    0xca, 0xc9, 0xca, 0xc9, 0x49, 0x25, 0xca, 0xc9, 0xca, 0xc9, 0xca, 0xc9, 0x49, 0x25, 0x49, 0x25, 
    0xca, 0xc9, 0x79, 0x65, 0x39, 0x46, 0xbb, 0x6a, 0x92, 0x87, 0x92, 0x87, 0x92, 0x87, 0x92, 0x87, 
    0x92, 0x87, 0x39, 0x46, 0x69, 0x25, 0x79, 0x65, 0x49, 0x25, 0x49, 0x25, 0x79, 0x65, 0x79, 0x65, 
    0x79, 0x65, 0x49, 0x25, 0x79, 0x65, 0x79, 0x65, 0x79, 0x65, 0x49, 0x25, 0x49, 0x25, 0xa9, 0xe7, 
    0x49, 0x25, 0x79, 0x65, 0x79, 0x65, 0x49, 0x25, 0x79, 0x65, 0x79, 0x65, 0x79, 0x65, 0x49, 0x25, 
    0x49, 0x25, 0xa9, 0xe7, 0x49, 0x25, 0x79, 0x65, 0x79, 0x65, 0x49, 0x25, 0x07, 0xe0, 0x07, 0xe0, 
    0x49, 0x25, 0xca, 0xc9, 0xca, 0xc9, 0xca, 0xc9, 0x49, 0x25, 0x49, 0x25, 0xca, 0xc9, 0x49, 0x25, 
    0xca, 0xc9, 0xdb, 0x8d, 0x49, 0x25, 0xca, 0xc9, 0xca, 0xc9, 0xca, 0xc9, 0x49, 0x25, 0x49, 0x25, 
    0xca, 0xc9, 0x49, 0x25, 0xdb, 0x8d, 0xdb, 0x8d, 0x49, 0x25, 0xca, 0xc9, 0xca, 0xc9, 0xca, 0xc9, 
    0xca, 0xc9, 0x49, 0x25, 0xca, 0xc9, 0xca, 0xc9, 0x79, 0x65, 0x39, 0x46, 0xbb, 0x6a, 0x92, 0x87, 
    0x92, 0x87, 0x92, 0x87, 0x92, 0x87, 0x92, 0x87, 0x39, 0x46, 0x69, 0x25, 0x79, 0x65, 0x79, 0x65, 
    0x49, 0x25, 0x79, 0x65, 0x79, 0x65, 0x79, 0x65, 0x79, 0x65, 0x49, 0x25, 0xa9, 0xe7, 0x79, 0x65, 
    0x49, 0x25, 0x79, 0x65, 0x49, 0x25, 0x49, 0x25, 0x79, 0x65, 0x79, 0x65, 0x79, 0x65, 0x49, 0x25, 
    0xa9, 0xe7, 0x79, 0x65, 0x49, 0x25, 0x79, 0x65, 0x49, 0x25, 0x49, 0x25, 0x79, 0x65, 0x79, 0x65, 
    0x79, 0x65, 0x49, 0x25, 0x07, 0xe0, 0x49, 0x25, 0xca, 0xc9, 0xca, 0xc9, 0xca, 0xc9, 0x49, 0x25, 
    0xca, 0xc9, 0xca, 0xc9, 0x49, 0x25, 0xdb, 0x8d, 0x49, 0x25, 0xca, 0xc9, 0xca, 0xc9, 0xca, 0xc9, 
    0xca, 0xc9, 0x49, 0x25, 0xca, 0xc9, 0xca, 0xc9, 0x49, 0x25, 0xdb, 0x8d, 0x49, 0x25, 0xca, 0xc9, 
    0xca, 0xc9, 0xca, 0xc9, 0xca, 0xc9, 0x49, 0x25, 0xca, 0xc9, 0xca, 0xc9, 0xca, 0xc9, 0x79, 0x65, 
    0x39, 0x46, 0xbb, 0x6a, 0x92, 0x87, 0x92, 0x87, 0x92, 0x87, 0x92, 0x87, 0x92, 0x87, 0x39, 0x46, 
    0x69, 0x25, 0x79, 0x65, 0x79, 0x65, 0x79, 0x65, 0x49, 0x25, 0x79, 0x65, 0x79, 0x65, 0x79, 0x65, 
    0x79, 0x65, 0x49, 0x25, 0xa9, 0xe7, 0x49, 0x25, 0x79, 0x65, 0x79, 0x65, 0x49, 0x25, 0x79, 0x65, 
    0x79, 0x65, 0x79, 0x65, 0x79, 0x65, 0x49, 0x25, 0xa9, 0xe7, 0x49, 0x25, 0x79, 0x65, 0x79, 0x65, 
    0x49, 0x25, 0xa9, 0xe7, 0x79, 0x65, 0xa9, 0xe7, 0x49, 0x25, 0x07, 0xe0, 0x49, 0x25, 0xca, 0xc9, 
    0xdb, 0x8d, 0x49, 0x25, 0xca, 0xc9, 0xca, 0xc9, 0xca, 0xc9, 0x49, 0x25, 0x49, 0x25, 0x49, 0x25, 
    0xca, 0xc9, 0xca, 0xc9, 0xca, 0xc9, 0x49, 0x25, 0xca, 0xc9, 0xca, 0xc9, 0xca, 0xc9, 0x49, 0x25, 
    0x49, 0x25, 0x49, 0x25, 0xca, 0xc9, 0xca, 0xc9, 0xca, 0xc9, 0x49, 0x25, 0xca, 0xc9, 0xca, 0xc9, 
    0xca, 0xc9, 0xca, 0xc9, 0x49, 0x25, 0x39, 0x46, 0xbb, 0x6a, 0x92, 0x87, 0x92, 0x87, 0x92, 0x87, 
    0x92, 0x87, 0x92, 0x87, 0x39, 0x46, 0x49, 0x25, 0x79, 0x65, 0x79, 0x65, 0x79, 0x65, 0x79, 0x65, 
    0x49, 0x25, 0x79, 0x65, 0x79, 0x65, 0xa9, 0xe7, 0x49, 0x25, 0x49, 0x25, 0x49, 0x25, 0x79, 0x65, 
    0x79, 0x65, 0x79, 0x65, 0x49, 0x25, 0x79, 0x65, 0x79, 0x65, 0xa9, 0xe7, 0x49, 0x25, 0x49, 0x25, 
    0x49, 0x25, 0x79, 0x65, 0x79, 0x65, 0x79, 0x65, 0x49, 0x25, 0xa9, 0xe7, 0xa9, 0xe7, 0x49, 0x25, 
    0x07, 0xe0, 0x49, 0x25, 0xdb, 0x8d, 0x49, 0x25, 0xca, 0xc9, 0xca, 0xc9, 0xca, 0xc9, 0xca, 0xc9, 
    0x49, 0x25, 0xca, 0xc9, 0x49, 0x25, 0xca, 0xc9, 0xdb, 0x8d, 0x49, 0x25, 0xca, 0xc9, 0xca, 0xc9, 
    0xca, 0xc9, 0xca, 0xc9, 0x49, 0x25, 0xca, 0xc9, 0x49, 0x25, 0xca, 0xc9, 0xdb, 0x8d, 0x49, 0x25, 
    0xca, 0xc9, 0xca, 0xc9, 0xca, 0xc9, 0xca, 0xc9, 0x49, 0x25, 0x79, 0x65, 0x39, 0x46, 0xbb, 0x6a, 
    0x92, 0x87, 0x92, 0x87, 0x92, 0x87, 0x92, 0x87, 0x92, 0x87, 0x39, 0x46, 0x69, 0x25, 0x49, 0x25, 
    0x79, 0x65, 0x79, 0x65, 0x79, 0x65, 0x79, 0x65, 0x49, 0x25, 0xa9, 0xe7, 0xa9, 0xe7, 0x49, 0x25, 
    0x79, 0x65, 0x49, 0x25, 0x79, 0x65, 0x79, 0x65, 0x79, 0x65, 0x79, 0x65, 0x49, 0x25, 0xa9, 0xe7, 
    0xa9, 0xe7, 0x49, 0x25, 0x79, 0x65, 0x49, 0x25, 0x79, 0x65, 0x79, 0x65, 0x79, 0x65, 0x79, 0x65, 
    0x49, 0x25, 0xa9, 0xe7, 0x49, 0x25, 0x07, 0xe0, 0x49, 0x25, 0x49, 0x25, 0x49, 0x25, 0xdb, 0x8d, 
    0xca, 0xc9, 0xca, 0xc9, 0x49, 0x25, 0xca, 0xc9, 0xca, 0xc9, 0x49, 0x25, 0xdb, 0x8d, 0x49, 0x25, 
    0x49, 0x25, 0xca, 0xc9, 0xca, 0xc9, 0xca, 0xc9, 0x49, 0x25, 0xca, 0xc9, 0xca, 0xc9, 0x49, 0x25, 
    0xdb, 0x8d, 0x49, 0x25, 0x49, 0x25, 0xdb, 0x8d, 0xca, 0xc9, 0xca, 0xc9, 0x49, 0x25, 0xca, 0xc9, 
    0x79, 0x65, 0x39, 0x46, 0xbb, 0x6a, 0x92, 0x87, 0x92, 0x87, 0x92, 0x87, 0x92, 0x87, 0x92, 0x87, 
    0x39, 0x46, 0x69, 0x25, 0x79, 0x65, 0x49, 0x25, 0x79, 0x65, 0x79, 0x65, 0x79, 0x65, 0x49, 0x25, 
    0x49, 0x25, 0xa9, 0xe7, 0x49, 0x25, 0x79, 0x65, 0x79, 0x65, 0x49, 0x25, 0x79, 0x65, 0x79, 0x65, 
    0x79, 0x65, 0x49, 0x25, 0x49, 0x25, 0xa9, 0xe7, 0x49, 0x25, 0x79, 0x65, 0x79, 0x65, 0x49, 0x25, 
    0x79, 0x65, 0x79, 0x65, 0x79, 0x65, 0x49, 0x25, 0x49, 0x25, 0x49, 0x25, 0x07, 0xe0, 0x07, 0xe0, 
    0x07, 0xe0, 0x49, 0x25, 0xdb, 0x8d, 0xdb, 0x8d, 0x49, 0x25, 0xca, 0xc9, 0xca, 0xc9, 0xca, 0xc9, 
    0x49, 0x25, 0x49, 0x25, 0xca, 0xc9, 0x49, 0x25, 0xca, 0xc9, 0xdb, 0x8d, 0x49, 0x25, 0xca, 0xc9, 
    0xca, 0xc9, 0xca, 0xc9, 0x49, 0x25, 0x49, 0x25, 0xca, 0xc9, 0x49, 0x25, 0xdb, 0x8d, 0xdb, 0x8d, 
    0x49, 0x25, 0xca, 0xc9, 0xca, 0xc9, 0x79, 0x65, 0x39, 0x46, 0xbb, 0x6a, 0x92, 0x87, 0x92, 0x87, 
    0x92, 0x87, 0x92, 0x87, 0x92, 0x87, 0x39, 0x46, 0x69, 0x25, 0x79, 0x65, 0x79, 0x65, 0x49, 0x25, 
    0xa9, 0xe7, 0x79, 0x65, 0x49, 0x25, 0x79, 0x65, 0x49, 0x25, 0x49, 0x25, 0x79, 0x65, 0x79, 0x65, 
    0x79, 0x65, 0x49, 0x25, 0xa9, 0xe7, 0x79, 0x65, 0x49, 0x25, 0x79, 0x65, 0x49, 0x25, 0x49, 0x25, 
    0x79, 0x65, 0x79, 0x65, 0x79, 0x65, 0x49, 0x25, 0xa9, 0xe7, 0x79, 0x65, 0x49, 0x25, 0x07, 0xe0, 
    0x07, 0xe0, 0x07, 0xe0, 0x07, 0xe0, 0x07, 0xe0, 0x49, 0x25, 0xdb, 0x8d, 0x49, 0x25, 0xca, 0xc9, 
    0xca, 0xc9, 0xca, 0xc9, 0xca, 0xc9, 0x49, 0x25, 0xca, 0xc9, 0xca, 0xc9, 0x49, 0x25, 0xdb, 0x8d, 
    0x49, 0x25, 0xca, 0xc9, 0xca, 0xc9, 0xca, 0xc9, 0xca, 0xc9, 0x49, 0x25, 0xca, 0xc9, 0xca, 0xc9, 
    0x49, 0x25, 0xdb, 0x8d, 0x49, 0x25, 0x49, 0x25, 0xca, 0xc9, 0xca, 0xc9, 0x79, 0x65, 0x39, 0x46, 
    0xbb, 0x6a, 0x92, 0x87, 0x92, 0x87, 0x92, 0x87, 0x92, 0x87, 0x92, 0x87, 0x39, 0x46, 0x69, 0x25, 
    0x79, 0x65, 0x79, 0x65, 0x49, 0x25, 0x49, 0x25, 0xa9, 0xe7, 0x49, 0x25, 0x79, 0x65, 0x79, 0x65, 
    0x49, 0x25, 0x79, 0x65, 0x79, 0x65, 0x79, 0x65, 0x79, 0x65, 0x49, 0x25, 0xa9, 0xe7, 0x49, 0x25, 
    0x79, 0x65, 0x79, 0x65, 0x49, 0x25, 0x79, 0x65, 0x79, 0x65, 0x79, 0x65, 0x79, 0x65, 0x49, 0x25, 
    0xa9, 0xe7, 0x49, 0x25, 0x07, 0xe0, 0x07, 0xe0, 0x07, 0xe0, 0x07, 0xe0, 0x07, 0xe0, 0x49, 0x25, 
    0x49, 0x25, 0x49, 0x25, 0xca, 0xc9, 0xca, 0xc9, 0xca, 0xc9, 0x49, 0x25, 0xca, 0xc9, 0xca, 0xc9, 
    0xca, 0xc9, 0x49, 0x25, 0x49, 0x25, 0x49, 0x25, 0xca, 0xc9, 0xca, 0xc9, 0xca, 0xc9, 0x49, 0x25, 
    0xca, 0xc9, 0xca, 0xc9, 0xca, 0xc9, 0x49, 0x25, 0x49, 0x25, 0xca, 0xc9, 0x49, 0x25, 0xca, 0xc9, 
    0xdb, 0x8d, 0x49, 0x25, 0x39, 0x46, 0xbb, 0x6a, 0x92, 0x87, 0x92, 0x87, 0x92, 0x87, 0x92, 0x87, 
    0x92, 0x87, 0x39, 0x46, 0x49, 0x25, 0x79, 0x65, 0x79, 0x65, 0x49, 0x25, 0x79, 0x65, 0x49, 0x25, 
    0x49, 0x25, 0x79, 0x65, 0x79, 0x65, 0x79, 0x65, 0x49, 0x25, 0x79, 0x65, 0x79, 0x65, 0x79, 0x65, 
    0x49, 0x25, 0x49, 0x25, 0x49, 0x25, 0x79, 0x65, 0x79, 0x65, 0x79, 0x65, 0x49, 0x25, 0x79, 0x65, 
    0x79, 0x65, 0x79, 0x65, 0x49, 0x25, 0x49, 0x25, 0x49, 0x25, 0x07, 0xe0, 0x07, 0xe0, 0x07, 0xe0, 
    0x07, 0xe0, 0x07, 0xe0, 0x49, 0x25, 0xca, 0xc9, 0x49, 0x25, 0xca, 0xc9, 0xdb, 0x8d, 0x49, 0x25, 
    0xca, 0xc9, 0xca, 0xc9, 0xca, 0xc9, 0xca, 0xc9, 0x49, 0x25, 0xca, 0xc9, 0x49, 0x25, 0xca, 0xc9, 
    0xdb, 0x8d, 0x49, 0x25, 0xca, 0xc9, 0xca, 0xc9, 0xca, 0xc9, 0xca, 0xc9, 0x49, 0x25, 0xca, 0xc9, 
    0xca, 0xc9, 0x49, 0x25, 0xdb, 0x8d, 0x49, 0x25, 0x79, 0x65, 0x39, 0x46, 0xbb, 0x6a, 0x92, 0x87, 
    0x92, 0x87, 0x92, 0x87, 0x92, 0x87, 0x92, 0x87, 0x39, 0x46, 0x69, 0x25, 0x49, 0x25, 0x79, 0x65, 
    0x49, 0x25, 0x79, 0x65, 0x79, 0x65, 0x49, 0x25, 0x79, 0x65, 0x79, 0x65, 0x79, 0x65, 0x79, 0x65, 
    0x49, 0x25, 0x79, 0x65, 0x79, 0x65, 0x49, 0x25, 0x79, 0x65, 0x49, 0x25, 0x79, 0x65, 0x79, 0x65, 
    0x79, 0x65, 0x79, 0x65, 0x49, 0x25, 0xa9, 0xe7, 0x79, 0x65, 0x49, 0x25, 0x79, 0x65, 0x49, 0x25, 
    0x07, 0xe0, 0x07, 0xe0, 0x07, 0xe0, 0x07, 0xe0, 0x49, 0x25, 0xca, 0xc9, 0xca, 0xc9, 0x49, 0x25, 
    0xdb, 0x8d, 0x49, 0x25, 0x49, 0x25, 0xdb, 0x8d, 0xca, 0xc9, 0xca, 0xc9, 0x49, 0x25, 0xca, 0xc9, 
    0xca, 0xc9, 0x49, 0x25, 0xdb, 0x8d, 0x49, 0x25, 0x49, 0x25, 0xca, 0xc9, 0xca, 0xc9, 0xca, 0xc9, 
    0x49, 0x25, 0xca, 0xc9, 0xca, 0xc9, 0xca, 0xc9, 0x49, 0x25, 0x49, 0x25, 0xca, 0xc9, 0x79, 0x65, 
    0x39, 0x46, 0xbb, 0x6a, 0x92, 0x87, 0x92, 0x87, 0x92, 0x87, 0x92, 0x87, 0x92, 0x87, 0x39, 0x46, 
    0x69, 0x25, 0x79, 0x65, 0x49, 0x25, 0x49, 0x25, 0x79, 0x65, 0x79, 0x65, 0x79, 0x65, 0x49, 0x25, 
    0x79, 0x65, 0x79, 0x65, 0xa9, 0xe7, 0x49, 0x25, 0x49, 0x25, 0x79, 0x65, 0x49, 0x25, 0x79, 0x65, 
    0x79, 0x65, 0x49, 0x25, 0xa9, 0xe7, 0x79, 0x65, 0xa9, 0xe7, 0x49, 0x25, 0x49, 0x25, 0xa9, 0xe7, 
    0x49, 0x25, 0x79, 0x65, 0x79, 0x65, 0x49, 0x25, 0x07, 0xe0, 0x07, 0xe0, 0x49, 0x25, 0xca, 0xc9, 
    0xca, 0xc9, 0xca, 0xc9, 0x49, 0x25, 0x49, 0x25, 0xca, 0xc9, 0x49, 0x25, 0xdb, 0x8d, 0xdb, 0x8d, 
    0x49, 0x25, 0xca, 0xc9, 0xca, 0xc9, 0xca, 0xc9, 0x49, 0x25, 0x49, 0x25, 0xca, 0xc9, 0x49, 0x25, 
    0xca, 0xc9, 0xdb, 0x8d, 0x49, 0x25, 0xca, 0xc9, 0xca, 0xc9, 0xca, 0xc9, 0xca, 0xc9, 0x49, 0x25, 
    0xca, 0xc9, 0xca, 0xc9, 0x79, 0x65, 0x39, 0x46, 0xbb, 0x6a, 0x92, 0x87, 0x92, 0x87, 0x92, 0x87, 
    0x92, 0x87, 0x92, 0x87, 0x39, 0x46, 0x69, 0x25, 0x79, 0x65, 0x79, 0x65, 0x49, 0x25, 0x79, 0x65, 
    0x79, 0x65, 0x79, 0x65, 0x79, 0x65, 0x49, 0x25, 0xa9, 0xe7, 0xa9, 0xe7, 0x49, 0x25, 0x79, 0x65, 
    0x49, 0x25, 0x49, 0x25, 0x79, 0x65, 0x79, 0x65, 0x79, 0x65, 0x49, 0x25, 0xa9, 0xe7, 0xa9, 0xe7, 
    0x49, 0x25, 0x79, 0x65, 0x49, 0x25, 0x49, 0x25, 0x79, 0x65, 0x79, 0x65, 0x79, 0x65, 0x49, 0x25, 
    0x07, 0xe0, 0x49, 0x25, 0xca, 0xc9, 0xca, 0xc9, 0xca, 0xc9, 0x49, 0x25, 0xca, 0xc9, 0xca, 0xc9, 
    0x49, 0x25, 0xdb, 0x8d, 0x49, 0x25, 0xca, 0xc9, 0xca, 0xc9, 0xca, 0xc9, 0xca, 0xc9, 0x49, 0x25, 
    0xca, 0xc9, 0xca, 0xc9, 0x49, 0x25, 0xdb, 0x8d, 0x49, 0x25, 0xca, 0xc9, 0xca, 0xc9, 0xca, 0xc9, 
    0xca, 0xc9, 0x49, 0x25, 0xca, 0xc9, 0xca, 0xc9, 0xca, 0xc9, 0x79, 0x65, 0x39, 0x46, 0xbb, 0x6a, 
    0x92, 0x87, 0x92, 0x87, 0x92, 0x87, 0x92, 0x87, 0x92, 0x87, 0x39, 0x46, 0x69, 0x25, 0x79, 0x65, 
    0x79, 0x65, 0x79, 0x65, 0x49, 0x25, 0x79, 0x65, 0x79, 0x65, 0x79, 0x65, 0x79, 0x65, 0x49, 0x25, 
    0xa9, 0xe7, 0x49, 0x25, 0x79, 0x65, 0x79, 0x65, 0x49, 0x25, 0x79, 0x65, 0x79, 0x65, 0x79, 0x65, 
    0x79, 0x65, 0x49, 0x25, 0xa9, 0xe7, 0x49, 0x25, 0x79, 0x65, 0x79, 0x65, 0x49, 0x25, 0x79, 0x65, 
    0x79, 0x65, 0x79, 0x65, 0x49, 0x25, 0x07, 0xe0, 0x49, 0x25, 0xca, 0xc9, 0xdb, 0x8d, 0x49, 0x25, 
    0xca, 0xc9, 0xca, 0xc9, 0xca, 0xc9, 0x49, 0x25, 0x49, 0x25, 0x49, 0x25, 0xca, 0xc9, 0xca, 0xc9, 
    0xca, 0xc9, 0x49, 0x25, 0xca, 0xc9, 0xca, 0xc9, 0xca, 0xc9, 0x49, 0x25, 0x49, 0x25, 0x49, 0x25, 
    0xca, 0xc9, 0xca, 0xc9, 0xca, 0xc9, 0x49, 0x25, 0xca, 0xc9, 0xca, 0xc9, 0xca, 0xc9, 0xca, 0xc9, 
    0x39, 0x46, 0x39, 0x46, 0xbb, 0x6a, 0x92, 0x87, 0x92, 0x87, 0x92, 0x87, 0x92, 0x87, 0x92, 0x87, 
    0x39, 0x46, 0x39, 0x46, 0x79, 0x65, 0x79, 0x65, 0x79, 0x65, 0x79, 0x65, 0x49, 0x25, 0x79, 0x65, 
    0x79, 0x65, 0x79, 0x65, 0x49, 0x25, 0x49, 0x25, 0x49, 0x25, 0x79, 0x65, 0x79, 0x65, 0x79, 0x65, 
    0x49, 0x25, 0x79, 0x65, 0x79, 0x65, 0x79, 0x65, 0x49, 0x25, 0x49, 0x25, 0x49, 0x25, 0x79, 0x65, 
    0x79, 0x65, 0x79, 0x65, 0x49, 0x25, 0xa9, 0xe7, 0x79, 0x65, 0x49, 0x25, 0x07, 0xe0, 0x49, 0x25, 
    0xdb, 0x8d, 0x49, 0x25, 0xca, 0xc9, 0xca, 0xc9, 0xca, 0xc9, 0xca, 0xc9, 0x49, 0x25, 0xca, 0xc9, 
    0x49, 0x25, 0xca, 0xc9, 0xdb, 0x8d, 0x49, 0x25, 0xca, 0xc9, 0xca, 0xc9, 0xca, 0xc9, 0xca, 0xc9, 
    0x49, 0x25, 0xca, 0xc9, 0x49, 0x25, 0xca, 0xc9, 0xdb, 0x8d, 0x49, 0x25, 0xca, 0xc9, 0xca, 0xc9, 
    0xca, 0xc9, 0xca, 0xc9, 0x39, 0x46, 0x71, 0xe7, 0x39, 0x46, 0xbb, 0x6a, 0xbb, 0x6a, 0xbb, 0x6a, 
    0x92, 0x87, 0xbb, 0x6a, 0xbb, 0x6a, 0x39, 0x46, 0x71, 0xe7, 0x39, 0x46, 0x79, 0x65, 0x79, 0x65, 
    0x79, 0x65, 0x79, 0x65, 0x49, 0x25, 0xa9, 0xe7, 0x79, 0x65, 0x49, 0x25, 0x79, 0x65, 0x49, 0x25, 
    0x79, 0x65, 0x79, 0x65, 0x79, 0x65, 0x79, 0x65, 0x49, 0x25, 0xa9, 0xe7, 0x79, 0x65, 0x49, 0x25, 
    0x79, 0x65, 0x49, 0x25, 0x79, 0x65, 0x79, 0x65, 0x79, 0x65, 0x79, 0x65, 0x49, 0x25, 0xa9, 0xe7, 
    0x49, 0x25, 0x07, 0xe0, 0x49, 0x25, 0x49, 0x25, 0x49, 0x25, 0xdb, 0x8d, 0xca, 0xc9, 0xdb, 0x8d, 
    0x49, 0x25, 0xca, 0xc9, 0xca, 0xc9, 0x49, 0x25, 0xdb, 0x8d, 0x49, 0x25, 0x49, 0x25, 0xdb, 0x8d, 
    0xca, 0xc9, 0xca, 0xc9, 0x49, 0x25, 0xca, 0xc9, 0xca, 0xc9, 0x49, 0x25, 0xdb, 0x8d, 0x49, 0x25, 
    0x49, 0x25, 0xdb, 0x8d, 0xca, 0xc9, 0xca, 0xc9, 0x39, 0x46, 0x71, 0xe7, 0x71, 0xe7, 0x39, 0x46, 
    0x71, 0xe7, 0x71, 0xe7, 0x71, 0xe7, 0x71, 0xe7, 0x71, 0xe7, 0x71, 0xe7, 0x39, 0x46, 0x71, 0xe7, 
    0x71, 0xe7, 0x39, 0x46, 0x79, 0x65, 0x79, 0x65, 0x79, 0x65, 0x49, 0x25, 0x49, 0x25, 0xa9, 0xe7, 
    0x49, 0x25, 0x79, 0x65, 0x79, 0x65, 0x49, 0x25, 0x79, 0x65, 0x79, 0x65, 0x79, 0x65, 0x49, 0x25, 
    0x49, 0x25, 0xa9, 0xe7, 0x49, 0x25, 0x79, 0x65, 0x79, 0x65, 0x49, 0x25, 0x79, 0x65, 0x79, 0x65, 
    0xa9, 0xe7, 0x49, 0x25, 0x49, 0x25, 0x49, 0x25, 0x07, 0xe0, 0x07, 0xe0, 0x07, 0xe0, 0x49, 0x25, 
    0xdb, 0x8d, 0xdb, 0x8d, 0x49, 0x25, 0xca, 0xc9, 0xca, 0xc9, 0xca, 0xc9, 0x49, 0x25, 0x49, 0x25, 
    0xca, 0xc9, 0x49, 0x25, 0xdb, 0x8d, 0xdb, 0x8d, 0x49, 0x25, 0xca, 0xc9, 0xca, 0xc9, 0xca, 0xc9, 
    0x49, 0x25, 0x49, 0x25, 0xca, 0xc9, 0x49, 0x25, 0xdb, 0x8d, 0xdb, 0x8d, 0x39, 0x46, 0x71, 0xe7, 
    0x71, 0xe7, 0x39, 0x46, 0x39, 0x46, 0x71, 0xe7, 0x71, 0xe7, 0x71, 0xe7, 0x71, 0xe7, 0x71, 0xe7, 
    0x71, 0xe7, 0x39, 0x46, 0x39, 0x46, 0x71, 0xe7, 0x71, 0xe7, 0x39, 0x46, 0xa9, 0xe7, 0x79, 0x65, 
    0x49, 0x25, 0x79, 0x65, 0x49, 0x25, 0x49, 0x25, 0x79, 0x65, 0x79, 0x65, 0x79, 0x65, 0x49, 0x25, 
    0xa9, 0xe7, 0x79, 0x65, 0x49, 0x25, 0x79, 0x65, 0x49, 0x25, 0x49, 0x25, 0x79, 0x65, 0x79, 0x65, 
    0x79, 0x65, 0x49, 0x25, 0xa9, 0xe7, 0xa9, 0xe7, 0x49, 0x25, 0x2a, 0xc6, 0x2a, 0xc6, 0x2a, 0xc6, 
    0x07, 0xe0, 0x07, 0xe0, 0x49, 0x25, 0xdb, 0x8d, 0x49, 0x25, 0xca, 0xc9, 0xca, 0xc9, 0xca, 0xc9, 
    0xca, 0xc9, 0x49, 0x25, 0xca, 0xc9, 0xca, 0xc9, 0x49, 0x25, 0xdb, 0x8d, 0x49, 0x25, 0xca, 0xc9, 
    0xca, 0xc9, 0xca, 0xc9, 0xca, 0xc9, 0x49, 0x25, 0xca, 0xc9, 0xca, 0xc9, 0x49, 0x25, 0xdb, 0x8d, 
    0x39, 0x46, 0x71, 0xe7, 0x71, 0xe7, 0x39, 0x46, 0x39, 0x46, 0x39, 0x46, 0x71, 0xe7, 0x71, 0xe7, 
    0x71, 0xe7, 0x71, 0xe7, 0x71, 0xe7, 0x71, 0xe7, 0x39, 0x46, 0x39, 0x46, 0x39, 0x46, 0x71, 0xe7, 
    0x71, 0xe7, 0x39, 0x46, 0xa9, 0xe7, 0x49, 0x25, 0x79, 0x65, 0x79, 0x65, 0x49, 0x25, 0x79, 0x65, 
    0x79, 0x65, 0x79, 0x65, 0x79, 0x65, 0x49, 0x25, 0xa9, 0xe7, 0x49, 0x25, 0x79, 0x65, 0x79, 0x65, 
    0x49, 0x25, 0x79, 0x65, 0x79, 0x65, 0x79, 0x65, 0x79, 0x65, 0x49, 0x25, 0xa9, 0xe7, 0x49, 0x25, 
    0x2a, 0xc6, 0x2a, 0xc6, 0x2a, 0xc6, 0x07, 0xe0, 0x07, 0xe0, 0x49, 0x25, 0x49, 0x25, 0x49, 0x25, 
    0xdb, 0x8d, 0xca, 0xc9, 0xca, 0xc9, 0x49, 0x25, 0xca, 0xc9, 0xca, 0xc9, 0xca, 0xc9, 0x49, 0x25, 
    0x49, 0x25, 0x49, 0x25, 0xca, 0xc9, 0xca, 0xc9, 0xca, 0xc9, 0x49, 0x25, 0xca, 0xc9, 0xca, 0xc9, 
    0xca, 0xc9, 0x49, 0x25, 0x39, 0x46, 0x71, 0xe7, 0x71, 0xe7, 0x39, 0x46, 0x71, 0xe7, 0x39, 0x46, 
    0x71, 0xe7, 0x39, 0x46, 0x39, 0x46, 0x39, 0x46, 0x39, 0x46, 0x39, 0x46, 0x39, 0x46, 0x71, 0xe7, 
    0x39, 0x46, 0x71, 0xe7, 0x39, 0x46, 0x71, 0xe7, 0x71, 0xe7, 0x39, 0x46, 0x49, 0x25, 0x79, 0x65, 
    0x79, 0x65, 0x79, 0x65, 0x49, 0x25, 0x79, 0x65, 0x79, 0x65, 0x79, 0x65, 0x49, 0x25, 0x49, 0x25, 
    0x49, 0x25, 0x79, 0x65, 0x79, 0x65, 0x79, 0x65, 0x49, 0x25, 0x79, 0x65, 0x79, 0x65, 0x79, 0x65, 
    0x49, 0x25, 0x49, 0x25, 0x49, 0x25, 0x2a, 0xc6, 0x2a, 0xc6, 0x2a, 0xc6, 0x07, 0xe0, 0x07, 0xe0, 
    0x49, 0x25, 0xca, 0xc9, 0x49, 0x25, 0xdb, 0x8d, 0xdb, 0x8d, 0x49, 0x25, 0xca, 0xc9, 0xca, 0xc9, 
    0xca, 0xc9, 0xca, 0xc9, 0x49, 0x25, 0xca, 0xc9, 0x49, 0x25, 0xca, 0xc9, 0xdb, 0x8d, 0x49, 0x25, 
    0xca, 0xc9, 0xca, 0xc9, 0xca, 0xc9, 0xca, 0xc9, 0x39, 0x46, 0x71, 0xe7, 0x71, 0xe7, 0x39, 0x46, 
    0x71, 0xe7, 0x71, 0xe7, 0x39, 0x46, 0x71, 0xe7, 0x39, 0x46, 0x71, 0xe7, 0x71, 0xe7, 0x71, 0xe7, 
    0x71, 0xe7, 0x39, 0x46, 0x71, 0xe7, 0x39, 0x46, 0x71, 0xe7, 0x71, 0xe7, 0x39, 0x46, 0x71, 0xe7, 
    0x71, 0xe7, 0x39, 0x46, 0x79, 0x65, 0x79, 0x65, 0x79, 0x65, 0x79, 0x65, 0x49, 0x25, 0xa9, 0xe7, 
    0x79, 0x65, 0x49, 0x25, 0x79, 0x65, 0x49, 0x25, 0x79, 0x65, 0x79, 0x65, 0x79, 0x65, 0x79, 0x65, 
    0x49, 0x25, 0xa9, 0xe7, 0x79, 0x65, 0x49, 0x25, 0x79, 0x65, 0x49, 0x25, 0x2a, 0xc6, 0x2a, 0xc6, 
    0x2a, 0xc6, 0x07, 0xe0, 0x49, 0x25, 0xca, 0xc9, 0xca, 0xc9, 0x49, 0x25, 0xdb, 0x8d, 0x49, 0x25, 
    0x49, 0x25, 0xca, 0xc9, 0xca, 0xc9, 0xca, 0xc9, 0x49, 0x25, 0xca, 0xc9, 0xca, 0xc9, 0x49, 0x25, 
    0xdb, 0x8d, 0x49, 0x25, 0x49, 0x25, 0xdb, 0x8d, 0xca, 0xc9, 0xdb, 0x8d, 0x39, 0x46, 0x71, 0xe7, 
    0x71, 0xe7, 0x39, 0x46, 0x71, 0xe7, 0x71, 0xe7, 0x71, 0xe7, 0x39, 0x46, 0x71, 0xe7, 0x39, 0x46, 
    0x71, 0xe7, 0x71, 0xe7, 0x71, 0xe7, 0x71, 0xe7, 0x39, 0x46, 0x71, 0xe7, 0x39, 0x46, 0x71, 0xe7, 
    0x71, 0xe7, 0x71, 0xe7, 0x39, 0x46, 0x71, 0xe7, 0x71, 0xe7, 0x39, 0x46, 0xa9, 0xe7, 0x79, 0x65, 
    0xa9, 0xe7, 0x49, 0x25, 0x49, 0x25, 0xa9, 0xe7, 0x49, 0x25, 0x79, 0x65, 0x79, 0x65, 0x49, 0x25, 
    0x79, 0x65, 0x79, 0x65, 0x79, 0x65, 0x49, 0x25, 0x49, 0x25, 0xa9, 0xe7, 0x49, 0x25, 0x79, 0x65, 
    0x79, 0x65, 0x49, 0x25, 0x2a, 0xc6, 0x2a, 0xc6, 0x49, 0x25, 0xca, 0xc9, 0xca, 0xc9, 0xca, 0xc9, 
    0x49, 0x25, 0x49, 0x25, 0xca, 0xc9, 0x49, 0x25, 0xca, 0xc9, 0xdb, 0x8d, 0x49, 0x25, 0xca, 0xc9, 
    0xca, 0xc9, 0xca, 0xc9, 0x49, 0x25, 0x49, 0x25, 0xca, 0xc9, 0x49, 0x25, 0xdb, 0x8d, 0xdb, 0x8d, 
    0x39, 0x46, 0x71, 0xe7, 0x71, 0xe7, 0x39, 0x46, 0x39, 0x46, 0x71, 0xe7, 0x71, 0xe7, 0x71, 0xe7, 
    0x39, 0x46, 0x92, 0x87, 0x39, 0x46, 0x71, 0xe7, 0x71, 0xe7, 0x71, 0xe7, 0x71, 0xe7, 0x39, 0x46, 
    0x71, 0xe7, 0x39, 0x46, 0x92, 0x87, 0x71, 0xe7, 0x71, 0xe7, 0x39, 0x46, 0x39, 0x46, 0x71, 0xe7, 
    0x71, 0xe7, 0x39, 0x46, 0xa9, 0xe7, 0xa9, 0xe7, 0x49, 0x25, 0x79, 0x65, 0x49, 0x25, 0x49, 0x25, 
    0x79, 0x65, 0x79, 0x65, 0x79, 0x65, 0x49, 0x25, 0xa9, 0xe7, 0x79, 0x65, 0x49, 0x25, 0x79, 0x65, 
    0x49, 0x25, 0x49, 0x25, 0x79, 0x65, 0x79, 0x65, 0x79, 0x65, 0x49, 0x25, 0x07, 0xe0, 0x49, 0x25, 
    0xca, 0xc9, 0xca, 0xc9, 0xca, 0xc9, 0x49, 0x25, 0xca, 0xc9, 0xca, 0xc9, 0x49, 0x25, 0xdb, 0x8d, 
    0x49, 0x25, 0xca, 0xc9, 0xca, 0xc9, 0xca, 0xc9, 0xca, 0xc9, 0x49, 0x25, 0xca, 0xc9, 0xca, 0xc9, 
    0x49, 0x25, 0xdb, 0x8d, 0x39, 0x46, 0x71, 0xe7, 0x71, 0xe7, 0x39, 0x46, 0x71, 0xe7, 0x39, 0x46, 
    0x71, 0xe7, 0x92, 0x87, 0x71, 0xe7, 0x39, 0x46, 0x92, 0x87, 0x39, 0x46, 0x92, 0x87, 0x92, 0x87, 
    0x92, 0x87, 0x71, 0xe7, 0x39, 0x46, 0x71, 0xe7, 0x39, 0x46, 0x92, 0x87, 0x92, 0x87, 0x71, 0xe7, 
    0x39, 0x46, 0x71, 0xe7, 0x39, 0x46, 0x71, 0xe7, 0x71, 0xe7, 0x39, 0x46, 0xa9, 0xe7, 0x49, 0x25, 
    0x79, 0x65, 0x79, 0x65, 0x49, 0x25, 0x79, 0x65, 0x79, 0x65, 0x79, 0x65, 0x79, 0x65, 0x49, 0x25, 
    0xa9, 0xe7, 0x49, 0x25, 0x79, 0x65, 0x79, 0x65, 0x49, 0x25, 0x79, 0x65, 0x79, 0x65, 0x79, 0x65, 
    0x49, 0x25, 0x07, 0xe0, 0x49, 0x25, 0xca, 0xc9, 0xdb, 0x8d, 0x49, 0x25, 0xca, 0xc9, 0xca, 0xc9, 
    0xca, 0xc9, 0x49, 0x25, 0x49, 0x25, 0x49, 0x25, 0xca, 0xc9, 0xca, 0xc9, 0xca, 0xc9, 0x49, 0x25, 
    0xca, 0xc9, 0xca, 0xc9, 0xca, 0xc9, 0x49, 0x25, 0x39, 0x46, 0x71, 0xe7, 0x71, 0xe7, 0x39, 0x46, 
    0x71, 0xe7, 0x71, 0xe7, 0x39, 0x46, 0x92, 0x87, 0x92, 0x87, 0x71, 0xe7, 0x39, 0x46, 0x92, 0x87, 
    0x39, 0x46, 0x92, 0x87, 0x92, 0x87, 0x92, 0x87, 0x71, 0xe7, 0x39, 0x46, 0x71, 0xe7, 0x39, 0x46, 
    0x92, 0x87, 0x92, 0x87, 0x71, 0xe7, 0x39, 0x46, 0x71, 0xe7, 0x71, 0xe7, 0x39, 0x46, 0x71, 0xe7, 
    0x71, 0xe7, 0x39, 0x46, 0x49, 0x25, 0x79, 0x65, 0x79, 0x65, 0x79, 0x65, 0x49, 0x25, 0x79, 0x65, 
    0x79, 0x65, 0xa9, 0xe7, 0x49, 0x25, 0x49, 0x25, 0x49, 0x25, 0x79, 0x65, 0x79, 0x65, 0x79, 0x65, 
    0x49, 0x25, 0xa9, 0xe7, 0x79, 0x65, 0x49, 0x25, 0x07, 0xe0, 0x49, 0x25, 0xdb, 0x8d, 0x49, 0x25, 
    0xca, 0xc9, 0xca, 0xc9, 0xca, 0xc9, 0xca, 0xc9, 0x49, 0x25, 0xca, 0xc9, 0x49, 0x25, 0xca, 0xc9, 
    0xdb, 0x8d, 0x49, 0x25, 0xca, 0xc9, 0xca, 0xc9, 0xca, 0xc9, 0xca, 0xc9, 0x39, 0x46, 0x71, 0xe7, 
    0x71, 0xe7, 0x39, 0x46, 0x71, 0xe7, 0x71, 0xe7, 0x71, 0xe7, 0x39, 0x46, 0x92, 0x87, 0x92, 0x87, 
    0x71, 0xe7, 0x39, 0x46, 0x92, 0x87, 0x39, 0x46, 0x92, 0x87, 0x92, 0x87, 0x92, 0x87, 0x71, 0xe7, 
    0x39, 0x46, 0x71, 0xe7, 0x39, 0x46, 0x92, 0x87, 0x92, 0x87, 0x71, 0xe7, 0x39, 0x46, 0x71, 0xe7, 
    0x71, 0xe7, 0x71, 0xe7, 0x39, 0x46, 0x71, 0xe7, 0x71, 0xe7, 0x39, 0x46, 0x79, 0x65, 0x79, 0x65, 
    0x79, 0x65, 0x79, 0x65, 0x49, 0x25, 0xa9, 0xe7, 0xa9, 0xe7, 0x49, 0x25, 0x79, 0x65, 0x49, 0x25, 
    0x79, 0x65, 0x79, 0x65, 0x79, 0x65, 0x79, 0x65, 0x49, 0x25, 0xa9, 0xe7, 0x49, 0x25, 0x07, 0xe0, 
    0x49, 0x25, 0x49, 0x25, 0x49, 0x25, 0xca, 0xc9, 0xca, 0xc9, 0xca, 0xc9, 0x49, 0x25, 0xca, 0xc9, 
    0xca, 0xc9, 0x49, 0x25, 0xdb, 0x8d, 0x49, 0x25, 0x49, 0x25, 0xca, 0xc9, 0xca, 0xc9, 0xca, 0xc9, 
    0x39, 0x46, 0x71, 0xe7, 0x71, 0xe7, 0x39, 0x46, 0x39, 0x46, 0x71, 0xe7, 0x71, 0xe7, 0x71, 0xe7, 
    0x39, 0x46, 0x92, 0x87, 0x71, 0xe7, 0x71, 0xe7, 0x39, 0x46, 0x92, 0x87, 0x39, 0x46, 0x92, 0x87, 
    0x92, 0x87, 0x92, 0x87, 0x71, 0xe7, 0x39, 0x46, 0x71, 0xe7, 0x39, 0x46, 0x92, 0x87, 0x92, 0x87, 
    0x71, 0xe7, 0x39, 0x46, 0x92, 0x87, 0x71, 0xe7, 0x71, 0xe7, 0x39, 0x46, 0x39, 0x46, 0x71, 0xe7, 
    0x71, 0xe7, 0x39, 0x46, 0xa9, 0xe7, 0x79, 0x65, 0xa9, 0xe7, 0x49, 0x25, 0x49, 0x25, 0xa9, 0xe7, 
    0x49, 0x25, 0x79, 0x65, 0x79, 0x65, 0x49, 0x25, 0x79, 0x65, 0x79, 0x65, 0xa9, 0xe7, 0x49, 0x25, 
    0x49, 0x25, 0x49, 0x25, 0x07, 0xe0, 0x07, 0xe0, 0x07, 0xe0, 0x49, 0x25, 0xca, 0xc9, 0xdb, 0x8d, 
    0x49, 0x25, 0xca, 0xc9, 0xca, 0xc9, 0xca, 0xc9, 0x49, 0x25, 0x49, 0x25, 0xca, 0xc9, 0x49, 0x25, 
    0xca, 0xc9, 0xdb, 0x8d, 0x39, 0x46, 0x71, 0xe7, 0x71, 0xe7, 0x39, 0x46, 0x71, 0xe7, 0x39, 0x46, 
    0x71, 0xe7, 0x92, 0x87, 0x71, 0xe7, 0x39, 0x46, 0x92, 0x87, 0x92, 0x87, 0x71, 0xe7, 0x39, 0x46, 
    0x92, 0x87, 0x39, 0x46, 0xbb, 0x6a, 0x92, 0x87, 0x92, 0x87, 0x71, 0xe7, 0x39, 0x46, 0x71, 0xe7, 
    0x39, 0x46, 0x92, 0x87, 0x71, 0xe7, 0x71, 0xe7, 0x39, 0x46, 0x92, 0x87, 0x92, 0x87, 0x71, 0xe7, 
    0x39, 0x46, 0x71, 0xe7, 0x39, 0x46, 0x71, 0xe7, 0x71, 0xe7, 0x39, 0x46, 0xa9, 0xe7, 0xa9, 0xe7, 
    0x49, 0x25, 0x79, 0x65, 0x49, 0x25, 0x49, 0x25, 0x79, 0x65, 0x79, 0x65, 0x79, 0x65, 0x49, 0x25, 
    0xa9, 0xe7, 0xa9, 0xe7, 0x49, 0x25, 0x2a, 0xc6, 0x2a, 0xc6, 0x2a, 0xc6, 0x07, 0xe0, 0x07, 0xe0, 
    0x49, 0x25, 0xdb, 0x8d, 0x49, 0x25, 0xca, 0xc9, 0xca, 0xc9, 0xca, 0xc9, 0xca, 0xc9, 0x49, 0x25, 
    0xca, 0xc9, 0xca, 0xc9, 0x49, 0x25, 0xdb, 0x8d, 0x39, 0x46, 0x71, 0xe7, 0x71, 0xe7, 0x39, 0x46, 
    0x71, 0xe7, 0x71, 0xe7, 0x39, 0x46, 0x92, 0x87, 0x92, 0x87, 0x71, 0xe7, 0x39, 0x46, 0x92, 0x87, 
    0x92, 0x87, 0x71, 0xe7, 0x39, 0x46, 0x92, 0x87, 0x39, 0x46, 0xbb, 0x6a, 0x92, 0x87, 0x92, 0x87, 
    0x71, 0xe7, 0x39, 0x46, 0x71, 0xe7, 0x39, 0x46, 0x92, 0x87, 0x92, 0x87, 0x71, 0xe7, 0x39, 0x46, 
    0x92, 0x87, 0x92, 0x87, 0x71, 0xe7, 0x39, 0x46, 0x71, 0xe7, 0x71, 0xe7, 0x39, 0x46, 0x71, 0xe7, 
    0x71, 0xe7, 0x39, 0x46, 0xa9, 0xe7, 0x49, 0x25, 0x79, 0x65, 0x79, 0x65, 0x49, 0x25, 0x79, 0x65, 
    0x79, 0x65, 0x79, 0x65, 0x79, 0x65, 0x49, 0x25, 0xa9, 0xe7, 0x49, 0x25, 0x2a, 0xc6, 0x2a, 0xc6, 
    0x2a, 0xc6, 0x07, 0xe0, 0x07, 0xe0, 0x49, 0x25, 0x49, 0x25, 0x49, 0x25, 0xdb, 0x8d, 0xca, 0xc9, 
    0xdb, 0x8d, 0x49, 0x25, 0xca, 0xc9, 0xca, 0xc9, 0xca, 0xc9, 0x49, 0x25, 0x39, 0x46, 0x71, 0xe7, 
    0x71, 0xe7, 0x39, 0x46, 0x71, 0xe7, 0x71, 0xe7, 0x71, 0xe7, 0x39, 0x46, 0x92, 0x87, 0x92, 0x87, 
    0x71, 0xe7, 0x39, 0x46, 0x92, 0x87, 0x92, 0x87, 0x71, 0xe7, 0x39, 0x46, 0x92, 0x87, 0x39, 0x46, 
    0xbb, 0x6a, 0x92, 0x87, 0x92, 0x87, 0x71, 0xe7, 0x39, 0x46, 0x71, 0xe7, 0x39, 0x46, 0x92, 0x87, 
    0x92, 0x87, 0x71, 0xe7, 0x39, 0x46, 0x92, 0x87, 0x71, 0xe7, 0x71, 0xe7, 0x39, 0x46, 0x71, 0xe7, 
    0x71, 0xe7, 0x71, 0xe7, 0x39, 0x46, 0x71, 0xe7, 0x71, 0xe7, 0x39, 0x46, 0x49, 0x25, 0x79, 0x65, 
    0x79, 0x65, 0x79, 0x65, 0x49, 0x25, 0x79, 0x65, 0x79, 0x65, 0xa9, 0xe7, 0x49, 0x25, 0x49, 0x25, 
    0x49, 0x25, 0x2a, 0xc6, 0x2a, 0xc6, 0x2a, 0xc6, 0x07, 0xe0, 0x07, 0xe0, 0x49, 0x25, 0xca, 0xc9, 
    0x49, 0x25, 0xdb, 0x8d, 0xdb, 0x8d, 0x49, 0x25, 0xca, 0xc9, 0xca, 0xc9, 0xca, 0xc9, 0xca, 0xc9, 
    0x39, 0x46, 0x71, 0xe7, 0x71, 0xe7, 0x39, 0x46, 0x39, 0x46, 0x71, 0xe7, 0x71, 0xe7, 0x71, 0xe7, 
    0x39, 0x46, 0x71, 0xe7, 0x92, 0x87, 0x71, 0xe7, 0x39, 0x46, 0x92, 0x87, 0x92, 0x87, 0x71, 0xe7, 
    0x39, 0x46, 0x92, 0x87, 0x39, 0x46, 0xbb, 0x6a, 0x92, 0x87, 0x92, 0x87, 0x71, 0xe7, 0x39, 0x46, 
    0x71, 0xe7, 0x39, 0x46, 0x92, 0x87, 0x92, 0x87, 0x71, 0xe7, 0x39, 0x46, 0x92, 0x87, 0x92, 0x87, 
    0x71, 0xe7, 0x39, 0x46, 0x92, 0x87, 0x71, 0xe7, 0x71, 0xe7, 0x39, 0x46, 0x39, 0x46, 0x71, 0xe7, 
    0x71, 0xe7, 0x39, 0x46, 0x79, 0x65, 0x79, 0x65, 0x79, 0x65, 0x79, 0x65, 0x49, 0x25, 0xa9, 0xe7, 
    0xa9, 0xe7, 0x49, 0x25, 0x79, 0x65, 0x49, 0x25, 0x2a, 0xc6, 0x2a, 0xc6, 0x2a, 0xc6, 0x07, 0xe0, 
    0x49, 0x25, 0xca, 0xc9, 0xca, 0xc9, 0x49, 0x25, 0xdb, 0x8d, 0x49, 0x25, 0x49, 0x25, 0xca, 0xc9, 
    0xca, 0xc9, 0xca, 0xc9, 0x39, 0x46, 0x71, 0xe7, 0x71, 0xe7, 0x39, 0x46, 0x71, 0xe7, 0x39, 0x46, 
    0x71, 0xe7, 0x92, 0x87, 0x71, 0xe7, 0x39, 0x46, 0x92, 0x87, 0x92, 0x87, 0x71, 0xe7, 0x39, 0x46, 
    0x92, 0x87, 0x92, 0x87, 0x71, 0xe7, 0x39, 0x46, 0x92, 0x87, 0x39, 0x46, 0xbb, 0x6a, 0x92, 0x87, 
    0x92, 0x87, 0x71, 0xe7, 0x39, 0x46, 0x71, 0xe7, 0x39, 0x46, 0x92, 0x87, 0x92, 0x87, 0x71, 0xe7, 
    0x39, 0x46, 0x92, 0x87, 0x92, 0x87, 0x71, 0xe7, 0x39, 0x46, 0x92, 0x87, 0x92, 0x87, 0x71, 0xe7, 
    0x39, 0x46, 0x71, 0xe7, 0x39, 0x46, 0x71, 0xe7, 0x71, 0xe7, 0x39, 0x46, 0x79, 0x65, 0x79, 0x65, 
    0x79, 0x65, 0x49, 0x25, 0x49, 0x25, 0xa9, 0xe7, 0x49, 0x25, 0x79, 0x65, 0x79, 0x65, 0x49, 0x25, 
    0x2a, 0xc6, 0x2a, 0xc6, 0x49, 0x25, 0xca, 0xc9, 0xca, 0xc9, 0xca, 0xc9, 0x49, 0x25, 0x49, 0x25, 
    0xca, 0xc9, 0x49, 0x25, 0xca, 0xc9, 0xdb, 0x8d, 0x39, 0x46, 0x71, 0xe7, 0x71, 0xe7, 0x39, 0x46, 
    0x71, 0xe7, 0x71, 0xe7, 0x39, 0x46, 0x92, 0x87, 0x92, 0x87, 0x71, 0xe7, 0x39, 0x46, 0x92, 0x87, 
    0x92, 0x87, 0x71, 0xe7, 0x39, 0x46, 0x92, 0x87, 0x92, 0x87, 0x71, 0xe7, 0x39, 0x46, 0x92, 0x87, 
    0x39, 0x46, 0xbb, 0x6a, 0x92, 0x87, 0x92, 0x87, 0x71, 0xe7, 0x39, 0x46, 0x71, 0xe7, 0x39, 0x46, 
    0x92, 0x87, 0x92, 0x87, 0x71, 0xe7, 0x39, 0x46, 0x92, 0x87, 0x92, 0x87, 0x71, 0xe7, 0x39, 0x46, 
    0x92, 0x87, 0x92, 0x87, 0x71, 0xe7, 0x39, 0x46, 0x71, 0xe7, 0x71, 0xe7, 0x39, 0x46, 0x71, 0xe7, 
    0x71, 0xe7, 0x39, 0x46, 0xa9, 0xe7, 0x79, 0x65, 0x49, 0x25, 0x79, 0x65, 0x49, 0x25, 0x49, 0x25, 
    0x79, 0x65, 0x79, 0x65, 0x79, 0x65, 0x49, 0x25, 0x07, 0xe0, 0x49, 0x25, 0xca, 0xc9, 0xca, 0xc9, 
    0xca, 0xc9, 0x49, 0x25, 0xca, 0xc9, 0xca, 0xc9, 0x49, 0x25, 0xdb, 0x8d, 0x39, 0x46, 0x71, 0xe7, 
    0x71, 0xe7, 0x39, 0x46, 0x71, 0xe7, 0x71, 0xe7, 0x71, 0xe7, 0x39, 0x46, 0x92, 0x87, 0x71, 0xe7, 
    0x71, 0xe7, 0x39, 0x46, 0x92, 0x87, 0x92, 0x87, 0x71, 0xe7, 0x39, 0x46, 0x71, 0xe7, 0x92, 0x87, 
    0x71, 0xe7, 0x39, 0x46, 0x92, 0x87, 0x39, 0x46, 0xbb, 0x6a, 0x92, 0x87, 0x92, 0x87, 0x71, 0xe7, 
    0x39, 0x46, 0x71, 0xe7, 0x39, 0x46, 0x92, 0x87, 0x92, 0x87, 0x71, 0xe7, 0x39, 0x46, 0x92, 0x87, 
    0x92, 0x87, 0x71, 0xe7, 0x39, 0x46, 0x92, 0x87, 0x92, 0x87, 0x71, 0xe7, 0x39, 0x46, 0x71, 0xe7, 
    0x71, 0xe7, 0x71, 0xe7, 0x39, 0x46, 0x71, 0xe7, 0x71, 0xe7, 0x39, 0x46, 0xa9, 0xe7, 0x49, 0x25, 
    0x79, 0x65, 0x79, 0x65, 0x49, 0x25, 0x79, 0x65, 0x79, 0x65, 0x79, 0x65, 0x49, 0x25, 0x07, 0xe0, 
    0x49, 0x25, 0xca, 0xc9, 0xdb, 0x8d, 0x49, 0x25, 0xca, 0xc9, 0xca, 0xc9, 0xca, 0xc9, 0x49, 0x25, 
    0x39, 0x46, 0x71, 0xe7, 0x71, 0xe7, 0x39, 0x46, 0x39, 0x46, 0x71, 0xe7, 0x71, 0xe7, 0x71, 0xe7, 
    0x39, 0x46, 0x92, 0x87, 0x92, 0x87, 0x71, 0xe7, 0x39, 0x46, 0x92, 0x87, 0x92, 0x87, 0x71, 0xe7, 
    0x39, 0x46, 0x92, 0x87, 0x92, 0x87, 0x71, 0xe7, 0x39, 0x46, 0x92, 0x87, 0x39, 0x46, 0xbb, 0x6a, 
    0x92, 0x87, 0x92, 0x87, 0x71, 0xe7, 0x39, 0x46, 0x71, 0xe7, 0x39, 0x46, 0x92, 0x87, 0x92, 0x87, 
    0x71, 0xe7, 0x39, 0x46, 0x92, 0x87, 0x92, 0x87, 0x71, 0xe7, 0x39, 0x46, 0x92, 0x87, 0x92, 0x87, 
    0x71, 0xe7, 0x39, 0x46, 0x92, 0x87, 0x71, 0xe7, 0x71, 0xe7, 0x39, 0x46, 0x39, 0x46, 0x71, 0xe7, 
    0x71, 0xe7, 0x39, 0x46, 0x49, 0x25, 0x79, 0x65, 0x79, 0x65, 0x79, 0x65, 0x49, 0x25, 0xa9, 0xe7, 
    0x79, 0x65, 0x49, 0x25, 0x07, 0xe0, 0x49, 0x25, 0xdb, 0x8d, 0x49, 0x25, 0xca, 0xc9, 0xca, 0xc9, 
    0xca, 0xc9, 0xca, 0xc9, 0x39, 0x46, 0x71, 0xe7, 0x71, 0xe7, 0x39, 0x46, 0x71, 0xe7, 0x39, 0x46, 
    0x71, 0xe7, 0x92, 0x87, 0x71, 0xe7, 0x39, 0x46, 0x92, 0x87, 0x92, 0x87, 0x71, 0xe7, 0x39, 0x46, 
    0x92, 0x87, 0x92, 0x87, 0x71, 0xe7, 0x39, 0x46, 0x92, 0x87, 0x92, 0x87, 0x71, 0xe7, 0x39, 0x46, 
    0x92, 0x87, 0x39, 0x46, 0xbb, 0x6a, 0x92, 0x87, 0x92, 0x87, 0x71, 0xe7, 0x39, 0x46, 0x71, 0xe7, 
    0x39, 0x46, 0x71, 0xe7, 0x92, 0x87, 0x71, 0xe7, 0x39, 0x46, 0x92, 0x87, 0x92, 0x87, 0x71, 0xe7, 
    0x39, 0x46, 0x92, 0x87, 0x92, 0x87, 0x71, 0xe7, 0x39, 0x46, 0x92, 0x87, 0x92, 0x87, 0x71, 0xe7, 
    0x39, 0x46, 0x71, 0xe7, 0x39, 0x46, 0x71, 0xe7, 0x71, 0xe7, 0x39, 0x46, 0x79, 0x65, 0x79, 0x65, 
    0x79, 0x65, 0x79, 0x65, 0x49, 0x25, 0xa9, 0xe7, 0x49, 0x25, 0x07, 0xe0, 0x49, 0x25, 0x49, 0x25, 
    0x49, 0x25, 0xdb, 0x8d, 0xca, 0xc9, 0xdb, 0x8d, 0x39, 0x46, 0x71, 0xe7, 0x71, 0xe7, 0x39, 0x46, 
    0x71, 0xe7, 0x71, 0xe7, 0x39, 0x46, 0x92, 0x87, 0x92, 0x87, 0x71, 0xe7, 0x39, 0x46, 0x92, 0x87, 
    0x92, 0x87, 0x71, 0xe7, 0x39, 0x46, 0x92, 0x87, 0x92, 0x87, 0x71, 0xe7, 0x39, 0x46, 0x92, 0x87, 
    0x92, 0x87, 0x71, 0xe7, 0x39, 0x46, 0x92, 0x87, 0x39, 0x46, 0xbb, 0x6a, 0x92, 0x87, 0x92, 0x87, 
    0x71, 0xe7, 0x39, 0x46, 0x71, 0xe7, 0x39, 0x46, 0x92, 0x87, 0x92, 0x87, 0x71, 0xe7, 0x39, 0x46, 
    0x92, 0x87, 0x92, 0x87, 0x71, 0xe7, 0x39, 0x46, 0x92, 0x87, 0x71, 0xe7, 0x71, 0xe7, 0x39, 0x46, 
    0x92, 0x87, 0x92, 0x87, 0x71, 0xe7, 0x39, 0x46, 0x71, 0xe7, 0x71, 0xe7, 0x39, 0x46, 0x71, 0xe7, 
    0x71, 0xe7, 0x39, 0x46, 0x79, 0x65, 0x79, 0x65, 0xa9, 0xe7, 0x49, 0x25, 0x49, 0x25, 0x49, 0x25, 
    0x07, 0xe0, 0x07, 0xe0, 0x07, 0xe0, 0x49, 0x25, 0xdb, 0x8d, 0xdb, 0x8d, 0x39, 0x46, 0x71, 0xe7, 
    0x71, 0xe7, 0x39, 0x46, 0x39, 0x46, 0x71, 0xe7, 0x71, 0xe7, 0x39, 0x46, 0x92, 0x87, 0x92, 0x87, 
    0x71, 0xe7, 0x39, 0x46, 0x92, 0x87, 0x92, 0x87, 0x71, 0xe7, 0x39, 0x46, 0x92, 0x87, 0x71, 0xe7, 
    0x71, 0xe7, 0x39, 0x46, 0x92, 0x87, 0x92, 0x87, 0x71, 0xe7, 0x39, 0x46, 0x92, 0x87, 0x39, 0x46, 
    0xbb, 0x6a, 0x92, 0x87, 0x92, 0x87, 0x71, 0xe7, 0x39, 0x46, 0x71, 0xe7, 0x39, 0x46, 0x92, 0x87, 
    0x92, 0x87, 0x71, 0xe7, 0x39, 0x46, 0x92, 0x87, 0x92, 0x87, 0x71, 0xe7, 0x39, 0x46, 0x92, 0x87, 
    0x92, 0x87, 0x71, 0xe7, 0x39, 0x46, 0x92, 0x87, 0x92, 0x87, 0x71, 0xe7, 0x39, 0x46, 0x71, 0xe7, 
    0x71, 0xe7, 0x39, 0x46, 0x39, 0x46, 0x71, 0xe7, 0x71, 0xe7, 0x39, 0x46, 0xa9, 0xe7, 0xa9, 0xe7, 
    0x49, 0x25, 0x2a, 0xc6, 0x2a, 0xc6, 0x2a, 0xc6, 0x07, 0xe0, 0x07, 0xe0, 0x49, 0x25, 0xdb, 0x8d, 
    0x39, 0x46, 0x71, 0xe7, 0x71, 0xe7, 0x39, 0x46, 0x71, 0xe7, 0x39, 0x46, 0x71, 0xe7, 0x71, 0xe7, 
    0x39, 0x46, 0x92, 0x87, 0x71, 0xe7, 0x71, 0xe7, 0x39, 0x46, 0x92, 0x87, 0x92, 0x87, 0x71, 0xe7, 
    0x39, 0x46, 0x92, 0x87, 0x92, 0x87, 0x71, 0xe7, 0x39, 0x46, 0x92, 0x87, 0x92, 0x87, 0x71, 0xe7, 
    0x39, 0x46, 0x92, 0x87, 0x39, 0x46, 0xbb, 0x6a, 0x92, 0x87, 0x92, 0x87, 0x71, 0xe7, 0x39, 0x46, 
    0x71, 0xe7, 0x39, 0x46, 0x92, 0x87, 0x92, 0x87, 0x71, 0xe7, 0x39, 0x46, 0x92, 0x87, 0x92, 0x87, 
    0x71, 0xe7, 0x39, 0x46, 0x92, 0x87, 0x92, 0x87, 0x71, 0xe7, 0x39, 0x46, 0x92, 0x87, 0x92, 0x87, 
    0x71, 0xe7, 0x39, 0x46, 0x92, 0x87, 0x71, 0xe7, 0x39, 0x46, 0x71, 0xe7, 0x39, 0x46, 0x71, 0xe7, 
    0x71, 0xe7, 0x39, 0x46, 0xa9, 0xe7, 0x49, 0x25, 0x2a, 0xc6, 0x2a, 0xc6, 0x2a, 0xc6, 0x07, 0xe0, 
    0x07, 0xe0, 0x49, 0x25, 0x39, 0x46, 0x71, 0xe7, 0x71, 0xe7, 0x39, 0x46, 0x71, 0xe7, 0x71, 0xe7, 
    0x39, 0x46, 0x92, 0x87, 0x71, 0xe7, 0x39, 0x46, 0x92, 0x87, 0x92, 0x87, 0x71, 0xe7, 0x39, 0x46, 
    0x92, 0x87, 0x92, 0x87, 0x71, 0xe7, 0x39, 0x46, 0x92, 0x87, 0x92, 0x87, 0x71, 0xe7, 0x39, 0x46, 
    0x92, 0x87, 0x92, 0x87, 0x71, 0xe7, 0x39, 0x46, 0x92, 0x87, 0x39, 0x46, 0xbb, 0x6a, 0x92, 0x87, 
    0x92, 0x87, 0x71, 0xe7, 0x39, 0x46, 0x71, 0xe7, 0x39, 0x46, 0x92, 0x87, 0x71, 0xe7, 0x71, 0xe7, 
    0x39, 0x46, 0x92, 0x87, 0x92, 0x87, 0x71, 0xe7, 0x39, 0x46, 0x92, 0x87, 0x92, 0x87, 0x71, 0xe7, 
    0x39, 0x46, 0x92, 0x87, 0x71, 0xe7, 0x71, 0xe7, 0x39, 0x46, 0x92, 0x87, 0x71, 0xe7, 0x39, 0x46, 
    0x71, 0xe7, 0x71, 0xe7, 0x39, 0x46, 0x71, 0xe7, 0x71, 0xe7, 0x39, 0x46, 0x49, 0x25, 0x2a, 0xc6, 
    0x2a, 0xc6, 0x2a, 0xc6, 0x07, 0xe0, 0x07, 0xe0, 0x39, 0x46, 0x71, 0xe7, 0x71, 0xe7, 0x39, 0x46, 
    0x71, 0xe7, 0x71, 0xe7, 0x71, 0xe7, 0x39, 0x46, 0x92, 0x87, 0x71, 0xe7, 0x39, 0x46, 0x92, 0x87, 
    0x92, 0x87, 0x71, 0xe7, 0x39, 0x46, 0x92, 0x87, 0x92, 0x87, 0x71, 0xe7, 0x39, 0x46, 0x92, 0x87, 
    0x92, 0x87, 0x71, 0xe7, 0x39, 0x46, 0x92, 0x87, 0x92, 0x87, 0x71, 0xe7, 0x39, 0x46, 0x92, 0x87, 
    0x39, 0x46, 0xbb, 0x6a, 0x92, 0x87, 0x92, 0x87, 0x71, 0xe7, 0x39, 0x46, 0x71, 0xe7, 0x39, 0x46, 
    0x92, 0x87, 0x92, 0x87, 0x71, 0xe7, 0x39, 0x46, 0x92, 0x87, 0x92, 0x87, 0x71, 0xe7, 0x39, 0x46, 
    0x92, 0x87, 0x92, 0x87, 0x71, 0xe7, 0x39, 0x46, 0x92, 0x87, 0x92, 0x87, 0x71, 0xe7, 0x39, 0x46, 
    0x92, 0x87, 0x71, 0xe7, 0x39, 0x46, 0x71, 0xe7, 0x71, 0xe7, 0x71, 0xe7, 0x39, 0x46, 0x71, 0xe7, 
    0x71, 0xe7, 0x39, 0x46, 0x2a, 0xc6, 0x2a, 0xc6, 0x2a, 0xc6, 0x07, 0xe0, 0x07, 0xe0, 0x39, 0x46, 
    0x71, 0xe7, 0x39, 0x46, 0x71, 0xe7, 0x71, 0xe7, 0x92, 0x87, 0x71, 0xe7, 0x39, 0x46, 0x39, 0x46, 
    0x39, 0x46, 0x39, 0x46, 0x39, 0x46, 0x39, 0x46, 0x39, 0x46, 0x39, 0x46, 0x39, 0x46, 0x39, 0x46, 
    0x39, 0x46, 0x39, 0x46, 0x39, 0x46, 0x39, 0x46, 0x39, 0x46, 0x39, 0x46, 0x39, 0x46, 0x39, 0x46, 
    0x39, 0x46, 0x39, 0x46, 0x39, 0x46, 0x39, 0x46, 0xbb, 0x6a, 0x92, 0x87, 0x92, 0x87, 0x71, 0xe7, 
    0x39, 0x46, 0x39, 0x46, 0x39, 0x46, 0x39, 0x46, 0x39, 0x46, 0x39, 0x46, 0x39, 0x46, 0x39, 0x46, 
    0x39, 0x46, 0x39, 0x46, 0x39, 0x46, 0x39, 0x46, 0x39, 0x46, 0x39, 0x46, 0x39, 0x46, 0x39, 0x46, 
    0x39, 0x46, 0x39, 0x46, 0x39, 0x46, 0x39, 0x46, 0x39, 0x46, 0x39, 0x46, 0x71, 0xe7, 0x92, 0x87, 
    0x71, 0xe7, 0x71, 0xe7, 0x39, 0x46, 0x71, 0xe7, 0x39, 0x46, 0x2a, 0xc6, 0x2a, 0xc6, 0x2a, 0xc6, 
    0x07, 0xe0, 0x07, 0xe0, 0x39, 0x46, 0x39, 0x46, 0x39, 0x46, 0x71, 0xe7, 0x92, 0x87, 0x92, 0x87, 
    0x71, 0xe7, 0x39, 0x46, 0x92, 0x87, 0x92, 0x87, 0x92, 0x87, 0x92, 0x87, 0x92, 0x87, 0x92, 0x87, 
    0x92, 0x87, 0x92, 0x87, 0x92, 0x87, 0x92, 0x87, 0x92, 0x87, 0x92, 0x87, 0x92, 0x87, 0x92, 0x87, 
    0x92, 0x87, 0x92, 0x87, 0x92, 0x87, 0x92, 0x87, 0x92, 0x87, 0x92, 0x87, 0x39, 0x46, 0xbb, 0x6a, 
    0x92, 0x87, 0x92, 0x87, 0x71, 0xe7, 0x39, 0x46, 0x92, 0x87, 0x92, 0x87, 0x92, 0x87, 0x92, 0x87, 
    0x92, 0x87, 0x92, 0x87, 0x92, 0x87, 0x92, 0x87, 0x92, 0x87, 0x92, 0x87, 0x92, 0x87, 0x92, 0x87, 
    0x92, 0x87, 0x92, 0x87, 0x92, 0x87, 0x92, 0x87, 0x92, 0x87, 0x92, 0x87, 0x92, 0x87, 0x92, 0x87, 
    0x39, 0x46, 0x71, 0xe7, 0x92, 0x87, 0x92, 0x87, 0x71, 0xe7, 0x39, 0x46, 0x39, 0x46, 0x39, 0x46, 
    0x2a, 0xc6, 0x07, 0xe0, 0x07, 0xe0, 0x07, 0xe0, 0x07, 0xe0, 0x07, 0xe0, 0x07, 0xe0, 0x39, 0x46, 
    0x92, 0x87, 0x92, 0x87, 0x92, 0x87, 0x71, 0xe7, 0x39, 0x46, 0x71, 0xe7, 0x71, 0xe7, 0x71, 0xe7, 
    0x71, 0xe7, 0x71, 0xe7, 0x71, 0xe7, 0x71, 0xe7, 0x71, 0xe7, 0x71, 0xe7, 0x71, 0xe7, 0x71, 0xe7, 
    0x71, 0xe7, 0x71, 0xe7, 0x71, 0xe7, 0x71, 0xe7, 0x71, 0xe7, 0x71, 0xe7, 0x71, 0xe7, 0x71, 0xe7, 
    0x71, 0xe7, 0x39, 0x46, 0xbb, 0x6a, 0x92, 0x87, 0x92, 0x87, 0x71, 0xe7, 0x39, 0x46, 0x71, 0xe7, 
    0x71, 0xe7, 0x71, 0xe7, 0x71, 0xe7, 0x71, 0xe7, 0x71, 0xe7, 0x71, 0xe7, 0x71, 0xe7, 0x71, 0xe7, 
    0x71, 0xe7, 0x71, 0xe7, 0x71, 0xe7, 0x71, 0xe7, 0x71, 0xe7, 0x71, 0xe7, 0x71, 0xe7, 0x71, 0xe7, 
    0x71, 0xe7, 0x71, 0xe7, 0x71, 0xe7, 0x39, 0x46, 0x71, 0xe7, 0x92, 0x87, 0x92, 0x87, 0x92, 0x87, 
    0x39, 0x46, 0x2a, 0xc6, 0x2a, 0xc6, 0x2a, 0xc6, 0x07, 0xe0, 0x07, 0xe0, 0x07, 0xe0, 0x07, 0xe0, 
    0x07, 0xe0, 0x07, 0xe0, 0x39, 0x46, 0x92, 0x87, 0x92, 0x87, 0x92, 0x87, 0x71, 0xe7, 0x39, 0x46, 
    0x39, 0x46, 0x39, 0x46, 0x39, 0x46, 0x39, 0x46, 0x39, 0x46, 0x39, 0x46, 0x39, 0x46, 0x39, 0x46, 
    0x39, 0x46, 0x39, 0x46, 0x39, 0x46, 0x39, 0x46, 0x39, 0x46, 0x39, 0x46, 0x39, 0x46, 0x39, 0x46, 
    0x39, 0x46, 0x39, 0x46, 0x39, 0x46, 0x39, 0x46, 0x39, 0x46, 0xbb, 0x6a, 0x92, 0x87, 0x92, 0x87, 
    0x71, 0xe7, 0x39, 0x46, 0x39, 0x46, 0x39, 0x46, 0x39, 0x46, 0x39, 0x46, 0x39, 0x46, 0x39, 0x46, 
    0x39, 0x46, 0x39, 0x46, 0x39, 0x46, 0x39, 0x46, 0x39, 0x46, 0x39, 0x46, 0x39, 0x46, 0x39, 0x46, 
    0x39, 0x46, 0x39, 0x46, 0x39, 0x46, 0x39, 0x46, 0x39, 0x46, 0x39, 0x46, 0x39, 0x46, 0x71, 0xe7, 
    0x92, 0x87, 0x92, 0x87, 0x92, 0x87, 0x39, 0x46, 0x2a, 0xc6, 0x2a, 0xc6, 0x2a, 0xc6, 0x07, 0xe0, 
    0x07, 0xe0, 0x07, 0xe0, 0x07, 0xe0, 0x07, 0xe0, 0x07, 0xe0, 0x39, 0x46, 0x92, 0x87, 0x92, 0x87, 
    0x92, 0x87, 0x71, 0xe7, 0x39, 0x46, 0x92, 0x87, 0x92, 0x87, 0x92, 0x87, 0x92, 0x87, 0x92, 0x87, 
    0x92, 0x87, 0x92, 0x87, 0x92, 0x87, 0x92, 0x87, 0x92, 0x87, 0x92, 0x87, 0x92, 0x87, 0x92, 0x87, 
    0x92, 0x87, 0x92, 0x87, 0x92, 0x87, 0x92, 0x87, 0x92, 0x87, 0x92, 0x87, 0x92, 0x87, 0x39, 0x46, 
    0xbb, 0x6a, 0x92, 0x87, 0x92, 0x87, 0x71, 0xe7, 0x39, 0x46, 0x92, 0x87, 0x92, 0x87, 0x92, 0x87, 
    0x92, 0x87, 0x92, 0x87, 0x92, 0x87, 0x92, 0x87, 0x92, 0x87, 0x92, 0x87, 0x92, 0x87, 0x92, 0x87, 
    0x92, 0x87, 0x92, 0x87, 0x92, 0x87, 0x92, 0x87, 0x92, 0x87, 0x92, 0x87, 0x92, 0x87, 0x92, 0x87, 
    0x92, 0x87, 0x39, 0x46, 0x71, 0xe7, 0x92, 0x87, 0x92, 0x87, 0x92, 0x87, 0x39, 0x46, 0x2a, 0xc6, 
    0x2a, 0xc6, 0x2a, 0xc6, 0x2a, 0xc6, 0x07, 0xe0, 0x07, 0xe0, 0x07, 0xe0, 0x07, 0xe0, 0x07, 0xe0, 
    0x39, 0x46, 0xbb, 0x6a, 0x92, 0x87, 0x92, 0x87, 0x71, 0xe7, 0x39, 0x46, 0x92, 0x87, 0x71, 0xe7, 
    0x92, 0x87, 0x92, 0x87, 0x92, 0x87, 0x92, 0x87, 0x92, 0x87, 0x92, 0x87, 0x92, 0x87, 0x92, 0x87, 
    0x92, 0x87, 0x92, 0x87, 0x92, 0x87, 0x92, 0x87, 0x92, 0x87, 0x92, 0x87, 0x92, 0x87, 0x92, 0x87, 
    0x71, 0xe7, 0x92, 0x87, 0x39, 0x46, 0xbb, 0x6a, 0x92, 0x87, 0x92, 0x87, 0x71, 0xe7, 0x39, 0x46, 
    0x92, 0x87, 0x71, 0xe7, 0x92, 0x87, 0x92, 0x87, 0x92, 0x87, 0x92, 0x87, 0x92, 0x87, 0x92, 0x87, 
    0x92, 0x87, 0x92, 0x87, 0x92, 0x87, 0x92, 0x87, 0x92, 0x87, 0x92, 0x87, 0x92, 0x87, 0x92, 0x87, 
    0x92, 0x87, 0x92, 0x87, 0x71, 0xe7, 0x92, 0x87, 0x39, 0x46, 0x71, 0xe7, 0x92, 0x87, 0x92, 0x87, 
    0xbb, 0x6a, 0x39, 0x46, 0x2a, 0xc6, 0x2a, 0xc6, 0x2a, 0xc6, 0x2a, 0xc6, 0x2a, 0xc6, 0x07, 0xe0, 
    0x07, 0xe0, 0x07, 0xe0, 0x07, 0xe0, 0x39, 0x46, 0xbb, 0x6a, 0x92, 0x87, 0x92, 0x87, 0x71, 0xe7, 
    0x39, 0x46, 0x92, 0x87, 0x92, 0x87, 0x92, 0x87, 0x39, 0x46, 0x39, 0x46, 0x39, 0x46, 0x39, 0x46, 
    0x39, 0x46, 0x39, 0x46, 0x39, 0x46, 0x39, 0x46, 0x39, 0x46, 0x39, 0x46, 0x39, 0x46, 0x39, 0x46, 
    0x39, 0x46, 0x39, 0x46, 0x92, 0x87, 0x92, 0x87, 0x92, 0x87, 0x39, 0x46, 0xbb, 0x6a, 0x92, 0x87, 
    0x92, 0x87, 0x71, 0xe7, 0x39, 0x46, 0x92, 0x87, 0x92, 0x87, 0x92, 0x87, 0x92, 0x87, 0x92, 0x87, 
    0x92, 0x87, 0x92, 0x87, 0x92, 0x87, 0x92, 0x87, 0x92, 0x87, 0x92, 0x87, 0x92, 0x87, 0x92, 0x87, 
    0x92, 0x87, 0x92, 0x87, 0x92, 0x87, 0x92, 0x87, 0x92, 0x87, 0x92, 0x87, 0x92, 0x87, 0x39, 0x46, 
    0x71, 0xe7, 0x92, 0x87, 0x92, 0x87, 0xbb, 0x6a, 0x39, 0x46, 0x2a, 0xc6, 0x2a, 0xc6, 0x2a, 0xc6, 
    0x2a, 0xc6, 0x2a, 0xc6, 0x07, 0xe0, 0x07, 0xe0, 0x07, 0xe0, 0x07, 0xe0, 0x39, 0x46, 0xbb, 0x6a, 
    0x92, 0x87, 0x92, 0x87, 0x71, 0xe7, 0x39, 0x46, 0x71, 0xe7, 0x71, 0xe7, 0x39, 0x46, 0xbb, 0x6a, 
    0xbb, 0x6a, 0xbb, 0x6a, 0x92, 0x87, 0xbb, 0x6a, 0xbb, 0x6a, 0x92, 0x87, 0xbb, 0x6a, 0x92, 0x87, 
    0x92, 0x87, 0x92, 0x87, 0x92, 0x87, 0x92, 0x87, 0x92, 0x87, 0x39, 0x46, 0x71, 0xe7, 0x71, 0xe7, 
    0x39, 0x46, 0xbb, 0x6a, 0x92, 0x87, 0x92, 0x87, 0x71, 0xe7, 0x39, 0x46, 0x71, 0xe7, 0x71, 0xe7, 
    0x71, 0xe7, 0x71, 0xe7, 0x71, 0xe7, 0x71, 0xe7, 0x71, 0xe7, 0x71, 0xe7, 0x71, 0xe7, 0x71, 0xe7, 
    0x71, 0xe7, 0x71, 0xe7, 0x71, 0xe7, 0x71, 0xe7, 0x71, 0xe7, 0x71, 0xe7, 0x71, 0xe7, 0x71, 0xe7, 
    0x71, 0xe7, 0x71, 0xe7, 0x39, 0x46, 0x71, 0xe7, 0x92, 0x87, 0x92, 0x87, 0xbb, 0x6a, 0x39, 0x46, 
    0x2a, 0xc6, 0x2a, 0xc6, 0x2a, 0xc6, 0x2a, 0xc6, 0x2a, 0xc6, 0x07, 0xe0, 0x07, 0xe0, 0x07, 0xe0, 
    0x07, 0xe0, 0x39, 0x46, 0xbb, 0x6a, 0x92, 0x87, 0x92, 0x87, 0x71, 0xe7, 0x39, 0x46, 0x39, 0x46, 
    0x39, 0x46, 0x39, 0x46, 0xbb, 0x6a, 0x39, 0x46, 0x39, 0x46, 0x39, 0x46, 0x39, 0x46, 0x39, 0x46, 
    0x39, 0x46, 0x39, 0x46, 0x39, 0x46, 0x39, 0x46, 0x39, 0x46, 0x39, 0x46, 0x39, 0x46, 0x92, 0x87, 
    0x39, 0x46, 0x39, 0x46, 0x39, 0x46, 0x39, 0x46, 0xbb, 0x6a, 0x92, 0x87, 0x92, 0x87, 0x71, 0xe7, 
    0x39, 0x46, 0x39, 0x46, 0x39, 0x46, 0x39, 0x46, 0x39, 0x46, 0x39, 0x46, 0x39, 0x46, 0x39, 0x46, 
    0x39, 0x46, 0x39, 0x46, 0x39, 0x46, 0x39, 0x46, 0x39, 0x46, 0x39, 0x46, 0x39, 0x46, 0x39, 0x46, 
    0x39, 0x46, 0x39, 0x46, 0x39, 0x46, 0x39, 0x46, 0x39, 0x46, 0x39, 0x46, 0x71, 0xe7, 0x92, 0x87, 
    0x92, 0x87, 0xbb, 0x6a, 0x39, 0x46, 0x2a, 0xc6, 0x2a, 0xc6, 0x2a, 0xc6, 0x2a, 0xc6, 0x2a, 0xc6, 
    0x07, 0xe0, 0x07, 0xe0, 0x07, 0xe0, 0x07, 0xe0, 0x39, 0x46, 0xbb, 0x6a, 0x92, 0x87, 0x92, 0x87, 
    0x71, 0xe7, 0x39, 0x46, 0x71, 0xe7, 0x92, 0x87, 0x39, 0x46, 0xbb, 0x6a, 0x39, 0x46, 0x39, 0x46, 
    0x39, 0x46, 0x39, 0x46, 0x71, 0xe7, 0x39, 0x46, 0x39, 0x46, 0x71, 0xe7, 0x39, 0x46, 0x39, 0x46, 
    0x39, 0x46, 0x39, 0x46, 0x92, 0x87, 0x39, 0x46, 0x71, 0xe7, 0x92, 0x87, 0x39, 0x46, 0xbb, 0x6a, 
    0x92, 0x87, 0x92, 0x87, 0x71, 0xe7, 0x39, 0x46, 0x92, 0x87, 0x92, 0x87, 0x92, 0x87, 0x92, 0x87, 
    0x39, 0x46, 0xbb, 0x6a, 0xbb, 0x6a, 0xbb, 0x6a, 0x92, 0x87, 0xbb, 0x6a, 0xbb, 0x6a, 0x92, 0x87, 
    0xbb, 0x6a, 0x92, 0x87, 0x92, 0x87, 0x39, 0x46, 0x92, 0x87, 0x92, 0x87, 0x92, 0x87, 0x92, 0x87, 
    0x39, 0x46, 0x71, 0xe7, 0x92, 0x87, 0x92, 0x87, 0xbb, 0x6a, 0x39, 0x46, 0x2a, 0xc6, 0x2a, 0xc6, 
    0x2a, 0xc6, 0x2a, 0xc6, 0x2a, 0xc6, 0x07, 0xe0, 0x07, 0xe0, 0x07, 0xe0, 0x07, 0xe0, 0x39, 0x46, 
    0xbb, 0x6a, 0x92, 0x87, 0x92, 0x87, 0x71, 0xe7, 0x39, 0x46, 0x71, 0xe7, 0x92, 0x87, 0x39, 0x46, 
    0x92, 0x87, 0x39, 0x46, 0x39, 0x46, 0x39, 0x46, 0x71, 0xe7, 0x71, 0xe7, 0x39, 0x46, 0x71, 0xe7, 
    0x71, 0xe7, 0x71, 0xe7, 0x39, 0x46, 0x39, 0x46, 0x39, 0x46, 0x92, 0x87, 0x39, 0x46, 0x71, 0xe7, 
    0x92, 0x87, 0x39, 0x46, 0xbb, 0x6a, 0x92, 0x87, 0x92, 0x87, 0x71, 0xe7, 0x39, 0x46, 0x92, 0x87, 
    0x71, 0xe7, 0x92, 0x87, 0x92, 0x87, 0x39, 0x46, 0xbb, 0x6a, 0x39, 0x46, 0x39, 0x46, 0x39, 0x46, 
    0x39, 0x46, 0x39, 0x46, 0x39, 0x46, 0x39, 0x46, 0x39, 0x46, 0x71, 0xe7, 0x39, 0x46, 0x92, 0x87, 
    0x92, 0x87, 0x71, 0xe7, 0x92, 0x87, 0x39, 0x46, 0x71, 0xe7, 0x92, 0x87, 0x92, 0x87, 0xbb, 0x6a, 
    0x39, 0x46, 0x2a, 0xc6, 0x2a, 0xc6, 0x2a, 0xc6, 0x07, 0xe0, 0x07, 0xe0, 0x07, 0xe0, 0x07, 0xe0, 
    0x07, 0xe0, 0x07, 0xe0, 0x39, 0x46, 0xbb, 0x6a, 0x92, 0x87, 0x92, 0x87, 0x71, 0xe7, 0x39, 0x46, 
    0x71, 0xe7, 0x92, 0x87, 0x39, 0x46, 0xbb, 0x6a, 0x39, 0x46, 0x71, 0xe7, 0x39, 0x46, 0x71, 0xe7, 
    0x71, 0xe7, 0x71, 0xe7, 0x71, 0xe7, 0x71, 0xe7, 0x71, 0xe7, 0x39, 0x46, 0x71, 0xe7, 0x39, 0x46, 
    0x92, 0x87, 0x39, 0x46, 0x71, 0xe7, 0x92, 0x87, 0x39, 0x46, 0xbb, 0x6a, 0x92, 0x87, 0x92, 0x87, 
    0x71, 0xe7, 0x39, 0x46, 0x92, 0x87, 0x92, 0x87, 0x92, 0x87, 0x92, 0x87, 0x39, 0x46, 0xbb, 0x6a, 
    0x39, 0x46, 0x04, 0xdb, 0x0f, 0x9f, 0x0f, 0x9f, 0x06, 0x7f, 0x0f, 0x9f, 0x04, 0xdb, 0x39, 0x46, 
    0x71, 0xe7, 0x39, 0x46, 0x92, 0x87, 0x92, 0x87, 0x92, 0x87, 0x92, 0x87, 0x39, 0x46, 0x71, 0xe7, 
    0x92, 0x87, 0x92, 0x87, 0xbb, 0x6a, 0x39, 0x46, 0x2a, 0xc6, 0x2a, 0xc6, 0x2a, 0xc6, 0x07, 0xe0, 
    0x07, 0xe0, 0x07, 0xe0, 0x07, 0xe0, 0x07, 0xe0, 0x07, 0xe0, 0x39, 0x46, 0xbb, 0x6a, 0x92, 0x87, 
    0x92, 0x87, 0x71, 0xe7, 0x39, 0x46, 0x71, 0xe7, 0x71, 0xe7, 0x39, 0x46, 0xbb, 0x6a, 0x39, 0x46, 
    0x71, 0xe7, 0x39, 0x46, 0x71, 0xe7, 0x71, 0xe7, 0x71, 0xe7, 0x71, 0xe7, 0x71, 0xe7, 0x71, 0xe7, 
    0x71, 0xe7, 0x71, 0xe7, 0x39, 0x46, 0x92, 0x87, 0x39, 0x46, 0x71, 0xe7, 0x71, 0xe7, 0x39, 0x46, 
    0xbb, 0x6a, 0x92, 0x87, 0x92, 0x87, 0x71, 0xe7, 0x39, 0x46, 0x71, 0xe7, 0x71, 0xe7, 0x71, 0xe7, 
    0x71, 0xe7, 0x39, 0x46, 0x92, 0x87, 0x39, 0x46, 0x0f, 0x9f, 0x0f, 0x9f, 0x06, 0x7f, 0x0f, 0x9f, 
    0x06, 0x7f, 0x06, 0x7f, 0x39, 0x46, 0x71, 0xe7, 0x39, 0x46, 0x71, 0xe7, 0x71, 0xe7, 0x71, 0xe7, 
    0x71, 0xe7, 0x39, 0x46, 0x71, 0xe7, 0x92, 0x87, 0x92, 0x87, 0xbb, 0x6a, 0x39, 0x46, 0x2a, 0xc6, 
    0x2a, 0xc6, 0x2a, 0xc6, 0x07, 0xe0, 0x07, 0xe0, 0x07, 0xe0, 0x07, 0xe0, 0x07, 0xe0, 0x07, 0xe0, 
    0x39, 0x46, 0xbb, 0x6a, 0x92, 0x87, 0x92, 0x87, 0x71, 0xe7, 0x39, 0x46, 0x39, 0x46, 0x39, 0x46, 
    0x39, 0x46, 0x92, 0x87, 0x39, 0x46, 0x71, 0xe7, 0x71, 0xe7, 0x71, 0xe7, 0x71, 0xe7, 0x71, 0xe7, 
    0x71, 0xe7, 0x71, 0xe7, 0x71, 0xe7, 0x39, 0x46, 0x71, 0xe7, 0x39, 0x46, 0x92, 0x87, 0x39, 0x46, 
    0x39, 0x46, 0x39, 0x46, 0x39, 0x46, 0xbb, 0x6a, 0x92, 0x87, 0x92, 0x87, 0x71, 0xe7, 0x39, 0x46, 
    0x39, 0x46, 0x39, 0x46, 0x39, 0x46, 0x39, 0x46, 0x39, 0x46, 0xbb, 0x6a, 0x39, 0x46, 0x0f, 0x9f, 
    0x06, 0x7f, 0x0f, 0x9f, 0x06, 0x7f, 0x06, 0x7f, 0x06, 0x7f, 0x39, 0x46, 0x71, 0xe7, 0x39, 0x46, 
    0x39, 0x46, 0x39, 0x46, 0x39, 0x46, 0x39, 0x46, 0x39, 0x46, 0x71, 0xe7, 0x92, 0x87, 0x92, 0x87, 
    0xbb, 0x6a, 0x39, 0x46, 0x2a, 0xc6, 0x2a, 0xc6, 0x2a, 0xc6, 0x07, 0xe0, 0x07, 0xe0, 0x07, 0xe0, 
    0x07, 0xe0, 0x07, 0xe0, 0x07, 0xe0, 0x39, 0x46, 0xbb, 0x6a, 0x92, 0x87, 0x92, 0x87, 0x71, 0xe7, 
    0x39, 0x46, 0x71, 0xe7, 0x92, 0x87, 0x39, 0x46, 0xbb, 0x6a, 0x39, 0x46, 0x71, 0xe7, 0x71, 0xe7, 
    0x71, 0xe7, 0x71, 0xe7, 0x71, 0xe7, 0x71, 0xe7, 0x71, 0xe7, 0x71, 0xe7, 0x71, 0xe7, 0x71, 0xe7, 
    0x39, 0x46, 0x92, 0x87, 0x39, 0x46, 0x71, 0xe7, 0x92, 0x87, 0x39, 0x46, 0xbb, 0x6a, 0x92, 0x87, 
    0x92, 0x87, 0x71, 0xe7, 0x39, 0x46, 0x92, 0x87, 0x92, 0x87, 0x92, 0x87, 0x92, 0x87, 0x39, 0x46, 
    0xbb, 0x6a, 0x39, 0x46, 0x06, 0x7f, 0x0f, 0x9f, 0x06, 0x7f, 0x06, 0x7f, 0x06, 0x7f, 0x04, 0xdb, 
    0x39, 0x46, 0x71, 0xe7, 0x39, 0x46, 0x92, 0x87, 0x92, 0x87, 0x92, 0x87, 0x92, 0x87, 0x39, 0x46, 
    0x71, 0xe7, 0x92, 0x87, 0x92, 0x87, 0xbb, 0x6a, 0x39, 0x46, 0x2a, 0xc6, 0x2a, 0xc6, 0x2a, 0xc6, 
    0x07, 0xe0, 0x07, 0xe0, 0x07, 0xe0, 0x07, 0xe0, 0x07, 0xe0, 0x07, 0xe0, 0x39, 0x46, 0xbb, 0x6a, 
    0x92, 0x87, 0x92, 0x87, 0x71, 0xe7, 0x39, 0x46, 0x71, 0xe7, 0x92, 0x87, 0x39, 0x46, 0xbb, 0x6a, 
    0x39, 0x46, 0x71, 0xe7, 0x39, 0x46, 0x71, 0xe7, 0x71, 0xe7, 0x71, 0xe7, 0x71, 0xe7, 0x71, 0xe7, 
    0x71, 0xe7, 0x71, 0xe7, 0x71, 0xe7, 0x39, 0x46, 0x92, 0x87, 0x39, 0x46, 0x71, 0xe7, 0x92, 0x87, 
    0x39, 0x46, 0xbb, 0x6a, 0x92, 0x87, 0x92, 0x87, 0x71, 0xe7, 0x39, 0x46, 0x92, 0x87, 0x71, 0xe7, 
    0x92, 0x87, 0x92, 0x87, 0x39, 0x46, 0x92, 0x87, 0x39, 0x46, 0x0f, 0x9f, 0x06, 0x7f, 0x06, 0x7f, 
    0x06, 0x7f, 0x04, 0xdb, 0x06, 0x7f, 0x39, 0x46, 0x71, 0xe7, 0x39, 0x46, 0x92, 0x87, 0x92, 0x87, 
    0x71, 0xe7, 0x92, 0x87, 0x39, 0x46, 0x71, 0xe7, 0x92, 0x87, 0x92, 0x87, 0xbb, 0x6a, 0x39, 0x46, 
    0x2a, 0xc6, 0x2a, 0xc6, 0x2a, 0xc6, 0x07, 0xe0, 0x07, 0xe0, 0x07, 0xe0, 0x07, 0xe0, 0x07, 0xe0, 
    0x07, 0xe0, 0x39, 0x46, 0xbb, 0x6a, 0x92, 0x87, 0x92, 0x87, 0x71, 0xe7, 0x39, 0x46, 0x71, 0xe7, 
    0x92, 0x87, 0x39, 0x46, 0x92, 0x87, 0x39, 0x46, 0x71, 0xe7, 0x71, 0xe7, 0x71, 0xe7, 0x71, 0xe7, 
    0x71, 0xe7, 0x71, 0xe7, 0x71, 0xe7, 0x71, 0xe7, 0x71, 0xe7, 0x71, 0xe7, 0x39, 0x46, 0x92, 0x87, 
    0x39, 0x46, 0x71, 0xe7, 0x92, 0x87, 0x39, 0x46, 0xbb, 0x6a, 0x92, 0x87, 0x92, 0x87, 0x71, 0xe7, 
    0x39, 0x46, 0x92, 0x87, 0x92, 0x87, 0x92, 0x87, 0x92, 0x87, 0x39, 0x46, 0xbb, 0x6a, 0x39, 0x46, 
    0x06, 0x7f, 0x06, 0x7f, 0x06, 0x7f, 0x04, 0xdb, 0x06, 0x7f, 0x04, 0xdb, 0x39, 0x46, 0x71, 0xe7, 
    0x39, 0x46, 0x92, 0x87, 0x92, 0x87, 0x92, 0x87, 0x92, 0x87, 0x39, 0x46, 0x71, 0xe7, 0x92, 0x87, 
    0x92, 0x87, 0xbb, 0x6a, 0x39, 0x46, 0x2a, 0xc6, 0x2a, 0xc6, 0x2a, 0xc6, 0x07, 0xe0, 0x07, 0xe0, 
    0x07, 0xe0, 0x07, 0xe0, 0x07, 0xe0, 0x07, 0xe0, 0x39, 0x46, 0xbb, 0x6a, 0x92, 0x87, 0x92, 0x87, 
    0x71, 0xe7, 0x39, 0x46, 0x71, 0xe7, 0x71, 0xe7, 0x39, 0x46, 0x92, 0x87, 0x39, 0x46, 0x71, 0xe7, 
    0x71, 0xe7, 0x71, 0xe7, 0x71, 0xe7, 0x71, 0xe7, 0x71, 0xe7, 0x71, 0xe7, 0x71, 0xe7, 0x71, 0xe7, 
    0x71, 0xe7, 0x39, 0x46, 0x92, 0x87, 0x39, 0x46, 0x71, 0xe7, 0x71, 0xe7, 0x39, 0x46, 0xbb, 0x6a, 
    0x92, 0x87, 0x92, 0x87, 0x71, 0xe7, 0x39, 0x46, 0x71, 0xe7, 0x71, 0xe7, 0x71, 0xe7, 0x71, 0xe7, 
    0x39, 0x46, 0xbb, 0x6a, 0x39, 0x46, 0x06, 0x7f, 0x06, 0x7f, 0x04, 0xdb, 0x06, 0x7f, 0x04, 0xdb, 
    0x04, 0xdb, 0x39, 0x46, 0x71, 0xe7, 0x39, 0x46, 0x71, 0xe7, 0x71, 0xe7, 0x71, 0xe7, 0x71, 0xe7, 
    0x39, 0x46, 0x71, 0xe7, 0x92, 0x87, 0x92, 0x87, 0xbb, 0x6a, 0x39, 0x46, 0x2a, 0xc6, 0x2a, 0xc6, 
    0x2a, 0xc6, 0x07, 0xe0, 0x07, 0xe0, 0x07, 0xe0, 0x07, 0xe0, 0x07, 0xe0, 0x07, 0xe0, 0x39, 0x46, 
    0xbb, 0x6a, 0x92, 0x87, 0x92, 0x87, 0x71, 0xe7, 0x39, 0x46, 0x39, 0x46, 0x39, 0x46, 0x39, 0x46, 
    0xbb, 0x6a, 0x39, 0x46, 0x71, 0xe7, 0x71, 0xe7, 0x71, 0xe7, 0x71, 0xe7, 0x71, 0xe7, 0x71, 0xe7, 
    0x71, 0xe7, 0x39, 0x46, 0x39, 0x46, 0x71, 0xe7, 0x39, 0x46, 0x92, 0x87, 0x39, 0x46, 0x39, 0x46, 
    0x39, 0x46, 0x39, 0x46, 0xbb, 0x6a, 0x92, 0x87, 0x92, 0x87, 0x71, 0xe7, 0x39, 0x46, 0x39, 0x46, 
    0x39, 0x46, 0x39, 0x46, 0x39, 0x46, 0x39, 0x46, 0x92, 0x87, 0x39, 0x46, 0x06, 0x7f, 0x04, 0xdb, 
    0x06, 0x7f, 0x04, 0xdb, 0x04, 0xdb, 0x04, 0xdb, 0x39, 0x46, 0x71, 0xe7, 0x39, 0x46, 0x39, 0x46, 
    0x39, 0x46, 0x39, 0x46, 0x39, 0x46, 0x39, 0x46, 0x71, 0xe7, 0x92, 0x87, 0x92, 0x87, 0xbb, 0x6a, 
    0x39, 0x46, 0x2a, 0xc6, 0x2a, 0xc6, 0x2a, 0xc6, 0x07, 0xe0, 0x07, 0xe0, 0x07, 0xe0, 0x07, 0xe0, 
    0x07, 0xe0, 0x07, 0xe0, 0x39, 0x46, 0xbb, 0x6a, 0x92, 0x87, 0x92, 0x87, 0x71, 0xe7, 0x39, 0x46, 
    0x71, 0xe7, 0x92, 0x87, 0x39, 0x46, 0x92, 0x87, 0x39, 0x46, 0x71, 0xe7, 0x71, 0xe7, 0x71, 0xe7, 
    0x71, 0xe7, 0x71, 0xe7, 0x71, 0xe7, 0x39, 0x46, 0xe5, 0x2e, 0xe5, 0x2e, 0x39, 0x46, 0x39, 0x46, 
    0x92, 0x87, 0x39, 0x46, 0x71, 0xe7, 0x92, 0x87, 0x39, 0x46, 0xbb, 0x6a, 0x92, 0x87, 0x92, 0x87, 
    0x71, 0xe7, 0x39, 0x46, 0x92, 0x87, 0x92, 0x87, 0x92, 0x87, 0x92, 0x87, 0x39, 0x46, 0xbb, 0x6a, 
    0x39, 0x46, 0x04, 0xdb, 0x06, 0x7f, 0x04, 0xdb, 0x04, 0xdb, 0x04, 0xdb, 0x03, 0x55, 0x39, 0x46, 
    0x71, 0xe7, 0x39, 0x46, 0x92, 0x87, 0x92, 0x87, 0x92, 0x87, 0x92, 0x87, 0x39, 0x46, 0x71, 0xe7, 
    0x92, 0x87, 0x92, 0x87, 0xbb, 0x6a, 0x39, 0x46, 0x2a, 0xc6, 0x2a, 0xc6, 0x2a, 0xc6, 0x07, 0xe0, 
    0x07, 0xe0, 0x07, 0xe0, 0x07, 0xe0, 0x07, 0xe0, 0x07, 0xe0, 0x39, 0x46, 0xbb, 0x6a, 0x92, 0x87, 
    0x92, 0x87, 0x71, 0xe7, 0x39, 0x46, 0x71, 0xe7, 0x92, 0x87, 0x39, 0x46, 0x92, 0x87, 0x39, 0x46, 
    0x71, 0xe7, 0x71, 0xe7, 0x71, 0xe7, 0x71, 0xe7, 0x71, 0xe7, 0x71, 0xe7, 0x39, 0x46, 0xe5, 0x2e, 
    0xbb, 0x6a, 0x39, 0x46, 0x39, 0x46, 0x92, 0x87, 0x39, 0x46, 0x71, 0xe7, 0x92, 0x87, 0x39, 0x46, 
    0xbb, 0x6a, 0x92, 0x87, 0x92, 0x87, 0x71, 0xe7, 0x39, 0x46, 0x92, 0x87, 0x71, 0xe7, 0x92, 0x87, 
    0x92, 0x87, 0x39, 0x46, 0x92, 0x87, 0x39, 0x46, 0x06, 0x7f, 0x04, 0xdb, 0x04, 0xdb, 0x04, 0xdb, 
    0x03, 0x55, 0x03, 0x55, 0x39, 0x46, 0x71, 0xe7, 0x39, 0x46, 0x92, 0x87, 0x92, 0x87, 0x71, 0xe7, 
    0x92, 0x87, 0x39, 0x46, 0x71, 0xe7, 0x92, 0x87, 0x92, 0x87, 0xbb, 0x6a, 0x39, 0x46, 0x2a, 0xc6, 
    0x2a, 0xc6, 0x2a, 0xc6, 0x07, 0xe0, 0x07, 0xe0, 0x07, 0xe0, 0x07, 0xe0, 0x07, 0xe0, 0x07, 0xe0, 
    0x39, 0x46, 0xbb, 0x6a, 0x92, 0x87, 0x92, 0x87, 0x71, 0xe7, 0x39, 0x46, 0x71, 0xe7, 0x92, 0x87, 
    0x39, 0x46, 0x92, 0x87, 0x39, 0x46, 0x39, 0x46, 0x71, 0xe7, 0x71, 0xe7, 0x71, 0xe7, 0x71, 0xe7, 
    0x71, 0xe7, 0x71, 0xe7, 0x39, 0x46, 0x39, 0x46, 0x71, 0xe7, 0x39, 0x46, 0x92, 0x87, 0x39, 0x46, 
    0x71, 0xe7, 0x92, 0x87, 0x39, 0x46, 0xbb, 0x6a, 0x92, 0x87, 0x92, 0x87, 0x71, 0xe7, 0x39, 0x46, 
    0x92, 0x87, 0x92, 0x87, 0x92, 0x87, 0x92, 0x87, 0x39, 0x46, 0x92, 0x87, 0x39, 0x46, 0x39, 0x46, 
    0x39, 0x46, 0x39, 0x46, 0x39, 0x46, 0x39, 0x46, 0x39, 0x46, 0x39, 0x46, 0x71, 0xe7, 0x39, 0x46, 
    0x92, 0x87, 0x92, 0x87, 0x92, 0x87, 0x92, 0x87, 0x39, 0x46, 0x71, 0xe7, 0x92, 0x87, 0x92, 0x87, 
    0xbb, 0x6a, 0x39, 0x46, 0x2a, 0xc6, 0x2a, 0xc6, 0x2a, 0xc6, 0x07, 0xe0, 0x07, 0xe0, 0x07, 0xe0, 
    0x07, 0xe0, 0x07, 0xe0, 0x07, 0xe0, 0x39, 0x46, 0xbb, 0x6a, 0x92, 0x87, 0x92, 0x87, 0x71, 0xe7, 
    0x39, 0x46, 0x71, 0xe7, 0x71, 0xe7, 0x39, 0x46, 0x92, 0x87, 0x39, 0x46, 0x71, 0xe7, 0x71, 0xe7, 
    0x71, 0xe7, 0x71, 0xe7, 0x71, 0xe7, 0x39, 0x46, 0x71, 0xe7, 0x71, 0xe7, 0x71, 0xe7, 0x71, 0xe7, 
    0x39, 0x46, 0x92, 0x87, 0x39, 0x46, 0x71, 0xe7, 0x71, 0xe7, 0x39, 0x46, 0xbb, 0x6a, 0x92, 0x87, 
    0x92, 0x87, 0x71, 0xe7, 0x39, 0x46, 0x71, 0xe7, 0x71, 0xe7, 0x71, 0xe7, 0x71, 0xe7, 0x39, 0x46, 
    0x92, 0x87, 0x71, 0xe7, 0x71, 0xe7, 0x71, 0xe7, 0x71, 0xe7, 0x71, 0xe7, 0x71, 0xe7, 0x71, 0xe7, 
    0x71, 0xe7, 0x71, 0xe7, 0x39, 0x46, 0x71, 0xe7, 0x71, 0xe7, 0x71, 0xe7, 0x71, 0xe7, 0x39, 0x46, 
    0x71, 0xe7, 0x92, 0x87, 0x92, 0x87, 0xbb, 0x6a, 0x39, 0x46, 0x2a, 0xc6, 0x2a, 0xc6, 0x2a, 0xc6, 
    0x07, 0xe0, 0x07, 0xe0, 0x07, 0xe0, 0x07, 0xe0, 0x07, 0xe0, 0x07, 0xe0, 0x39, 0x46, 0xbb, 0x6a, 
    0x92, 0x87, 0x92, 0x87, 0x71, 0xe7, 0x39, 0x46, 0x39, 0x46, 0x39, 0x46, 0x39, 0x46, 0x92, 0x87, 
    0x39, 0x46, 0x39, 0x46, 0x71, 0xe7, 0x71, 0xe7, 0x71, 0xe7, 0x71, 0xe7, 0x71, 0xe7, 0x71, 0xe7, 
    0x71, 0xe7, 0x71, 0xe7, 0x39, 0x46, 0x39, 0x46, 0x92, 0x87, 0x39, 0x46, 0x39, 0x46, 0x39, 0x46, 
    0x39, 0x46, 0xbb, 0x6a, 0x92, 0x87, 0x92, 0x87, 0x71, 0xe7, 0x39, 0x46, 0x39, 0x46, 0x39, 0x46, 
    0x39, 0x46, 0x39, 0x46, 0x39, 0x46, 0x39, 0x46, 0x39, 0x46, 0x39, 0x46, 0x39, 0x46, 0x39, 0x46, 
    0x39, 0x46, 0x39, 0x46, 0x39, 0x46, 0x39, 0x46, 0x39, 0x46, 0x39, 0x46, 0x39, 0x46, 0x39, 0x46, 
    0x39, 0x46, 0x39, 0x46, 0x39, 0x46, 0x71, 0xe7, 0x92, 0x87, 0x92, 0x87, 0xbb, 0x6a, 0x39, 0x46, 
    0x2a, 0xc6, 0x2a, 0xc6, 0x2a, 0xc6, 0x07, 0xe0, 0x07, 0xe0, 0x07, 0xe0, 0x07, 0xe0, 0x07, 0xe0, 
    0x07, 0xe0, 0x39, 0x46, 0xbb, 0x6a, 0x92, 0x87, 0x92, 0x87, 0x71, 0xe7, 0x39, 0x46, 0x71, 0xe7, 
    0x92, 0x87, 0x39, 0x46, 0x92, 0x87, 0x39, 0x46, 0x39, 0x46, 0x71, 0xe7, 0x71, 0xe7, 0x71, 0xe7, 
    0x71, 0xe7, 0x39, 0x46, 0x71, 0xe7, 0x71, 0xe7, 0x71, 0xe7, 0x39, 0x46, 0x39, 0x46, 0x92, 0x87, 
    0x39, 0x46, 0x71, 0xe7, 0x92, 0x87, 0x39, 0x46, 0xbb, 0x6a, 0x92, 0x87, 0x92, 0x87, 0x71, 0xe7, 
    0x39, 0x46, 0x92, 0x87, 0x92, 0x87, 0x92, 0x87, 0x92, 0x87, 0x92, 0x87, 0x92, 0x87, 0x92, 0x87, 
    0x92, 0x87, 0x92, 0x87, 0x92, 0x87, 0x92, 0x87, 0x92, 0x87, 0x92, 0x87, 0x92, 0x87, 0x92, 0x87, 
    0x92, 0x87, 0x92, 0x87, 0x92, 0x87, 0x92, 0x87, 0x92, 0x87, 0x39, 0x46, 0x71, 0xe7, 0x92, 0x87, 
    0x92, 0x87, 0xbb, 0x6a, 0x39, 0x46, 0x2a, 0xc6, 0x2a, 0xc6, 0x2a, 0xc6, 0x07, 0xe0, 0x07, 0xe0, 
    0x07, 0xe0, 0x07, 0xe0, 0x07, 0xe0, 0x07, 0xe0, 0x39, 0x46, 0xbb, 0x6a, 0x92, 0x87, 0x92, 0x87, 
    0x71, 0xe7, 0x39, 0x46, 0x71, 0xe7, 0x92, 0x87, 0x39, 0x46, 0x92, 0x87, 0x39, 0x46, 0x39, 0x46, 
    0x71, 0xe7, 0x71, 0xe7, 0x71, 0xe7, 0x71, 0xe7, 0x39, 0x46, 0x71, 0xe7, 0x71, 0xe7, 0x71, 0xe7, 
    0x39, 0x46, 0x39, 0x46, 0x92, 0x87, 0x39, 0x46, 0x71, 0xe7, 0x92, 0x87, 0x39, 0x46, 0xbb, 0x6a, 
    0x92, 0x87, 0x92, 0x87, 0x71, 0xe7, 0x39, 0x46, 0x92, 0x87, 0x71, 0xe7, 0x92, 0x87, 0x92, 0x87, 
    0x92, 0x87, 0x92, 0x87, 0x92, 0x87, 0x92, 0x87, 0x92, 0x87, 0x92, 0x87, 0x92, 0x87, 0x92, 0x87, 
    0x92, 0x87, 0x92, 0x87, 0x92, 0x87, 0x92, 0x87, 0x92, 0x87, 0x92, 0x87, 0x71, 0xe7, 0x92, 0x87, 
    0x39, 0x46, 0x71, 0xe7, 0x92, 0x87, 0x92, 0x87, 0xbb, 0x6a, 0x39, 0x46, 0x2a, 0xc6, 0x2a, 0xc6, 
    0x2a, 0xc6, 0x07, 0xe0, 0x07, 0xe0, 0x07, 0xe0, 0x07, 0xe0, 0x07, 0xe0, 0x07, 0xe0, 0x39, 0x46, 
    0xbb, 0x6a, 0x92, 0x87, 0x92, 0x87, 0x71, 0xe7, 0x39, 0x46, 0x71, 0xe7, 0x92, 0x87, 0x39, 0x46, 
    0x92, 0x87, 0x39, 0x46, 0x39, 0x46, 0x39, 0x46, 0x39, 0x46, 0x39, 0x46, 0x39, 0x46, 0x39, 0x46, 
    0x39, 0x46, 0x39, 0x46, 0x39, 0x46, 0x39, 0x46, 0x39, 0x46, 0x92, 0x87, 0x39, 0x46, 0x71, 0xe7, 
    0x92, 0x87, 0x39, 0x46, 0xbb, 0x6a, 0x92, 0x87, 0x92, 0x87, 0x71, 0xe7, 0x39, 0x46, 0x92, 0x87, 
    0x92, 0x87, 0x92, 0x87, 0x92, 0x87, 0x92, 0x87, 0x92, 0x87, 0x92, 0x87, 0x92, 0x87, 0x92, 0x87, 
    0x92, 0x87, 0x92, 0x87, 0x92, 0x87, 0x92, 0x87, 0x92, 0x87, 0x92, 0x87, 0x92, 0x87, 0x92, 0x87, 
    0x92, 0x87, 0x92, 0x87, 0x92, 0x87, 0x39, 0x46, 0x71, 0xe7, 0x92, 0x87, 0x92, 0x87, 0xbb, 0x6a, 
    0x39, 0x46, 0x2a, 0xc6, 0x2a, 0xc6, 0x2a, 0xc6, 0x07, 0xe0, 0x07, 0xe0, 0x07, 0xe0, 0x07, 0xe0, 
    0x07, 0xe0, 0x07, 0xe0, 0x39, 0x46, 0xbb, 0x6a, 0x92, 0x87, 0x92, 0x87, 0x71, 0xe7, 0x39, 0x46, 
    0x71, 0xe7, 0x71, 0xe7, 0x39, 0x46, 0x92, 0x87, 0x39, 0x46, 0x2a, 0xc6, 0x2a, 0xc6, 0x2a, 0xc6, 
    0x2a, 0xc6, 0x2a, 0xc6, 0x2a, 0xc6, 0x2a, 0xc6, 0x2a, 0xc6, 0x2a, 0xc6, 0x2a, 0xc6, 0x39, 0x46, 
    0x92, 0x87, 0x39, 0x46, 0x71, 0xe7, 0x71, 0xe7, 0x39, 0x46, 0xbb, 0x6a, 0x92, 0x87, 0x92, 0x87, 
    0x71, 0xe7, 0x39, 0x46, 0x71, 0xe7, 0x71, 0xe7, 0x71, 0xe7, 0x71, 0xe7, 0x71, 0xe7, 0x71, 0xe7, 
    0x71, 0xe7, 0x71, 0xe7, 0x71, 0xe7, 0x71, 0xe7, 0x71, 0xe7, 0x71, 0xe7, 0x71, 0xe7, 0x71, 0xe7, 
    0x71, 0xe7, 0x71, 0xe7, 0x71, 0xe7, 0x71, 0xe7, 0x71, 0xe7, 0x71, 0xe7, 0x39, 0x46, 0x71, 0xe7, 
    0x92, 0x87, 0x92, 0x87, 0xbb, 0x6a, 0x39, 0x46, 0x2a, 0xc6, 0x2a, 0xc6, 0x2a, 0xc6, 0x07, 0xe0, 
    0x07, 0xe0, 0x07, 0xe0, 0x07, 0xe0, 0x07, 0xe0, 0x07, 0xe0, 0x39, 0x46, 0xbb, 0x6a, 0xbb, 0x6a, 
    0x92, 0x87, 0x71, 0xe7, 0x39, 0x46, 0x39, 0x46, 0x39, 0x46, 0x39, 0x46, 0x39, 0x46, 0x2a, 0xc6, 
    0x2a, 0xc6, 0x2a, 0xc6, 0x2a, 0xc6, 0x2a, 0xc6, 0x2a, 0xc6, 0x2a, 0xc6, 0x2a, 0xc6, 0x2a, 0xc6, 
    0x2a, 0xc6, 0x2a, 0xc6, 0x2a, 0xc6, 0x39, 0x46, 0x39, 0x46, 0x39, 0x46, 0x39, 0x46, 0x39, 0x46, 
    0xbb, 0x6a, 0xbb, 0x6a, 0x92, 0x87, 0x71, 0xe7, 0x39, 0x46, 0x39, 0x46, 0x39, 0x46, 0x39, 0x46, 
    0x39, 0x46, 0x39, 0x46, 0x39, 0x46, 0x39, 0x46, 0x39, 0x46, 0x39, 0x46, 0x39, 0x46, 0x39, 0x46, 
    0x39, 0x46, 0x39, 0x46, 0x39, 0x46, 0x39, 0x46, 0x39, 0x46, 0x39, 0x46, 0x39, 0x46, 0x39, 0x46, 
    0x39, 0x46, 0x39, 0x46, 0x71, 0xe7, 0x92, 0x87, 0xbb, 0x6a, 0xbb, 0x6a, 0x39, 0x46, 0x2a, 0xc6, 
    0x2a, 0xc6, 0x2a, 0xc6, 0x07, 0xe0, 0x07, 0xe0, 0x07, 0xe0, 0x07, 0xe0, 0x07, 0xe0, 0x07, 0xe0, 
    0x2a, 0xc6, 0x39, 0x46, 0x39, 0x46, 0x39, 0x46, 0x39, 0x46, 0x2a, 0xc6, 0x2a, 0xc6, 0x2a, 0xc6, 
    0x2a, 0xc6, 0x2a, 0xc6, 0x2a, 0xc6, 0x2a, 0xc6, 0x2a, 0xc6, 0x2a, 0xc6, 0x2a, 0xc6, 0x2a, 0xc6, 
    0x2a, 0xc6, 0x2a, 0xc6, 0x2a, 0xc6, 0x2a, 0xc6, 0x2a, 0xc6, 0x2a, 0xc6, 0x2a, 0xc6, 0x2a, 0xc6, 
    0x2a, 0xc6, 0x2a, 0xc6, 0x2a, 0xc6, 0x39, 0x46, 0x39, 0x46, 0x39, 0x46, 0x39, 0x46, 0x2a, 0xc6, 
    0x2a, 0xc6, 0x2a, 0xc6, 0x2a, 0xc6, 0x2a, 0xc6, 0x2a, 0xc6, 0x2a, 0xc6, 0x2a, 0xc6, 0x2a, 0xc6, 
    0x2a, 0xc6, 0x2a, 0xc6, 0x2a, 0xc6, 0x2a, 0xc6, 0x2a, 0xc6, 0x2a, 0xc6, 0x2a, 0xc6, 0x2a, 0xc6, 
    0x2a, 0xc6, 0x2a, 0xc6, 0x2a, 0xc6, 0x2a, 0xc6, 0x2a, 0xc6, 0x39, 0x46, 0x39, 0x46, 0x39, 0x46, 
    0x39, 0x46, 0x2a, 0xc6, 0x2a, 0xc6, 0x2a, 0xc6, 0x2a, 0xc6, 0x07, 0xe0, 0x07, 0xe0, 0x07, 0xe0, 
    0x07, 0xe0, 0x07, 0xe0, 0x07, 0xe0, 0x2a, 0xc6, 0x2a, 0xc6, 0x2a, 0xc6, 0x2a, 0xc6, 0x2a, 0xc6, 
    0x2a, 0xc6, 0x2a, 0xc6, 0x2a, 0xc6, 0x2a, 0xc6, 0x2a, 0xc6, 0x2a, 0xc6, 0x2a, 0xc6, 0x2a, 0xc6, 
    0x2a, 0xc6, 0x2a, 0xc6, 0x2a, 0xc6, 0x2a, 0xc6, 0x2a, 0xc6, 0x2a, 0xc6, 0x2a, 0xc6, 0x2a, 0xc6, 
    0x2a, 0xc6, 0x2a, 0xc6, 0x2a, 0xc6, 0x2a, 0xc6, 0x2a, 0xc6, 0x2a, 0xc6, 0x2a, 0xc6, 0x2a, 0xc6, 
    0x2a, 0xc6, 0x2a, 0xc6, 0x2a, 0xc6, 0x2a, 0xc6, 0x2a, 0xc6, 0x2a, 0xc6, 0x2a, 0xc6, 0x2a, 0xc6, 
    0x2a, 0xc6, 0x2a, 0xc6, 0x2a, 0xc6, 0x2a, 0xc6, 0x2a, 0xc6, 0x2a, 0xc6, 0x2a, 0xc6, 0x2a, 0xc6, 
    0x2a, 0xc6, 0x2a, 0xc6, 0x2a, 0xc6, 0x2a, 0xc6, 0x2a, 0xc6, 0x2a, 0xc6, 0x2a, 0xc6, 0x2a, 0xc6, 
    0x2a, 0xc6, 0x2a, 0xc6, 0x2a, 0xc6, 0x2a, 0xc6, 0x2a, 0xc6, 0x2a, 0xc6, 0x2a, 0xc6, 0x2a, 0xc6, 
    0x07, 0xe0, 0x07, 0xe0, 0x07, 0xe0, 0x07, 0xe0, 0x07, 0xe0, 0x07, 0xe0, 0x07, 0xe0, 0x2a, 0xc6, 
    0x2a, 0xc6, 0x2a, 0xc6, 0x2a, 0xc6, 0x2a, 0xc6, 0x2a, 0xc6, 0x2a, 0xc6, 0x2a, 0xc6, 0x2a, 0xc6, 
    0x2a, 0xc6, 0x2a, 0xc6, 0x2a, 0xc6, 0x2a, 0xc6, 0x2a, 0xc6, 0x2a, 0xc6, 0x2a, 0xc6, 0x2a, 0xc6, 
    0x2a, 0xc6, 0x2a, 0xc6, 0x2a, 0xc6, 0x2a, 0xc6, 0x2a, 0xc6, 0x2a, 0xc6, 0x2a, 0xc6, 0x2a, 0xc6, 
    0x2a, 0xc6, 0x2a, 0xc6, 0x2a, 0xc6, 0x2a, 0xc6, 0x2a, 0xc6, 0x2a, 0xc6, 0x2a, 0xc6, 0x2a, 0xc6, 
    0x2a, 0xc6, 0x2a, 0xc6, 0x2a, 0xc6, 0x2a, 0xc6, 0x2a, 0xc6, 0x2a, 0xc6, 0x2a, 0xc6, 0x2a, 0xc6, 
    0x2a, 0xc6, 0x2a, 0xc6, 0x2a, 0xc6, 0x2a, 0xc6, 0x2a, 0xc6, 0x2a, 0xc6, 0x2a, 0xc6, 0x2a, 0xc6, 
    0x2a, 0xc6, 0x2a, 0xc6, 0x2a, 0xc6, 0x2a, 0xc6, 0x2a, 0xc6, 0x2a, 0xc6, 0x2a, 0xc6, 0x2a, 0xc6, 
    0x2a, 0xc6, 0x2a, 0xc6, 0x07, 0xe0, 0x07, 0xe0, 0x07, 0xe0, 
};

hagl_bitmap_t cabin = {
    .width = 67,
    .height = 103,
    .depth = 16, // RGB565 is 16-bit
    .buffer = cabinbuf,
};

// Image: carrot.png (10x12)
static unsigned char carrotbuf[] = {
    0x07, 0xe0, 0x07, 0xe0, 0x07, 0xe0, 0x07, 0xe0, 0x07, 0xe0, 0x07, 0xe0, 0x07, 0xe0, 0x12, 0x69, 
    0x12, 0x69, 0x07, 0xe0, 0x07, 0xe0, 0x12, 0x69, 0x12, 0x69, 0x07, 0xe0, 0x07, 0xe0, 0x07, 0xe0, 
    0x12, 0x69, 0x5e, 0x29, 0x5e, 0x29, 0x12, 0x69, 0x12, 0x69, 0x5e, 0x29, 0x5e, 0x29, 0x12, 0x69, 
    0x07, 0xe0, 0x12, 0x69, 0x5e, 0x29, 0x5e, 0x29, 0x34, 0xc9, 0x12, 0x69, 0x12, 0x69, 0x34, 0xc9, 
    0x5e, 0x29, 0x5e, 0x29, 0x12, 0x69, 0x12, 0x69, 0x5e, 0x29, 0x34, 0xc9, 0x12, 0x69, 0x07, 0xe0, 
    0x07, 0xe0, 0x12, 0x69, 0x34, 0xc9, 0x5e, 0x29, 0x12, 0x69, 0x5e, 0x29, 0x34, 0xc9, 0x34, 0xc9, 
    0x12, 0x69, 0x07, 0xe0, 0x07, 0xe0, 0x12, 0x69, 0x34, 0xc9, 0x5e, 0x29, 0x5e, 0x29, 0x34, 0xc9, 
    0x34, 0xc9, 0x12, 0x69, 0x07, 0xe0, 0x07, 0xe0, 0x07, 0xe0, 0x07, 0xe0, 0x12, 0x69, 0x34, 0xc9, 
    0x34, 0xc9, 0x34, 0xc9, 0x12, 0x69, 0x07, 0xe0, 0x07, 0xe0, 0x07, 0xe0, 0x07, 0xe0, 0x07, 0xe0, 
    0x07, 0xe0, 0x12, 0x69, 0xfd, 0x66, 0xfd, 0x66, 0xf3, 0xa4, 0x61, 0x41, 0x07, 0xe0, 0x07, 0xe0, 
    0x07, 0xe0, 0x07, 0xe0, 0x61, 0x41, 0xfd, 0x66, 0xfd, 0x66, 0xfd, 0x66, 0xfd, 0x66, 0xf3, 0xa4, 
    0x61, 0x41, 0x07, 0xe0, 0x07, 0xe0, 0x07, 0xe0, 0x61, 0x41, 0xf3, 0xa4, 0xfd, 0x66, 0xfd, 0x66, 
    0xf3, 0xa4, 0xf3, 0xa4, 0x61, 0x41, 0x72, 0x47, 0x07, 0xe0, 0x07, 0xe0, 0x72, 0x47, 0x72, 0x47, 
    0xf3, 0xa4, 0xf3, 0xa4, 0xf3, 0xa4, 0x72, 0x47, 0x72, 0x47, 0x72, 0x47, 0x07, 0xe0, 0x07, 0xe0, 
    0x07, 0xe0, 0x72, 0x47, 0x72, 0x47, 0x72, 0x47, 0x72, 0x47, 0x72, 0x47, 0x72, 0x47, 0x07, 0xe0, 
};

hagl_bitmap_t carrot = {
    .width = 10,
    .height = 12,
    .depth = 16, // RGB565 is 16-bit
    .buffer = carrotbuf,
};

// Image: grass.png (16x16)
static unsigned char grassbuf[] = {
    0x3c, 0x49, 0x3c, 0x49, 0x3c, 0x49, 0x3c, 0x49, 0x3c, 0x49, 0x3c, 0x49, 0x3c, 0x49, 0x3c, 0x49, 
    0x3c, 0x49, 0x3c, 0x49, 0x3c, 0x49, 0x3c, 0x49, 0x3c, 0x49, 0x3c, 0x49, 0x3c, 0x49, 0x3c, 0x49, 
    0x3c, 0x49, 0x3c, 0x49, 0x3c, 0x49, 0x3c, 0x49, 0x3c, 0x49, 0x3c, 0x49, 0x3c, 0x49, 0x3c, 0x49, 
    0x3c, 0x49, 0x3c, 0x49, 0x3c, 0x49, 0x3c, 0x49, 0x3c, 0x49, 0x3c, 0x49, 0x3c, 0x49, 0x3c, 0x49, 
    0x3c, 0x49, 0x3c, 0x49, 0x3c, 0x49, 0x3c, 0x49, 0x3c, 0x49, 0x3c, 0x49, 0x3c, 0x49, 0x3c, 0x49, 
    0x3c, 0x49, 0x3c, 0x49, 0x3c, 0x49, 0x3c, 0x49, 0x3c, 0x49, 0x3c, 0x49, 0x3c, 0x49, 0x3c, 0x49, 
    0x3c, 0x49, 0x3c, 0x49, 0x3c, 0x49, 0x3c, 0x49, 0x3c, 0x49, 0x3c, 0x49, 0x3c, 0x49, 0x3c, 0x49, 
    0x3c, 0x49, 0x3c, 0x49, 0x3c, 0x49, 0x3c, 0x49, 0x3c, 0x49, 0x3c, 0x49, 0x3c, 0x49, 0x3c, 0x49, 
    0x3c, 0x49, 0x3c, 0x49, 0x3c, 0x49, 0x3c, 0x49, 0x3c, 0x49, 0x3c, 0x49, 0x3c, 0x49, 0x3c, 0x49, 
    0x3c, 0x49, 0x3c, 0x49, 0x3c, 0x49, 0x3c, 0x49, 0x3c, 0x49, 0x3c, 0x49, 0x3c, 0x49, 0x3c, 0x49, 
    0x3c, 0x49, 0x3c, 0x49, 0x3c, 0x49, 0x3c, 0x49, 0x3c, 0x49, 0x3c, 0x49, 0x3c, 0x49, 0x3c, 0x49, 
    0x3c, 0x49, 0x3c, 0x49, 0x3c, 0x49, 0x3c, 0x49, 0x3c, 0x49, 0x3c, 0x49, 0x3c, 0x49, 0x3c, 0x49, 
    0x3c, 0x49, 0x3c, 0x49, 0x3c, 0x49, 0x3c, 0x49, 0x3c, 0x49, 0x3c, 0x49, 0x3c, 0x49, 0x3c, 0x49, 
    0x3c, 0x49, 0x3c, 0x49, 0x3c, 0x49, 0x3c, 0x49, 0x3c, 0x49, 0x3c, 0x49, 0x3c, 0x49, 0x3c, 0x49, 
    0x3c, 0x49, 0x3c, 0x49, 0x3c, 0x49, 0x3c, 0x49, 0x3c, 0x49, 0x3c, 0x49, 0x3c, 0x49, 0x3c, 0x49, 
    0x3c, 0x49, 0x3c, 0x49, 0x3c, 0x49, 0x3c, 0x49, 0x3c, 0x49, 0x3c, 0x49, 0x3c, 0x49, 0x3c, 0x49, 
    0x3c, 0x49, 0x3c, 0x49, 0x3c, 0x49, 0x3c, 0x49, 0x3c, 0x49, 0x3c, 0x49, 0x3c, 0x49, 0x3c, 0x49, 
    0x3c, 0x49, 0x3c, 0x49, 0x3c, 0x49, 0x3c, 0x49, 0x3c, 0x49, 0x3c, 0x49, 0x3c, 0x49, 0x3c, 0x49, 
    0x3c, 0x49, 0x3c, 0x49, 0x3c, 0x49, 0x3c, 0x49, 0x3c, 0x49, 0x3c, 0x49, 0x3c, 0x49, 0x3c, 0x49, 
    0x3c, 0x49, 0x3c, 0x49, 0x3c, 0x49, 0x3c, 0x49, 0x3c, 0x49, 0x3c, 0x49, 0x3c, 0x49, 0x3c, 0x49, 
    0x3c, 0x49, 0x3c, 0x49, 0x3c, 0x49, 0x3c, 0x49, 0x3c, 0x49, 0x3c, 0x49, 0x3c, 0x49, 0x3c, 0x49, 
    0x3c, 0x49, 0x3c, 0x49, 0x3c, 0x49, 0x3c, 0x49, 0x3c, 0x49, 0x3c, 0x49, 0x3c, 0x49, 0x3c, 0x49, 
    0x3c, 0x49, 0x3c, 0x49, 0x3c, 0x49, 0x3c, 0x49, 0x3c, 0x49, 0x3c, 0x49, 0x3c, 0x49, 0x3c, 0x49, 
    0x3c, 0x49, 0x3c, 0x49, 0x3c, 0x49, 0x3c, 0x49, 0x3c, 0x49, 0x3c, 0x49, 0x3c, 0x49, 0x3c, 0x49, 
    0x3c, 0x49, 0x3c, 0x49, 0x3c, 0x49, 0x3c, 0x49, 0x3c, 0x49, 0x3c, 0x49, 0x3c, 0x49, 0x3c, 0x49, 
    0x3c, 0x49, 0x3c, 0x49, 0x3c, 0x49, 0x3c, 0x49, 0x3c, 0x49, 0x3c, 0x49, 0x3c, 0x49, 0x3c, 0x49, 
    0x3c, 0x49, 0x3c, 0x49, 0x3c, 0x49, 0x3c, 0x49, 0x3c, 0x49, 0x3c, 0x49, 0x3c, 0x49, 0x3c, 0x49, 
    0x3c, 0x49, 0x3c, 0x49, 0x3c, 0x49, 0x3c, 0x49, 0x3c, 0x49, 0x3c, 0x49, 0x3c, 0x49, 0x3c, 0x49, 
    0x3c, 0x49, 0x3c, 0x49, 0x3c, 0x49, 0x3c, 0x49, 0x3c, 0x49, 0x3c, 0x49, 0x3c, 0x49, 0x3c, 0x49, 
    0x3c, 0x49, 0x3c, 0x49, 0x3c, 0x49, 0x3c, 0x49, 0x3c, 0x49, 0x3c, 0x49, 0x3c, 0x49, 0x3c, 0x49, 
    0x3c, 0x49, 0x3c, 0x49, 0x3c, 0x49, 0x3c, 0x49, 0x3c, 0x49, 0x3c, 0x49, 0x3c, 0x49, 0x3c, 0x49, 
    0x3c, 0x49, 0x3c, 0x49, 0x3c, 0x49, 0x3c, 0x49, 0x3c, 0x49, 0x3c, 0x49, 0x3c, 0x49, 0x3c, 0x49, 
};

hagl_bitmap_t grass = {
    .width = 16,
    .height = 16,
    .depth = 16, // RGB565 is 16-bit
    .buffer = grassbuf,
};

// Image: grassA1.png (16x16)
static unsigned char grassA1buf[] = {
    0x3c, 0x49, 0x3c, 0x49, 0x3c, 0x49, 0x3c, 0x49, 0x3c, 0x49, 0x3c, 0x49, 0x3c, 0x49, 0x3c, 0x49, 
    0x3c, 0x49, 0x3c, 0x49, 0x3c, 0x49, 0x3c, 0x49, 0x3c, 0x49, 0x3c, 0x49, 0x3c, 0x49, 0x3c, 0x49, 
    0x3c, 0x49, 0x3c, 0x49, 0x3c, 0x49, 0x3c, 0x49, 0x3c, 0x49, 0x3c, 0x49, 0x3c, 0x49, 0x3c, 0x49, 
    0x3c, 0x49, 0x3c, 0x49, 0x3c, 0x49, 0x3c, 0x49, 0x3c, 0x49, 0x3c, 0x49, 0x3c, 0x49, 0x3c, 0x49, 
    0x3c, 0x49, 0x3c, 0x49, 0x3c, 0x49, 0x3c, 0x49, 0x3c, 0x49, 0x3c, 0x49, 0x3c, 0x49, 0x3c, 0x49, 
    0x3c, 0x49, 0x3c, 0x49, 0x3c, 0x49, 0x3c, 0x49, 0x3c, 0x49, 0x3c, 0x49, 0x3c, 0x49, 0x3c, 0x49, 
    0x3c, 0x49, 0x3c, 0x49, 0x3c, 0x49, 0x3c, 0x49, 0x3c, 0x49, 0x3c, 0x49, 0x3c, 0x49, 0x3c, 0x49, 
    0x3c, 0x49, 0x3c, 0x49, 0x3c, 0x49, 0x3c, 0x49, 0x3c, 0x49, 0x3c, 0x49, 0x3c, 0x49, 0x3c, 0x49, 
    0x3c, 0x49, 0x3c, 0x49, 0x3c, 0x49, 0x3c, 0x49, 0x3c, 0x49, 0x3c, 0x49, 0x3c, 0x49, 0x3c, 0x49, 
    0x3c, 0x49, 0x3c, 0x49, 0x3c, 0x49, 0x3c, 0x49, 0x3c, 0x49, 0x3c, 0x49, 0x3c, 0x49, 0x3c, 0x49, 
    0x3c, 0x49, 0x3c, 0x49, 0x3c, 0x49, 0x3c, 0x49, 0x3c, 0x49, 0x3c, 0x49, 0x3c, 0x49, 0x3c, 0x49, 
    0x3c, 0x49, 0x3c, 0x49, 0x3c, 0x49, 0x3c, 0x49, 0x3c, 0x49, 0x3c, 0x49, 0x3c, 0x49, 0x3c, 0x49, 
    0x3c, 0x49, 0x3c, 0x49, 0x3c, 0x49, 0x55, 0x6b, 0x55, 0x6b, 0x3c, 0x49, 0x3c, 0x49, 0x3c, 0x49, 
    0x55, 0x6b, 0x55, 0x6b, 0x55, 0x6b, 0x3c, 0x49, 0x3c, 0x49, 0x3c, 0x49, 0x3c, 0x49, 0x3c, 0x49, 
    0x3c, 0x49, 0x3c, 0x49, 0x33, 0x67, 0x33, 0x67, 0x55, 0x6b, 0x55, 0x6b, 0x3c, 0x49, 0x55, 0x6b, 
    0x55, 0x6b, 0x55, 0x6b, 0x33, 0x67, 0x33, 0x67, 0x3c, 0x49, 0x3c, 0x49, 0x3c, 0x49, 0x3c, 0x49, 
    0x3c, 0x49, 0x3c, 0x49, 0x3c, 0x49, 0x33, 0x67, 0x33, 0x67, 0x3c, 0x49, 0x3c, 0x49, 0x55, 0x6b, 
    0x55, 0x6b, 0x33, 0x67, 0x33, 0x67, 0x3c, 0x49, 0x3c, 0x49, 0x3c, 0x49, 0x3c, 0x49, 0x3c, 0x49, 
    0x3c, 0x49, 0x3c, 0x49, 0x3c, 0x49, 0x3c, 0x49, 0x3c, 0x49, 0x3c, 0x49, 0x3c, 0x49, 0x3c, 0x49, 
    0x33, 0x67, 0x33, 0x67, 0x3c, 0x49, 0x3c, 0x49, 0x3c, 0x49, 0x3c, 0x49, 0x3c, 0x49, 0x3c, 0x49, 
    0x3c, 0x49, 0x3c, 0x49, 0x3c, 0x49, 0x3c, 0x49, 0x3c, 0x49, 0x3c, 0x49, 0x3c, 0x49, 0x3c, 0x49, 
    0x3c, 0x49, 0x3c, 0x49, 0x3c, 0x49, 0x3c, 0x49, 0x3c, 0x49, 0x3c, 0x49, 0x3c, 0x49, 0x3c, 0x49, 
    0x3c, 0x49, 0x3c, 0x49, 0x3c, 0x49, 0x3c, 0x49, 0x3c, 0x49, 0x3c, 0x49, 0x3c, 0x49, 0x3c, 0x49, 
    0x3c, 0x49, 0x3c, 0x49, 0x3c, 0x49, 0x3c, 0x49, 0x3c, 0x49, 0x3c, 0x49, 0x3c, 0x49, 0x3c, 0x49, 
    0x3c, 0x49, 0x3c, 0x49, 0x3c, 0x49, 0x3c, 0x49, 0x3c, 0x49, 0x3c, 0x49, 0x3c, 0x49, 0x3c, 0x49, 
    0x3c, 0x49, 0x3c, 0x49, 0x3c, 0x49, 0x3c, 0x49, 0x3c, 0x49, 0x3c, 0x49, 0x3c, 0x49, 0x3c, 0x49, 
    0x3c, 0x49, 0x3c, 0x49, 0x3c, 0x49, 0x3c, 0x49, 0x3c, 0x49, 0x3c, 0x49, 0x3c, 0x49, 0x3c, 0x49, 
    0x3c, 0x49, 0x3c, 0x49, 0x3c, 0x49, 0x3c, 0x49, 0x3c, 0x49, 0x3c, 0x49, 0x3c, 0x49, 0x3c, 0x49, 
    0x3c, 0x49, 0x3c, 0x49, 0x3c, 0x49, 0x3c, 0x49, 0x3c, 0x49, 0x3c, 0x49, 0x3c, 0x49, 0x3c, 0x49, 
    0x3c, 0x49, 0x3c, 0x49, 0x3c, 0x49, 0x3c, 0x49, 0x3c, 0x49, 0x3c, 0x49, 0x3c, 0x49, 0x3c, 0x49, 
    0x3c, 0x49, 0x3c, 0x49, 0x3c, 0x49, 0x3c, 0x49, 0x3c, 0x49, 0x3c, 0x49, 0x3c, 0x49, 0x3c, 0x49, 
    0x3c, 0x49, 0x3c, 0x49, 0x3c, 0x49, 0x3c, 0x49, 0x3c, 0x49, 0x3c, 0x49, 0x3c, 0x49, 0x3c, 0x49, 
};

hagl_bitmap_t grassA1 = {
    .width = 16,
    .height = 16,
    .depth = 16, // RGB565 is 16-bit
    .buffer = grassA1buf,
};

// Image: grassA2.png (16x16)
static unsigned char grassA2buf[] = {
    0x3c, 0x49, 0x3c, 0x49, 0x3c, 0x49, 0x3c, 0x49, 0x3c, 0x49, 0x3c, 0x49, 0x3c, 0x49, 0x3c, 0x49, 
    0x3c, 0x49, 0x3c, 0x49, 0x3c, 0x49, 0x3c, 0x49, 0x3c, 0x49, 0x3c, 0x49, 0x3c, 0x49, 0x3c, 0x49, 
    0x3c, 0x49, 0x3c, 0x49, 0x3c, 0x49, 0x3c, 0x49, 0x3c, 0x49, 0x3c, 0x49, 0x3c, 0x49, 0x3c, 0x49, 
    0x3c, 0x49, 0x3c, 0x49, 0x3c, 0x49, 0x3c, 0x49, 0x3c, 0x49, 0x3c, 0x49, 0x3c, 0x49, 0x3c, 0x49, 
    0x3c, 0x49, 0x3c, 0x49, 0x3c, 0x49, 0x3c, 0x49, 0x3c, 0x49, 0x3c, 0x49, 0x3c, 0x49, 0x3c, 0x49, 
    0x3c, 0x49, 0x3c, 0x49, 0x3c, 0x49, 0x3c, 0x49, 0x3c, 0x49, 0x3c, 0x49, 0x3c, 0x49, 0x3c, 0x49, 
    0x3c, 0x49, 0x3c, 0x49, 0x3c, 0x49, 0x3c, 0x49, 0x3c, 0x49, 0x3c, 0x49, 0x3c, 0x49, 0x3c, 0x49, 
    0x3c, 0x49, 0x3c, 0x49, 0x3c, 0x49, 0x3c, 0x49, 0x3c, 0x49, 0x3c, 0x49, 0x3c, 0x49, 0x3c, 0x49, 
    0x3c, 0x49, 0x3c, 0x49, 0x3c, 0x49, 0x3c, 0x49, 0x3c, 0x49, 0x3c, 0x49, 0x3c, 0x49, 0x3c, 0x49, 
    0x3c, 0x49, 0x55, 0x6b, 0x55, 0x6b, 0x3c, 0x49, 0x3c, 0x49, 0x3c, 0x49, 0x3c, 0x49, 0x3c, 0x49, 
    0x3c, 0x49, 0x3c, 0x49, 0x3c, 0x49, 0x3c, 0x49, 0x3c, 0x49, 0x3c, 0x49, 0x3c, 0x49, 0x3c, 0x49, 
    0x55, 0x6b, 0x55, 0x6b, 0x33, 0x67, 0x33, 0x67, 0x3c, 0x49, 0x3c, 0x49, 0x3c, 0x49, 0x3c, 0x49, 
    0x3c, 0x49, 0x3c, 0x49, 0x3c, 0x49, 0x3c, 0x49, 0x55, 0x6b, 0x55, 0x6b, 0x3c, 0x49, 0x3c, 0x49, 
    0x3c, 0x49, 0x33, 0x67, 0x33, 0x67, 0x3c, 0x49, 0x3c, 0x49, 0x3c, 0x49, 0x3c, 0x49, 0x3c, 0x49, 
    0x3c, 0x49, 0x3c, 0x49, 0x3c, 0x49, 0x33, 0x67, 0x55, 0x6b, 0x55, 0x6b, 0x55, 0x6b, 0x3c, 0x49, 
    0x3c, 0x49, 0x3c, 0x49, 0x3c, 0x49, 0x3c, 0x49, 0x3c, 0x49, 0x3c, 0x49, 0x3c, 0x49, 0x3c, 0x49, 
    0x3c, 0x49, 0x3c, 0x49, 0x3c, 0x49, 0x33, 0x67, 0x33, 0x67, 0x55, 0x6b, 0x55, 0x6b, 0x3c, 0x49, 
    0x3c, 0x49, 0x55, 0x6b, 0x55, 0x6b, 0x55, 0x6b, 0x3c, 0x49, 0x3c, 0x49, 0x3c, 0x49, 0x3c, 0x49, 
    0x3c, 0x49, 0x3c, 0x49, 0x3c, 0x49, 0x3c, 0x49, 0x33, 0x67, 0x33, 0x67, 0x55, 0x6b, 0x3c, 0x49, 
    0x55, 0x6b, 0x55, 0x6b, 0x55, 0x6b, 0x33, 0x67, 0x33, 0x67, 0x3c, 0x49, 0x3c, 0x49, 0x3c, 0x49, 
    0x3c, 0x49, 0x3c, 0x49, 0x3c, 0x49, 0x3c, 0x49, 0x3c, 0x49, 0x3c, 0x49, 0x3c, 0x49, 0x3c, 0x49, 
    0x55, 0x6b, 0x55, 0x6b, 0x33, 0x67, 0x33, 0x67, 0x3c, 0x49, 0x3c, 0x49, 0x3c, 0x49, 0x3c, 0x49, 
    0x3c, 0x49, 0x3c, 0x49, 0x3c, 0x49, 0x3c, 0x49, 0x3c, 0x49, 0x3c, 0x49, 0x3c, 0x49, 0x3c, 0x49, 
    0x55, 0x6b, 0x33, 0x67, 0x33, 0x67, 0x3c, 0x49, 0x3c, 0x49, 0x3c, 0x49, 0x3c, 0x49, 0x3c, 0x49, 
    0x3c, 0x49, 0x3c, 0x49, 0x3c, 0x49, 0x3c, 0x49, 0x3c, 0x49, 0x3c, 0x49, 0x3c, 0x49, 0x3c, 0x49, 
    0x3c, 0x49, 0x3c, 0x49, 0x3c, 0x49, 0x3c, 0x49, 0x3c, 0x49, 0x3c, 0x49, 0x3c, 0x49, 0x3c, 0x49, 
    0x3c, 0x49, 0x3c, 0x49, 0x3c, 0x49, 0x3c, 0x49, 0x3c, 0x49, 0x3c, 0x49, 0x3c, 0x49, 0x3c, 0x49, 
    0x3c, 0x49, 0x3c, 0x49, 0x3c, 0x49, 0x3c, 0x49, 0x3c, 0x49, 0x3c, 0x49, 0x3c, 0x49, 0x3c, 0x49, 
    0x3c, 0x49, 0x3c, 0x49, 0x3c, 0x49, 0x3c, 0x49, 0x3c, 0x49, 0x3c, 0x49, 0x3c, 0x49, 0x3c, 0x49, 
    0x3c, 0x49, 0x3c, 0x49, 0x3c, 0x49, 0x3c, 0x49, 0x3c, 0x49, 0x3c, 0x49, 0x3c, 0x49, 0x3c, 0x49, 
    0x3c, 0x49, 0x3c, 0x49, 0x3c, 0x49, 0x3c, 0x49, 0x3c, 0x49, 0x3c, 0x49, 0x3c, 0x49, 0x3c, 0x49, 
    0x3c, 0x49, 0x3c, 0x49, 0x3c, 0x49, 0x3c, 0x49, 0x3c, 0x49, 0x3c, 0x49, 0x3c, 0x49, 0x3c, 0x49, 
};

hagl_bitmap_t grassA2 = {
    .width = 16,
    .height = 16,
    .depth = 16, // RGB565 is 16-bit
    .buffer = grassA2buf,
};

// Image: grassWaterB.png (16x16)
static unsigned char grassWaterBbuf[] = {
    0x3c, 0x49, 0x3c, 0x49, 0x3c, 0x49, 0x3c, 0x49, 0x3c, 0x49, 0x3c, 0x49, 0x3c, 0x49, 0x3c, 0x49, 
    0x3c, 0x49, 0x3c, 0x49, 0x3c, 0x49, 0x3c, 0x49, 0x3c, 0x49, 0x3c, 0x49, 0x3c, 0x49, 0x3c, 0x49, 
    0x3c, 0x49, 0x3c, 0x49, 0x3c, 0x49, 0x3c, 0x49, 0x3c, 0x49, 0x3c, 0x49, 0x3c, 0x49, 0x3c, 0x49, 
    0x3c, 0x49, 0x3c, 0x49, 0x3c, 0x49, 0x3c, 0x49, 0x3c, 0x49, 0x3c, 0x49, 0x3c, 0x49, 0x3c, 0x49, 
    0x3c, 0x49, 0x3c, 0x49, 0x3c, 0x49, 0x3c, 0x49, 0x3c, 0x49, 0x3c, 0x49, 0x3c, 0x49, 0x3c, 0x49, 
    0x3c, 0x49, 0x3c, 0x49, 0x3c, 0x49, 0x3c, 0x49, 0x3c, 0x49, 0x3c, 0x49, 0x3c, 0x49, 0x3c, 0x49, 
    0x3c, 0x49, 0x3c, 0x49, 0x3c, 0x49, 0x3c, 0x49, 0x3c, 0x49, 0x3c, 0x49, 0x3c, 0x49, 0x3c, 0x49, 
    0x3c, 0x49, 0x3c, 0x49, 0x3c, 0x49, 0x3c, 0x49, 0x3c, 0x49, 0x3c, 0x49, 0x3c, 0x49, 0x3c, 0x49, 
    0x3c, 0x49, 0x3c, 0x49, 0x3c, 0x49, 0x3c, 0x49, 0x3c, 0x49, 0x3c, 0x49, 0x3c, 0x49, 0x3c, 0x49, 
    0x3c, 0x49, 0x3c, 0x49, 0x3c, 0x49, 0x3c, 0x49, 0x3c, 0x49, 0x3c, 0x49, 0x3c, 0x49, 0x3c, 0x49, 
    0x22, 0xe8, 0x3c, 0x49, 0x3c, 0x49, 0x3c, 0x49, 0x3c, 0x49, 0x22, 0xe8, 0x22, 0xe8, 0x3c, 0x49, 
    0x3c, 0x49, 0x3c, 0x49, 0x3c, 0x49, 0x3c, 0x49, 0x22, 0xe8, 0x22, 0xe8, 0x3c, 0x49, 0x3c, 0x49, 
    0x19, 0xe7, 0x22, 0xe8, 0x3c, 0x49, 0x3c, 0x49, 0x22, 0xe8, 0x19, 0xe7, 0x22, 0xe8, 0x3c, 0x49, 
    0x3c, 0x49, 0x3c, 0x49, 0x3c, 0x49, 0x22, 0xe8, 0x19, 0xe7, 0x22, 0xe8, 0x3c, 0x49, 0x22, 0xe8, 
    0x19, 0xe7, 0x22, 0xe8, 0x22, 0xe8, 0x3c, 0x49, 0x22, 0xe8, 0x19, 0xe7, 0x22, 0xe8, 0x22, 0xe8, 
    0x3c, 0x49, 0x3c, 0x49, 0x22, 0xe8, 0x19, 0xe7, 0x19, 0xe7, 0x22, 0xe8, 0x22, 0xe8, 0x19, 0xe7, 
    0x6a, 0x47, 0x19, 0xe7, 0x22, 0xe8, 0x22, 0xe8, 0x19, 0xe7, 0x6a, 0x47, 0x19, 0xe7, 0x22, 0xe8, 
    0x22, 0xe8, 0x22, 0xe8, 0x19, 0xe7, 0x6a, 0x47, 0x6a, 0x47, 0x19, 0xe7, 0x19, 0xe7, 0x6a, 0x47, 
    0x6a, 0x47, 0x6a, 0x47, 0x19, 0xe7, 0x19, 0xe7, 0x6a, 0x47, 0x6a, 0x47, 0x6a, 0x47, 0x19, 0xe7, 
    0x19, 0xe7, 0x19, 0xe7, 0x6a, 0x47, 0x6a, 0x47, 0x9b, 0x2a, 0x6a, 0x47, 0x6a, 0x47, 0x6a, 0x47, 
    0x6a, 0x47, 0x9b, 0x2a, 0x9b, 0x2a, 0x6a, 0x47, 0x6a, 0x47, 0x6a, 0x47, 0x9b, 0x2a, 0x6a, 0x47, 
    0x6a, 0x47, 0x6a, 0x47, 0x6a, 0x47, 0x6a, 0x47, 0x9b, 0x2a, 0x9b, 0x2a, 0x9b, 0x2a, 0x6a, 0x47, 
    0x6a, 0x47, 0x9b, 0x2a, 0x9b, 0x2a, 0x9b, 0x2a, 0x6a, 0x47, 0x6a, 0x47, 0x9b, 0x2a, 0x9b, 0x2a, 
    0x9b, 0x2a, 0x6a, 0x47, 0x6a, 0x47, 0x6a, 0x47, 0x9b, 0x2a, 0x9b, 0x2a, 0x9b, 0x2a, 0x9b, 0x2a, 
    0x39, 0x46, 0x6a, 0x47, 0x9b, 0x2a, 0x9b, 0x2a, 0x39, 0x46, 0x39, 0x46, 0x39, 0x46, 0x9b, 0x2a, 
    0x9b, 0x2a, 0x6a, 0x47, 0x39, 0x46, 0x39, 0x46, 0x39, 0x46, 0x9b, 0x2a, 0x9b, 0x2a, 0x39, 0x46, 
    0x03, 0x75, 0x39, 0x46, 0x39, 0x46, 0x39, 0x46, 0x03, 0x75, 0x03, 0x75, 0x03, 0x75, 0x39, 0x46, 
    0x39, 0x46, 0x39, 0x46, 0x03, 0x75, 0x03, 0x75, 0x03, 0x75, 0x39, 0x46, 0x39, 0x46, 0x03, 0x75, 
    0x03, 0x75, 0x03, 0x75, 0x03, 0x75, 0x03, 0x75, 0x03, 0x75, 0x03, 0x75, 0x03, 0x75, 0x03, 0x75, 
    0x03, 0x75, 0x03, 0x75, 0x03, 0x75, 0x03, 0x75, 0x03, 0x75, 0x03, 0x75, 0x03, 0x75, 0x03, 0x75, 
    0x04, 0xbd, 0x03, 0x75, 0x03, 0x75, 0x03, 0x75, 0x04, 0xbd, 0x04, 0xbd, 0x04, 0xbd, 0x03, 0x75, 
    0x03, 0x75, 0x03, 0x75, 0x04, 0xbd, 0x04, 0xbd, 0x04, 0xbd, 0x03, 0x75, 0x03, 0x75, 0x04, 0xbd, 
};

hagl_bitmap_t grassWaterB = {
    .width = 16,
    .height = 16,
    .depth = 16, // RGB565 is 16-bit
    .buffer = grassWaterBbuf,
};

// Image: grassWaterBL.png (16x16)
static unsigned char grassWaterBLbuf[] = {
    0x3c, 0x49, 0x3c, 0x49, 0x3c, 0x49, 0x3c, 0x49, 0x3c, 0x49, 0x3c, 0x49, 0x3c, 0x49, 0x3c, 0x49, 
    0x3c, 0x49, 0x3c, 0x49, 0x3c, 0x49, 0x3c, 0x49, 0x3c, 0x49, 0x3c, 0x49, 0x3c, 0x49, 0x3c, 0x49, 
    0x3c, 0x49, 0x3c, 0x49, 0x3c, 0x49, 0x3c, 0x49, 0x3c, 0x49, 0x3c, 0x49, 0x3c, 0x49, 0x3c, 0x49, 
    0x3c, 0x49, 0x3c, 0x49, 0x3c, 0x49, 0x3c, 0x49, 0x3c, 0x49, 0x3c, 0x49, 0x3c, 0x49, 0x3c, 0x49, 
    0x3c, 0x49, 0x3c, 0x49, 0x3c, 0x49, 0x3c, 0x49, 0x3c, 0x49, 0x3c, 0x49, 0x3c, 0x49, 0x3c, 0x49, 
    0x3c, 0x49, 0x3c, 0x49, 0x3c, 0x49, 0x3c, 0x49, 0x3c, 0x49, 0x3c, 0x49, 0x3c, 0x49, 0x3c, 0x49, 
    0x3c, 0x49, 0x3c, 0x49, 0x3c, 0x49, 0x3c, 0x49, 0x3c, 0x49, 0x3c, 0x49, 0x3c, 0x49, 0x3c, 0x49, 
    0x3c, 0x49, 0x3c, 0x49, 0x3c, 0x49, 0x3c, 0x49, 0x3c, 0x49, 0x3c, 0x49, 0x3c, 0x49, 0x3c, 0x49, 
    0x3c, 0x49, 0x3c, 0x49, 0x3c, 0x49, 0x3c, 0x49, 0x3c, 0x49, 0x3c, 0x49, 0x3c, 0x49, 0x3c, 0x49, 
    0x3c, 0x49, 0x3c, 0x49, 0x3c, 0x49, 0x3c, 0x49, 0x3c, 0x49, 0x3c, 0x49, 0x3c, 0x49, 0x3c, 0x49, 
    0x3c, 0x49, 0x3c, 0x49, 0x3c, 0x49, 0x3c, 0x49, 0x3c, 0x49, 0x3c, 0x49, 0x3c, 0x49, 0x3c, 0x49, 
    0x3c, 0x49, 0x3c, 0x49, 0x3c, 0x49, 0x3c, 0x49, 0x3c, 0x49, 0x3c, 0x49, 0x3c, 0x49, 0x3c, 0x49, 
    0x3c, 0x49, 0x3c, 0x49, 0x3c, 0x49, 0x3c, 0x49, 0x3c, 0x49, 0x3c, 0x49, 0x3c, 0x49, 0x3c, 0x49, 
    0x3c, 0x49, 0x3c, 0x49, 0x3c, 0x49, 0x3c, 0x49, 0x3c, 0x49, 0x3c, 0x49, 0x3c, 0x49, 0x3c, 0x49, 
    0x22, 0xe8, 0x3c, 0x49, 0x3c, 0x49, 0x22, 0xe8, 0x3c, 0x49, 0x3c, 0x49, 0x3c, 0x49, 0x3c, 0x49, 
    0x3c, 0x49, 0x3c, 0x49, 0x3c, 0x49, 0x3c, 0x49, 0x3c, 0x49, 0x3c, 0x49, 0x3c, 0x49, 0x3c, 0x49, 
    0x19, 0xe7, 0x22, 0xe8, 0x3c, 0x49, 0x22, 0xe8, 0x22, 0xe8, 0x3c, 0x49, 0x3c, 0x49, 0x22, 0xe8, 
    0x3c, 0x49, 0x3c, 0x49, 0x3c, 0x49, 0x3c, 0x49, 0x3c, 0x49, 0x3c, 0x49, 0x3c, 0x49, 0x3c, 0x49, 
    0x19, 0xe7, 0x22, 0xe8, 0x22, 0xe8, 0x19, 0xe7, 0x22, 0xe8, 0x3c, 0x49, 0x22, 0xe8, 0x19, 0xe7, 
    0x22, 0xe8, 0x3c, 0x49, 0x3c, 0x49, 0x3c, 0x49, 0x3c, 0x49, 0x3c, 0x49, 0x3c, 0x49, 0x3c, 0x49, 
    0x6a, 0x47, 0x19, 0xe7, 0x19, 0xe7, 0x6a, 0x47, 0x19, 0xe7, 0x22, 0xe8, 0x19, 0xe7, 0x22, 0xe8, 
    0x3c, 0x49, 0x3c, 0x49, 0x3c, 0x49, 0x3c, 0x49, 0x3c, 0x49, 0x3c, 0x49, 0x3c, 0x49, 0x3c, 0x49, 
    0x6a, 0x47, 0x9b, 0x2a, 0x9b, 0x2a, 0x6a, 0x47, 0x6a, 0x47, 0x19, 0xe7, 0x22, 0xe8, 0x3c, 0x49, 
    0x3c, 0x49, 0x3c, 0x49, 0x3c, 0x49, 0x3c, 0x49, 0x3c, 0x49, 0x3c, 0x49, 0x3c, 0x49, 0x3c, 0x49, 
    0x39, 0x46, 0x6a, 0x47, 0x9b, 0x2a, 0x9b, 0x2a, 0x6a, 0x47, 0x19, 0xe7, 0x22, 0xe8, 0x3c, 0x49, 
    0x3c, 0x49, 0x3c, 0x49, 0x3c, 0x49, 0x3c, 0x49, 0x3c, 0x49, 0x3c, 0x49, 0x3c, 0x49, 0x3c, 0x49, 
    0x03, 0x75, 0x39, 0x46, 0x39, 0x46, 0x6a, 0x47, 0x6a, 0x47, 0x19, 0xe7, 0x22, 0xe8, 0x22, 0xe8, 
    0x3c, 0x49, 0x3c, 0x49, 0x3c, 0x49, 0x3c, 0x49, 0x3c, 0x49, 0x3c, 0x49, 0x3c, 0x49, 0x3c, 0x49, 
    0x03, 0x75, 0x03, 0x75, 0x03, 0x75, 0x39, 0x46, 0x39, 0x46, 0x6a, 0x47, 0x19, 0xe7, 0x22, 0xe8, 
    0x22, 0xe8, 0x22, 0xe8, 0x3c, 0x49, 0x3c, 0x49, 0x3c, 0x49, 0x3c, 0x49, 0x3c, 0x49, 0x3c, 0x49, 
    0x04, 0xbd, 0x03, 0x75, 0x03, 0x75, 0x03, 0x75, 0x39, 0x46, 0x9b, 0x2a, 0x6a, 0x47, 0x19, 0xe7, 
    0x19, 0xe7, 0x19, 0xe7, 0x22, 0xe8, 0x3c, 0x49, 0x3c, 0x49, 0x3c, 0x49, 0x3c, 0x49, 0x3c, 0x49, 
};

hagl_bitmap_t grassWaterBL = {
    .width = 16,
    .height = 16,
    .depth = 16, // RGB565 is 16-bit
    .buffer = grassWaterBLbuf,
};

// Image: grassWaterBR.png (16x16)
static unsigned char grassWaterBRbuf[] = {
    0x3c, 0x49, 0x3c, 0x49, 0x3c, 0x49, 0x3c, 0x49, 0x3c, 0x49, 0x3c, 0x49, 0x3c, 0x49, 0x3c, 0x49, 
    0x3c, 0x49, 0x3c, 0x49, 0x3c, 0x49, 0x3c, 0x49, 0x3c, 0x49, 0x3c, 0x49, 0x3c, 0x49, 0x3c, 0x49, 
    0x3c, 0x49, 0x3c, 0x49, 0x3c, 0x49, 0x3c, 0x49, 0x3c, 0x49, 0x3c, 0x49, 0x3c, 0x49, 0x3c, 0x49, 
    0x3c, 0x49, 0x3c, 0x49, 0x3c, 0x49, 0x3c, 0x49, 0x3c, 0x49, 0x3c, 0x49, 0x3c, 0x49, 0x3c, 0x49, 
    0x3c, 0x49, 0x3c, 0x49, 0x3c, 0x49, 0x3c, 0x49, 0x3c, 0x49, 0x3c, 0x49, 0x3c, 0x49, 0x3c, 0x49, 
    0x3c, 0x49, 0x3c, 0x49, 0x3c, 0x49, 0x3c, 0x49, 0x3c, 0x49, 0x3c, 0x49, 0x3c, 0x49, 0x3c, 0x49, 
    0x3c, 0x49, 0x3c, 0x49, 0x3c, 0x49, 0x3c, 0x49, 0x3c, 0x49, 0x3c, 0x49, 0x3c, 0x49, 0x3c, 0x49, 
    0x3c, 0x49, 0x3c, 0x49, 0x3c, 0x49, 0x3c, 0x49, 0x3c, 0x49, 0x3c, 0x49, 0x3c, 0x49, 0x3c, 0x49, 
    0x3c, 0x49, 0x3c, 0x49, 0x3c, 0x49, 0x3c, 0x49, 0x3c, 0x49, 0x3c, 0x49, 0x3c, 0x49, 0x3c, 0x49, 
    0x3c, 0x49, 0x3c, 0x49, 0x3c, 0x49, 0x3c, 0x49, 0x3c, 0x49, 0x3c, 0x49, 0x3c, 0x49, 0x3c, 0x49, 
    0x3c, 0x49, 0x3c, 0x49, 0x3c, 0x49, 0x3c, 0x49, 0x3c, 0x49, 0x3c, 0x49, 0x3c, 0x49, 0x3c, 0x49, 
    0x3c, 0x49, 0x3c, 0x49, 0x3c, 0x49, 0x3c, 0x49, 0x3c, 0x49, 0x3c, 0x49, 0x3c, 0x49, 0x3c, 0x49, 
    0x3c, 0x49, 0x3c, 0x49, 0x3c, 0x49, 0x3c, 0x49, 0x3c, 0x49, 0x3c, 0x49, 0x3c, 0x49, 0x3c, 0x49, 
    0x3c, 0x49, 0x3c, 0x49, 0x3c, 0x49, 0x3c, 0x49, 0x3c, 0x49, 0x3c, 0x49, 0x3c, 0x49, 0x22, 0xe8, 
    0x3c, 0x49, 0x3c, 0x49, 0x3c, 0x49, 0x3c, 0x49, 0x3c, 0x49, 0x3c, 0x49, 0x3c, 0x49, 0x3c, 0x49, 
    0x3c, 0x49, 0x3c, 0x49, 0x3c, 0x49, 0x3c, 0x49, 0x22, 0xe8, 0x3c, 0x49, 0x22, 0xe8, 0x22, 0xe8, 
    0x3c, 0x49, 0x3c, 0x49, 0x3c, 0x49, 0x3c, 0x49, 0x3c, 0x49, 0x3c, 0x49, 0x3c, 0x49, 0x3c, 0x49, 
    0x22, 0xe8, 0x3c, 0x49, 0x3c, 0x49, 0x22, 0xe8, 0x22, 0xe8, 0x22, 0xe8, 0x22, 0xe8, 0x19, 0xe7, 
    0x3c, 0x49, 0x3c, 0x49, 0x3c, 0x49, 0x3c, 0x49, 0x3c, 0x49, 0x3c, 0x49, 0x3c, 0x49, 0x22, 0xe8, 
    0x19, 0xe7, 0x22, 0xe8, 0x22, 0xe8, 0x22, 0xe8, 0x19, 0xe7, 0x22, 0xe8, 0x22, 0xe8, 0x19, 0xe7, 
    0x3c, 0x49, 0x3c, 0x49, 0x3c, 0x49, 0x3c, 0x49, 0x3c, 0x49, 0x3c, 0x49, 0x3c, 0x49, 0x3c, 0x49, 
    0x22, 0xe8, 0x19, 0xe7, 0x22, 0xe8, 0x19, 0xe7, 0x6a, 0x47, 0x19, 0xe7, 0x19, 0xe7, 0x6a, 0x47, 
    0x3c, 0x49, 0x3c, 0x49, 0x3c, 0x49, 0x3c, 0x49, 0x3c, 0x49, 0x3c, 0x49, 0x3c, 0x49, 0x3c, 0x49, 
    0x3c, 0x49, 0x22, 0xe8, 0x19, 0xe7, 0x6a, 0x47, 0x6a, 0x47, 0x9b, 0x2a, 0x9b, 0x2a, 0x6a, 0x47, 
    0x3c, 0x49, 0x3c, 0x49, 0x3c, 0x49, 0x3c, 0x49, 0x3c, 0x49, 0x3c, 0x49, 0x3c, 0x49, 0x3c, 0x49, 
    0x3c, 0x49, 0x22, 0xe8, 0x19, 0xe7, 0x6a, 0x47, 0x9b, 0x2a, 0x9b, 0x2a, 0x6a, 0x47, 0x39, 0x46, 
    0x3c, 0x49, 0x3c, 0x49, 0x3c, 0x49, 0x3c, 0x49, 0x3c, 0x49, 0x3c, 0x49, 0x3c, 0x49, 0x3c, 0x49, 
    0x22, 0xe8, 0x22, 0xe8, 0x19, 0xe7, 0x6a, 0x47, 0x6a, 0x47, 0x39, 0x46, 0x39, 0x46, 0x03, 0x75, 
    0x3c, 0x49, 0x3c, 0x49, 0x3c, 0x49, 0x3c, 0x49, 0x3c, 0x49, 0x3c, 0x49, 0x22, 0xe8, 0x22, 0xe8, 
    0x22, 0xe8, 0x19, 0xe7, 0x6a, 0x47, 0x39, 0x46, 0x39, 0x46, 0x03, 0x75, 0x03, 0x75, 0x03, 0x75, 
    0x3c, 0x49, 0x3c, 0x49, 0x3c, 0x49, 0x3c, 0x49, 0x3c, 0x49, 0x22, 0xe8, 0x19, 0xe7, 0x19, 0xe7, 
    0x19, 0xe7, 0x6a, 0x47, 0x9b, 0x2a, 0x39, 0x46, 0x03, 0x75, 0x03, 0x75, 0x03, 0x75, 0x04, 0xbd, 
};

hagl_bitmap_t grassWaterBR = {
    .width = 16,
    .height = 16,
    .depth = 16, // RGB565 is 16-bit
    .buffer = grassWaterBRbuf,
};

// Image: grassWaterL.png (16x16)
static unsigned char grassWaterLbuf[] = {
    0x04, 0xbd, 0x04, 0xbd, 0x03, 0x75, 0x03, 0x75, 0x39, 0x46, 0x9b, 0x2a, 0x6a, 0x47, 0x6a, 0x47, 
    0x19, 0xe7, 0x19, 0xe7, 0x22, 0xe8, 0x3c, 0x49, 0x3c, 0x49, 0x3c, 0x49, 0x3c, 0x49, 0x3c, 0x49, 
    0x04, 0xbd, 0x04, 0xbd, 0x03, 0x75, 0x03, 0x75, 0x39, 0x46, 0x9b, 0x2a, 0x6a, 0x47, 0x19, 0xe7, 
    0x22, 0xe8, 0x22, 0xe8, 0x3c, 0x49, 0x3c, 0x49, 0x3c, 0x49, 0x3c, 0x49, 0x3c, 0x49, 0x3c, 0x49, 
    0x04, 0xbd, 0x04, 0xbd, 0x03, 0x75, 0x03, 0x75, 0x39, 0x46, 0x6a, 0x47, 0x19, 0xe7, 0x22, 0xe8, 
    0x22, 0xe8, 0x3c, 0x49, 0x3c, 0x49, 0x3c, 0x49, 0x3c, 0x49, 0x3c, 0x49, 0x3c, 0x49, 0x3c, 0x49, 
    0x04, 0xbd, 0x04, 0xbd, 0x04, 0xbd, 0x03, 0x75, 0x03, 0x75, 0x39, 0x46, 0x19, 0xe7, 0x22, 0xe8, 
    0x3c, 0x49, 0x3c, 0x49, 0x3c, 0x49, 0x3c, 0x49, 0x3c, 0x49, 0x3c, 0x49, 0x3c, 0x49, 0x3c, 0x49, 
    0x04, 0xbd, 0x04, 0xbd, 0x04, 0xbd, 0x03, 0x75, 0x03, 0x75, 0x39, 0x46, 0x19, 0xe7, 0x22, 0xe8, 
    0x22, 0xe8, 0x22, 0xe8, 0x3c, 0x49, 0x3c, 0x49, 0x3c, 0x49, 0x3c, 0x49, 0x3c, 0x49, 0x3c, 0x49, 
    0x04, 0xbd, 0x04, 0xbd, 0x03, 0x75, 0x03, 0x75, 0x39, 0x46, 0x6a, 0x47, 0x6a, 0x47, 0x19, 0xe7, 
    0x19, 0xe7, 0x19, 0xe7, 0x22, 0xe8, 0x3c, 0x49, 0x3c, 0x49, 0x3c, 0x49, 0x3c, 0x49, 0x3c, 0x49, 
    0x04, 0xbd, 0x04, 0xbd, 0x03, 0x75, 0x03, 0x75, 0x39, 0x46, 0x9b, 0x2a, 0x19, 0xe7, 0x19, 0xe7, 
    0x22, 0xe8, 0x22, 0xe8, 0x22, 0xe8, 0x3c, 0x49, 0x3c, 0x49, 0x3c, 0x49, 0x3c, 0x49, 0x3c, 0x49, 
    0x04, 0xbd, 0x04, 0xbd, 0x03, 0x75, 0x03, 0x75, 0x39, 0x46, 0x9b, 0x2a, 0x19, 0xe7, 0x22, 0xe8, 
    0x22, 0xe8, 0x3c, 0x49, 0x3c, 0x49, 0x3c, 0x49, 0x3c, 0x49, 0x3c, 0x49, 0x3c, 0x49, 0x3c, 0x49, 
    0x04, 0xbd, 0x04, 0xbd, 0x03, 0x75, 0x03, 0x75, 0x39, 0x46, 0x9b, 0x2a, 0x19, 0xe7, 0x22, 0xe8, 
    0x3c, 0x49, 0x3c, 0x49, 0x3c, 0x49, 0x3c, 0x49, 0x3c, 0x49, 0x3c, 0x49, 0x3c, 0x49, 0x3c, 0x49, 
    0x04, 0xbd, 0x04, 0xbd, 0x03, 0x75, 0x03, 0x75, 0x39, 0x46, 0x6a, 0x47, 0x19, 0xe7, 0x22, 0xe8, 
    0x3c, 0x49, 0x3c, 0x49, 0x3c, 0x49, 0x3c, 0x49, 0x3c, 0x49, 0x3c, 0x49, 0x3c, 0x49, 0x3c, 0x49, 
    0x04, 0xbd, 0x04, 0xbd, 0x04, 0xbd, 0x03, 0x75, 0x03, 0x75, 0x39, 0x46, 0x19, 0xe7, 0x22, 0xe8, 
    0x22, 0xe8, 0x3c, 0x49, 0x3c, 0x49, 0x3c, 0x49, 0x3c, 0x49, 0x3c, 0x49, 0x3c, 0x49, 0x3c, 0x49, 
    0x04, 0xbd, 0x04, 0xbd, 0x04, 0xbd, 0x03, 0x75, 0x03, 0x75, 0x39, 0x46, 0x6a, 0x47, 0x19, 0xe7, 
    0x22, 0xe8, 0x22, 0xe8, 0x3c, 0x49, 0x3c, 0x49, 0x3c, 0x49, 0x3c, 0x49, 0x3c, 0x49, 0x3c, 0x49, 
    0x04, 0xbd, 0x04, 0xbd, 0x04, 0xbd, 0x03, 0x75, 0x03, 0x75, 0x39, 0x46, 0x9b, 0x2a, 0x6a, 0x47, 
    0x19, 0xe7, 0x19, 0xe7, 0x22, 0xe8, 0x3c, 0x49, 0x3c, 0x49, 0x3c, 0x49, 0x3c, 0x49, 0x3c, 0x49, 
    0x04, 0xbd, 0x04, 0xbd, 0x04, 0xbd, 0x03, 0x75, 0x03, 0x75, 0x39, 0x46, 0x9b, 0x2a, 0x19, 0xe7, 
    0x22, 0xe8, 0x22, 0xe8, 0x22, 0xe8, 0x3c, 0x49, 0x3c, 0x49, 0x3c, 0x49, 0x3c, 0x49, 0x3c, 0x49, 
    0x04, 0xbd, 0x04, 0xbd, 0x04, 0xbd, 0x04, 0xbd, 0x03, 0x75, 0x03, 0x75, 0x39, 0x46, 0x19, 0xe7, 
    0x22, 0xe8, 0x3c, 0x49, 0x3c, 0x49, 0x3c, 0x49, 0x3c, 0x49, 0x3c, 0x49, 0x3c, 0x49, 0x3c, 0x49, 
    0x04, 0xbd, 0x04, 0xbd, 0x04, 0xbd, 0x03, 0x75, 0x03, 0x75, 0x39, 0x46, 0x6a, 0x47, 0x6a, 0x47, 
    0x19, 0xe7, 0x22, 0xe8, 0x3c, 0x49, 0x3c, 0x49, 0x3c, 0x49, 0x3c, 0x49, 0x3c, 0x49, 0x3c, 0x49, 
};

hagl_bitmap_t grassWaterL = {
    .width = 16,
    .height = 16,
    .depth = 16, // RGB565 is 16-bit
    .buffer = grassWaterLbuf,
};

// Image: grassWaterR.png (16x16)
static unsigned char grassWaterRbuf[] = {
    0x3c, 0x49, 0x3c, 0x49, 0x3c, 0x49, 0x3c, 0x49, 0x3c, 0x49, 0x22, 0xe8, 0x19, 0xe7, 0x19, 0xe7, 
    0x6a, 0x47, 0x6a, 0x47, 0x9b, 0x2a, 0x39, 0x46, 0x03, 0x75, 0x03, 0x75, 0x04, 0xbd, 0x04, 0xbd, 
    0x3c, 0x49, 0x3c, 0x49, 0x3c, 0x49, 0x3c, 0x49, 0x3c, 0x49, 0x3c, 0x49, 0x22, 0xe8, 0x22, 0xe8, 
    0x19, 0xe7, 0x6a, 0x47, 0x9b, 0x2a, 0x39, 0x46, 0x03, 0x75, 0x03, 0x75, 0x04, 0xbd, 0x04, 0xbd, 
    0x3c, 0x49, 0x3c, 0x49, 0x3c, 0x49, 0x3c, 0x49, 0x3c, 0x49, 0x3c, 0x49, 0x3c, 0x49, 0x22, 0xe8, 
    0x22, 0xe8, 0x19, 0xe7, 0x6a, 0x47, 0x39, 0x46, 0x03, 0x75, 0x03, 0x75, 0x04, 0xbd, 0x04, 0xbd, 
    0x3c, 0x49, 0x3c, 0x49, 0x3c, 0x49, 0x3c, 0x49, 0x3c, 0x49, 0x3c, 0x49, 0x3c, 0x49, 0x3c, 0x49, 
    0x22, 0xe8, 0x19, 0xe7, 0x39, 0x46, 0x03, 0x75, 0x03, 0x75, 0x04, 0xbd, 0x04, 0xbd, 0x04, 0xbd, 
    0x3c, 0x49, 0x3c, 0x49, 0x3c, 0x49, 0x3c, 0x49, 0x3c, 0x49, 0x3c, 0x49, 0x22, 0xe8, 0x22, 0xe8, 
    0x22, 0xe8, 0x19, 0xe7, 0x39, 0x46, 0x03, 0x75, 0x03, 0x75, 0x04, 0xbd, 0x04, 0xbd, 0x04, 0xbd, 
    0x3c, 0x49, 0x3c, 0x49, 0x3c, 0x49, 0x3c, 0x49, 0x3c, 0x49, 0x22, 0xe8, 0x19, 0xe7, 0x19, 0xe7, 
    0x19, 0xe7, 0x6a, 0x47, 0x6a, 0x47, 0x39, 0x46, 0x03, 0x75, 0x03, 0x75, 0x04, 0xbd, 0x04, 0xbd, 
    0x3c, 0x49, 0x3c, 0x49, 0x3c, 0x49, 0x3c, 0x49, 0x3c, 0x49, 0x22, 0xe8, 0x22, 0xe8, 0x22, 0xe8, 
    0x19, 0xe7, 0x19, 0xe7, 0x9b, 0x2a, 0x39, 0x46, 0x03, 0x75, 0x03, 0x75, 0x04, 0xbd, 0x04, 0xbd, 
    0x3c, 0x49, 0x3c, 0x49, 0x3c, 0x49, 0x3c, 0x49, 0x3c, 0x49, 0x3c, 0x49, 0x3c, 0x49, 0x22, 0xe8, 
    0x22, 0xe8, 0x19, 0xe7, 0x9b, 0x2a, 0x39, 0x46, 0x03, 0x75, 0x03, 0x75, 0x04, 0xbd, 0x04, 0xbd, 
    0x3c, 0x49, 0x3c, 0x49, 0x3c, 0x49, 0x3c, 0x49, 0x3c, 0x49, 0x3c, 0x49, 0x3c, 0x49, 0x3c, 0x49, 
    0x22, 0xe8, 0x19, 0xe7, 0x9b, 0x2a, 0x39, 0x46, 0x03, 0x75, 0x03, 0x75, 0x04, 0xbd, 0x04, 0xbd, 
    0x3c, 0x49, 0x3c, 0x49, 0x3c, 0x49, 0x3c, 0x49, 0x3c, 0x49, 0x3c, 0x49, 0x3c, 0x49, 0x3c, 0x49, 
    0x22, 0xe8, 0x19, 0xe7, 0x6a, 0x47, 0x39, 0x46, 0x03, 0x75, 0x03, 0x75, 0x04, 0xbd, 0x04, 0xbd, 
    0x3c, 0x49, 0x3c, 0x49, 0x3c, 0x49, 0x3c, 0x49, 0x3c, 0x49, 0x3c, 0x49, 0x3c, 0x49, 0x22, 0xe8, 
    0x22, 0xe8, 0x19, 0xe7, 0x39, 0x46, 0x03, 0x75, 0x03, 0x75, 0x04, 0xbd, 0x04, 0xbd, 0x04, 0xbd, 
    0x3c, 0x49, 0x3c, 0x49, 0x3c, 0x49, 0x3c, 0x49, 0x3c, 0x49, 0x3c, 0x49, 0x22, 0xe8, 0x22, 0xe8, 
    0x19, 0xe7, 0x6a, 0x47, 0x39, 0x46, 0x03, 0x75, 0x03, 0x75, 0x04, 0xbd, 0x04, 0xbd, 0x04, 0xbd, 
    0x3c, 0x49, 0x3c, 0x49, 0x3c, 0x49, 0x3c, 0x49, 0x3c, 0x49, 0x22, 0xe8, 0x19, 0xe7, 0x19, 0xe7, 
    0x6a, 0x47, 0x9b, 0x2a, 0x39, 0x46, 0x03, 0x75, 0x03, 0x75, 0x04, 0xbd, 0x04, 0xbd, 0x04, 0xbd, 
    0x3c, 0x49, 0x3c, 0x49, 0x3c, 0x49, 0x3c, 0x49, 0x3c, 0x49, 0x22, 0xe8, 0x22, 0xe8, 0x22, 0xe8, 
    0x19, 0xe7, 0x9b, 0x2a, 0x39, 0x46, 0x03, 0x75, 0x03, 0x75, 0x04, 0xbd, 0x04, 0xbd, 0x04, 0xbd, 
    0x3c, 0x49, 0x3c, 0x49, 0x3c, 0x49, 0x3c, 0x49, 0x3c, 0x49, 0x3c, 0x49, 0x3c, 0x49, 0x22, 0xe8, 
    0x19, 0xe7, 0x39, 0x46, 0x03, 0x75, 0x03, 0x75, 0x04, 0xbd, 0x04, 0xbd, 0x04, 0xbd, 0x04, 0xbd, 
    0x3c, 0x49, 0x3c, 0x49, 0x3c, 0x49, 0x3c, 0x49, 0x3c, 0x49, 0x3c, 0x49, 0x22, 0xe8, 0x19, 0xe7, 
    0x6a, 0x47, 0x6a, 0x47, 0x39, 0x46, 0x03, 0x75, 0x03, 0x75, 0x04, 0xbd, 0x04, 0xbd, 0x04, 0xbd, 
};

hagl_bitmap_t grassWaterR = {
    .width = 16,
    .height = 16,
    .depth = 16, // RGB565 is 16-bit
    .buffer = grassWaterRbuf,
};

// Image: grassWaterT.png (16x16)
static unsigned char grassWaterTbuf[] = {
    0x04, 0xbd, 0x04, 0xbd, 0x04, 0xbd, 0x04, 0xbd, 0x04, 0xbd, 0x04, 0xbd, 0x04, 0xbd, 0x04, 0xbd, 
    0x04, 0xbd, 0x04, 0xbd, 0x04, 0xbd, 0x04, 0xbd, 0x04, 0xbd, 0x04, 0xbd, 0x04, 0xbd, 0x04, 0xbd, 
    0x04, 0xbd, 0x04, 0xbd, 0x04, 0xbd, 0x04, 0xbd, 0x04, 0xbd, 0x04, 0xbd, 0x04, 0xbd, 0x04, 0xbd, 
    0x04, 0xbd, 0x04, 0xbd, 0x04, 0xbd, 0x04, 0xbd, 0x04, 0xbd, 0x04, 0xbd, 0x04, 0xbd, 0x04, 0xbd, 
    0x04, 0xbd, 0x04, 0xbd, 0x04, 0xbd, 0x04, 0xbd, 0x04, 0xbd, 0x04, 0xbd, 0x04, 0xbd, 0x04, 0xbd, 
    0x04, 0xbd, 0x04, 0xbd, 0x04, 0xbd, 0x04, 0xbd, 0x04, 0xbd, 0x04, 0xbd, 0x04, 0xbd, 0x04, 0xbd, 
    0x04, 0xbd, 0x04, 0xbd, 0x04, 0xbd, 0x04, 0xbd, 0x04, 0xbd, 0x04, 0xbd, 0x04, 0xbd, 0x04, 0xbd, 
    0x04, 0xbd, 0x04, 0xbd, 0x04, 0xbd, 0x04, 0xbd, 0x04, 0xbd, 0x04, 0xbd, 0x04, 0xbd, 0x04, 0xbd, 
    0x04, 0xbd, 0x03, 0x75, 0x03, 0x75, 0x03, 0x75, 0x04, 0xbd, 0x04, 0xbd, 0x04, 0xbd, 0x03, 0x75, 
    0x03, 0x75, 0x03, 0x75, 0x04, 0xbd, 0x04, 0xbd, 0x04, 0xbd, 0x04, 0xbd, 0x04, 0xbd, 0x04, 0xbd, 
    0x03, 0x75, 0x03, 0x75, 0x03, 0x75, 0x03, 0x75, 0x03, 0x75, 0x04, 0xbd, 0x03, 0x75, 0x03, 0x75, 
    0x03, 0x75, 0x03, 0x75, 0x03, 0x75, 0x04, 0xbd, 0x04, 0xbd, 0x03, 0x75, 0x03, 0x75, 0x03, 0x75, 
    0x03, 0x75, 0x19, 0xe7, 0x19, 0xe7, 0x19, 0xe7, 0x03, 0x75, 0x03, 0x75, 0x03, 0x75, 0x19, 0xe7, 
    0x19, 0xe7, 0x19, 0xe7, 0x03, 0x75, 0x03, 0x75, 0x03, 0x75, 0x03, 0x75, 0x03, 0x75, 0x03, 0x75, 
    0x19, 0xe7, 0x22, 0xe8, 0x22, 0xe8, 0x22, 0xe8, 0x19, 0xe7, 0x03, 0x75, 0x19, 0xe7, 0x22, 0xe8, 
    0x22, 0xe8, 0x22, 0xe8, 0x19, 0xe7, 0x03, 0x75, 0x03, 0x75, 0x19, 0xe7, 0x19, 0xe7, 0x03, 0x75, 
    0x19, 0xe7, 0x22, 0xe8, 0x22, 0xe8, 0x3c, 0x49, 0x22, 0xe8, 0x19, 0xe7, 0x22, 0xe8, 0x22, 0xe8, 
    0x3c, 0x49, 0x3c, 0x49, 0x22, 0xe8, 0x19, 0xe7, 0x19, 0xe7, 0x22, 0xe8, 0x22, 0xe8, 0x19, 0xe7, 
    0x22, 0xe8, 0x22, 0xe8, 0x3c, 0x49, 0x3c, 0x49, 0x22, 0xe8, 0x19, 0xe7, 0x22, 0xe8, 0x3c, 0x49, 
    0x3c, 0x49, 0x3c, 0x49, 0x3c, 0x49, 0x22, 0xe8, 0x19, 0xe7, 0x22, 0xe8, 0x3c, 0x49, 0x22, 0xe8, 
    0x3c, 0x49, 0x3c, 0x49, 0x3c, 0x49, 0x3c, 0x49, 0x3c, 0x49, 0x22, 0xe8, 0x22, 0xe8, 0x3c, 0x49, 
    0x3c, 0x49, 0x3c, 0x49, 0x3c, 0x49, 0x3c, 0x49, 0x22, 0xe8, 0x22, 0xe8, 0x3c, 0x49, 0x3c, 0x49, 
    0x3c, 0x49, 0x3c, 0x49, 0x3c, 0x49, 0x3c, 0x49, 0x3c, 0x49, 0x3c, 0x49, 0x3c, 0x49, 0x3c, 0x49, 
    0x3c, 0x49, 0x3c, 0x49, 0x3c, 0x49, 0x3c, 0x49, 0x3c, 0x49, 0x3c, 0x49, 0x3c, 0x49, 0x3c, 0x49, 
    0x3c, 0x49, 0x3c, 0x49, 0x3c, 0x49, 0x3c, 0x49, 0x3c, 0x49, 0x3c, 0x49, 0x3c, 0x49, 0x3c, 0x49, 
    0x3c, 0x49, 0x3c, 0x49, 0x3c, 0x49, 0x3c, 0x49, 0x3c, 0x49, 0x3c, 0x49, 0x3c, 0x49, 0x3c, 0x49, 
    0x3c, 0x49, 0x3c, 0x49, 0x3c, 0x49, 0x3c, 0x49, 0x3c, 0x49, 0x3c, 0x49, 0x3c, 0x49, 0x3c, 0x49, 
    0x3c, 0x49, 0x3c, 0x49, 0x3c, 0x49, 0x3c, 0x49, 0x3c, 0x49, 0x3c, 0x49, 0x3c, 0x49, 0x3c, 0x49, 
    0x3c, 0x49, 0x3c, 0x49, 0x3c, 0x49, 0x3c, 0x49, 0x3c, 0x49, 0x3c, 0x49, 0x3c, 0x49, 0x3c, 0x49, 
    0x3c, 0x49, 0x3c, 0x49, 0x3c, 0x49, 0x3c, 0x49, 0x3c, 0x49, 0x3c, 0x49, 0x3c, 0x49, 0x3c, 0x49, 
    0x3c, 0x49, 0x3c, 0x49, 0x3c, 0x49, 0x3c, 0x49, 0x3c, 0x49, 0x3c, 0x49, 0x3c, 0x49, 0x3c, 0x49, 
    0x3c, 0x49, 0x3c, 0x49, 0x3c, 0x49, 0x3c, 0x49, 0x3c, 0x49, 0x3c, 0x49, 0x3c, 0x49, 0x3c, 0x49, 
};

hagl_bitmap_t grassWaterT = {
    .width = 16,
    .height = 16,
    .depth = 16, // RGB565 is 16-bit
    .buffer = grassWaterTbuf,
};

// Image: grassWaterTL.png (16x16)
static unsigned char grassWaterTLbuf[] = {
    0x04, 0xbd, 0x04, 0xbd, 0x03, 0x75, 0x03, 0x75, 0x39, 0x46, 0x9b, 0x2a, 0x6a, 0x47, 0x19, 0xe7, 
    0x19, 0xe7, 0x19, 0xe7, 0x22, 0xe8, 0x3c, 0x49, 0x3c, 0x49, 0x3c, 0x49, 0x3c, 0x49, 0x3c, 0x49, 
    0x04, 0xbd, 0x04, 0xbd, 0x03, 0x75, 0x03, 0x75, 0x39, 0x46, 0x6a, 0x47, 0x19, 0xe7, 0x22, 0xe8, 
    0x22, 0xe8, 0x22, 0xe8, 0x3c, 0x49, 0x3c, 0x49, 0x3c, 0x49, 0x3c, 0x49, 0x3c, 0x49, 0x3c, 0x49, 
    0x04, 0xbd, 0x03, 0x75, 0x03, 0x75, 0x39, 0x46, 0x9b, 0x2a, 0x19, 0xe7, 0x22, 0xe8, 0x22, 0xe8, 
    0x3c, 0x49, 0x3c, 0x49, 0x3c, 0x49, 0x3c, 0x49, 0x3c, 0x49, 0x3c, 0x49, 0x3c, 0x49, 0x3c, 0x49, 
    0x03, 0x75, 0x03, 0x75, 0x39, 0x46, 0x9b, 0x2a, 0x6a, 0x47, 0x19, 0xe7, 0x22, 0xe8, 0x3c, 0x49, 
    0x3c, 0x49, 0x3c, 0x49, 0x3c, 0x49, 0x3c, 0x49, 0x3c, 0x49, 0x3c, 0x49, 0x3c, 0x49, 0x3c, 0x49, 
    0x03, 0x75, 0x03, 0x75, 0x39, 0x46, 0x9b, 0x2a, 0x6a, 0x47, 0x19, 0xe7, 0x22, 0xe8, 0x3c, 0x49, 
    0x3c, 0x49, 0x3c, 0x49, 0x3c, 0x49, 0x3c, 0x49, 0x3c, 0x49, 0x3c, 0x49, 0x3c, 0x49, 0x3c, 0x49, 
    0x03, 0x75, 0x19, 0xe7, 0x19, 0xe7, 0x6a, 0x47, 0x19, 0xe7, 0x22, 0xe8, 0x19, 0xe7, 0x22, 0xe8, 
    0x3c, 0x49, 0x3c, 0x49, 0x3c, 0x49, 0x3c, 0x49, 0x3c, 0x49, 0x3c, 0x49, 0x3c, 0x49, 0x3c, 0x49, 
    0x19, 0xe7, 0x22, 0xe8, 0x22, 0xe8, 0x19, 0xe7, 0x22, 0xe8, 0x3c, 0x49, 0x22, 0xe8, 0x19, 0xe7, 
    0x22, 0xe8, 0x3c, 0x49, 0x3c, 0x49, 0x3c, 0x49, 0x3c, 0x49, 0x3c, 0x49, 0x3c, 0x49, 0x3c, 0x49, 
    0x19, 0xe7, 0x22, 0xe8, 0x3c, 0x49, 0x22, 0xe8, 0x22, 0xe8, 0x3c, 0x49, 0x3c, 0x49, 0x22, 0xe8, 
    0x3c, 0x49, 0x3c, 0x49, 0x3c, 0x49, 0x3c, 0x49, 0x3c, 0x49, 0x3c, 0x49, 0x3c, 0x49, 0x3c, 0x49, 
    0x22, 0xe8, 0x3c, 0x49, 0x3c, 0x49, 0x22, 0xe8, 0x3c, 0x49, 0x3c, 0x49, 0x3c, 0x49, 0x3c, 0x49, 
    0x3c, 0x49, 0x3c, 0x49, 0x3c, 0x49, 0x3c, 0x49, 0x3c, 0x49, 0x3c, 0x49, 0x3c, 0x49, 0x3c, 0x49, 
    0x3c, 0x49, 0x3c, 0x49, 0x3c, 0x49, 0x3c, 0x49, 0x3c, 0x49, 0x3c, 0x49, 0x3c, 0x49, 0x3c, 0x49, 
    0x3c, 0x49, 0x3c, 0x49, 0x3c, 0x49, 0x3c, 0x49, 0x3c, 0x49, 0x3c, 0x49, 0x3c, 0x49, 0x3c, 0x49, 
    0x3c, 0x49, 0x3c, 0x49, 0x3c, 0x49, 0x3c, 0x49, 0x3c, 0x49, 0x3c, 0x49, 0x3c, 0x49, 0x3c, 0x49, 
    0x3c, 0x49, 0x3c, 0x49, 0x3c, 0x49, 0x3c, 0x49, 0x3c, 0x49, 0x3c, 0x49, 0x3c, 0x49, 0x3c, 0x49, 
    0x3c, 0x49, 0x3c, 0x49, 0x3c, 0x49, 0x3c, 0x49, 0x3c, 0x49, 0x3c, 0x49, 0x3c, 0x49, 0x3c, 0x49, 
    0x3c, 0x49, 0x3c, 0x49, 0x3c, 0x49, 0x3c, 0x49, 0x3c, 0x49, 0x3c, 0x49, 0x3c, 0x49, 0x3c, 0x49, 
    0x3c, 0x49, 0x3c, 0x49, 0x3c, 0x49, 0x3c, 0x49, 0x3c, 0x49, 0x3c, 0x49, 0x3c, 0x49, 0x3c, 0x49, 
    0x3c, 0x49, 0x3c, 0x49, 0x3c, 0x49, 0x3c, 0x49, 0x3c, 0x49, 0x3c, 0x49, 0x3c, 0x49, 0x3c, 0x49, 
    0x3c, 0x49, 0x3c, 0x49, 0x3c, 0x49, 0x3c, 0x49, 0x3c, 0x49, 0x3c, 0x49, 0x3c, 0x49, 0x3c, 0x49, 
    0x3c, 0x49, 0x3c, 0x49, 0x3c, 0x49, 0x3c, 0x49, 0x3c, 0x49, 0x3c, 0x49, 0x3c, 0x49, 0x3c, 0x49, 
    0x3c, 0x49, 0x3c, 0x49, 0x3c, 0x49, 0x3c, 0x49, 0x3c, 0x49, 0x3c, 0x49, 0x3c, 0x49, 0x3c, 0x49, 
    0x3c, 0x49, 0x3c, 0x49, 0x3c, 0x49, 0x3c, 0x49, 0x3c, 0x49, 0x3c, 0x49, 0x3c, 0x49, 0x3c, 0x49, 
    0x3c, 0x49, 0x3c, 0x49, 0x3c, 0x49, 0x3c, 0x49, 0x3c, 0x49, 0x3c, 0x49, 0x3c, 0x49, 0x3c, 0x49, 
    0x3c, 0x49, 0x3c, 0x49, 0x3c, 0x49, 0x3c, 0x49, 0x3c, 0x49, 0x3c, 0x49, 0x3c, 0x49, 0x3c, 0x49, 
};

hagl_bitmap_t grassWaterTL = {
    .width = 16,
    .height = 16,
    .depth = 16, // RGB565 is 16-bit
    .buffer = grassWaterTLbuf,
};

// Image: grassWaterTR.png (16x16)
static unsigned char grassWaterTRbuf[] = {
    0x3c, 0x49, 0x3c, 0x49, 0x3c, 0x49, 0x3c, 0x49, 0x3c, 0x49, 0x22, 0xe8, 0x19, 0xe7, 0x19, 0xe7, 
    0x19, 0xe7, 0x6a, 0x47, 0x9b, 0x2a, 0x39, 0x46, 0x03, 0x75, 0x03, 0x75, 0x04, 0xbd, 0x04, 0xbd, 
    0x3c, 0x49, 0x3c, 0x49, 0x3c, 0x49, 0x3c, 0x49, 0x3c, 0x49, 0x3c, 0x49, 0x22, 0xe8, 0x22, 0xe8, 
    0x22, 0xe8, 0x19, 0xe7, 0x6a, 0x47, 0x39, 0x46, 0x03, 0x75, 0x03, 0x75, 0x04, 0xbd, 0x04, 0xbd, 
    0x3c, 0x49, 0x3c, 0x49, 0x3c, 0x49, 0x3c, 0x49, 0x3c, 0x49, 0x3c, 0x49, 0x3c, 0x49, 0x3c, 0x49, 
    0x22, 0xe8, 0x22, 0xe8, 0x19, 0xe7, 0x9b, 0x2a, 0x39, 0x46, 0x03, 0x75, 0x03, 0x75, 0x04, 0xbd, 
    0x3c, 0x49, 0x3c, 0x49, 0x3c, 0x49, 0x3c, 0x49, 0x3c, 0x49, 0x3c, 0x49, 0x3c, 0x49, 0x3c, 0x49, 
    0x3c, 0x49, 0x22, 0xe8, 0x19, 0xe7, 0x6a, 0x47, 0x9b, 0x2a, 0x39, 0x46, 0x03, 0x75, 0x03, 0x75, 
    0x3c, 0x49, 0x3c, 0x49, 0x3c, 0x49, 0x3c, 0x49, 0x3c, 0x49, 0x3c, 0x49, 0x3c, 0x49, 0x3c, 0x49, 
    0x3c, 0x49, 0x22, 0xe8, 0x19, 0xe7, 0x6a, 0x47, 0x9b, 0x2a, 0x39, 0x46, 0x03, 0x75, 0x03, 0x75, 
    0x3c, 0x49, 0x3c, 0x49, 0x3c, 0x49, 0x3c, 0x49, 0x3c, 0x49, 0x3c, 0x49, 0x3c, 0x49, 0x3c, 0x49, 
    0x22, 0xe8, 0x19, 0xe7, 0x22, 0xe8, 0x19, 0xe7, 0x6a, 0x47, 0x19, 0xe7, 0x19, 0xe7, 0x03, 0x75, 
    0x3c, 0x49, 0x3c, 0x49, 0x3c, 0x49, 0x3c, 0x49, 0x3c, 0x49, 0x3c, 0x49, 0x3c, 0x49, 0x22, 0xe8, 
    0x19, 0xe7, 0x22, 0xe8, 0x22, 0xe8, 0x22, 0xe8, 0x19, 0xe7, 0x22, 0xe8, 0x22, 0xe8, 0x19, 0xe7, 
    0x3c, 0x49, 0x3c, 0x49, 0x3c, 0x49, 0x3c, 0x49, 0x3c, 0x49, 0x3c, 0x49, 0x3c, 0x49, 0x3c, 0x49, 
    0x22, 0xe8, 0x3c, 0x49, 0x3c, 0x49, 0x22, 0xe8, 0x22, 0xe8, 0x22, 0xe8, 0x22, 0xe8, 0x19, 0xe7, 
    0x3c, 0x49, 0x3c, 0x49, 0x3c, 0x49, 0x3c, 0x49, 0x3c, 0x49, 0x3c, 0x49, 0x3c, 0x49, 0x3c, 0x49, 
    0x3c, 0x49, 0x3c, 0x49, 0x3c, 0x49, 0x3c, 0x49, 0x22, 0xe8, 0x3c, 0x49, 0x22, 0xe8, 0x22, 0xe8, 
    0x3c, 0x49, 0x3c, 0x49, 0x3c, 0x49, 0x3c, 0x49, 0x3c, 0x49, 0x3c, 0x49, 0x3c, 0x49, 0x3c, 0x49, 
    0x3c, 0x49, 0x3c, 0x49, 0x3c, 0x49, 0x3c, 0x49, 0x3c, 0x49, 0x3c, 0x49, 0x3c, 0x49, 0x22, 0xe8, 
    0x3c, 0x49, 0x3c, 0x49, 0x3c, 0x49, 0x3c, 0x49, 0x3c, 0x49, 0x3c, 0x49, 0x3c, 0x49, 0x3c, 0x49, 
    0x3c, 0x49, 0x3c, 0x49, 0x3c, 0x49, 0x3c, 0x49, 0x3c, 0x49, 0x3c, 0x49, 0x3c, 0x49, 0x3c, 0x49, 
    0x3c, 0x49, 0x3c, 0x49, 0x3c, 0x49, 0x3c, 0x49, 0x3c, 0x49, 0x3c, 0x49, 0x3c, 0x49, 0x3c, 0x49, 
    0x3c, 0x49, 0x3c, 0x49, 0x3c, 0x49, 0x3c, 0x49, 0x3c, 0x49, 0x3c, 0x49, 0x3c, 0x49, 0x3c, 0x49, 
    0x3c, 0x49, 0x3c, 0x49, 0x3c, 0x49, 0x3c, 0x49, 0x3c, 0x49, 0x3c, 0x49, 0x3c, 0x49, 0x3c, 0x49, 
    0x3c, 0x49, 0x3c, 0x49, 0x3c, 0x49, 0x3c, 0x49, 0x3c, 0x49, 0x3c, 0x49, 0x3c, 0x49, 0x3c, 0x49, 
    0x3c, 0x49, 0x3c, 0x49, 0x3c, 0x49, 0x3c, 0x49, 0x3c, 0x49, 0x3c, 0x49, 0x3c, 0x49, 0x3c, 0x49, 
    0x3c, 0x49, 0x3c, 0x49, 0x3c, 0x49, 0x3c, 0x49, 0x3c, 0x49, 0x3c, 0x49, 0x3c, 0x49, 0x3c, 0x49, 
    0x3c, 0x49, 0x3c, 0x49, 0x3c, 0x49, 0x3c, 0x49, 0x3c, 0x49, 0x3c, 0x49, 0x3c, 0x49, 0x3c, 0x49, 
    0x3c, 0x49, 0x3c, 0x49, 0x3c, 0x49, 0x3c, 0x49, 0x3c, 0x49, 0x3c, 0x49, 0x3c, 0x49, 0x3c, 0x49, 
    0x3c, 0x49, 0x3c, 0x49, 0x3c, 0x49, 0x3c, 0x49, 0x3c, 0x49, 0x3c, 0x49, 0x3c, 0x49, 0x3c, 0x49, 
    0x3c, 0x49, 0x3c, 0x49, 0x3c, 0x49, 0x3c, 0x49, 0x3c, 0x49, 0x3c, 0x49, 0x3c, 0x49, 0x3c, 0x49, 
};

hagl_bitmap_t grassWaterTR = {
    .width = 16,
    .height = 16,
    .depth = 16, // RGB565 is 16-bit
    .buffer = grassWaterTRbuf,
};

// Image: greyTile.png (16x16)
static unsigned char greyTilebuf[] = {
    0xa5, 0x34, 0xa5, 0x34, 0xa5, 0x34, 0xa5, 0x34, 0xa5, 0x34, 0xa5, 0x34, 0xa5, 0x34, 0xa5, 0x34, 
    0xa5, 0x34, 0xa5, 0x34, 0xa5, 0x34, 0xa5, 0x34, 0xa5, 0x34, 0xa5, 0x34, 0xa5, 0x34, 0xa5, 0x34, 
    0xa5, 0x34, 0xa5, 0x34, 0xa5, 0x34, 0xa5, 0x34, 0xa5, 0x34, 0xa5, 0x34, 0xa5, 0x34, 0xa5, 0x34, 
    0xa5, 0x34, 0xa5, 0x34, 0xa5, 0x34, 0xa5, 0x34, 0xa5, 0x34, 0xa5, 0x34, 0xa5, 0x34, 0xa5, 0x34, 
    0xa5, 0x34, 0xa5, 0x34, 0xa5, 0x34, 0xa5, 0x34, 0xa5, 0x34, 0xa5, 0x34, 0xa5, 0x34, 0xa5, 0x34, 
    0xa5, 0x34, 0xa5, 0x34, 0xa5, 0x34, 0xa5, 0x34, 0xa5, 0x34, 0xa5, 0x34, 0xa5, 0x34, 0xa5, 0x34, 
    0xa5, 0x34, 0xa5, 0x34, 0xa5, 0x34, 0xa5, 0x34, 0xa5, 0x34, 0xa5, 0x34, 0xa5, 0x34, 0xa5, 0x34, 
    0xa5, 0x34, 0xa5, 0x34, 0xa5, 0x34, 0xa5, 0x34, 0xa5, 0x34, 0xa5, 0x34, 0xa5, 0x34, 0xa5, 0x34, 
    0xa5, 0x34, 0xa5, 0x34, 0xa5, 0x34, 0xa5, 0x34, 0xa5, 0x34, 0xa5, 0x34, 0xa5, 0x34, 0xa5, 0x34, 
    0xa5, 0x34, 0xa5, 0x34, 0xa5, 0x34, 0xa5, 0x34, 0xa5, 0x34, 0xa5, 0x34, 0xa5, 0x34, 0xa5, 0x34, 
    0xa5, 0x34, 0xa5, 0x34, 0xa5, 0x34, 0xa5, 0x34, 0xa5, 0x34, 0xa5, 0x34, 0xa5, 0x34, 0xa5, 0x34, 
    0xa5, 0x34, 0xa5, 0x34, 0xa5, 0x34, 0xa5, 0x34, 0xa5, 0x34, 0xa5, 0x34, 0xa5, 0x34, 0xa5, 0x34, 
    0xa5, 0x34, 0xa5, 0x34, 0xa5, 0x34, 0xa5, 0x34, 0xa5, 0x34, 0xa5, 0x34, 0xa5, 0x34, 0xa5, 0x34, 
    0xa5, 0x34, 0xa5, 0x34, 0xa5, 0x34, 0xa5, 0x34, 0xa5, 0x34, 0xa5, 0x34, 0xa5, 0x34, 0xa5, 0x34, 
    0xa5, 0x34, 0xa5, 0x34, 0xa5, 0x34, 0xa5, 0x34, 0xa5, 0x34, 0xa5, 0x34, 0xa5, 0x34, 0xa5, 0x34, 
    0xa5, 0x34, 0xa5, 0x34, 0xa5, 0x34, 0xa5, 0x34, 0xa5, 0x34, 0xa5, 0x34, 0xa5, 0x34, 0xa5, 0x34, 
    0xa5, 0x34, 0xa5, 0x34, 0xa5, 0x34, 0xa5, 0x34, 0xa5, 0x34, 0xa5, 0x34, 0xa5, 0x34, 0xa5, 0x34, 
    0xa5, 0x34, 0xa5, 0x34, 0xa5, 0x34, 0xa5, 0x34, 0xa5, 0x34, 0xa5, 0x34, 0xa5, 0x34, 0xa5, 0x34, 
    0xa5, 0x34, 0xa5, 0x34, 0xa5, 0x34, 0xa5, 0x34, 0xa5, 0x34, 0xa5, 0x34, 0xa5, 0x34, 0xa5, 0x34, 
    0xa5, 0x34, 0xa5, 0x34, 0xa5, 0x34, 0xa5, 0x34, 0xa5, 0x34, 0xa5, 0x34, 0xa5, 0x34, 0xa5, 0x34, 
    0xa5, 0x34, 0xa5, 0x34, 0xa5, 0x34, 0xa5, 0x34, 0xa5, 0x34, 0xa5, 0x34, 0xa5, 0x34, 0xa5, 0x34, 
    0xa5, 0x34, 0xa5, 0x34, 0xa5, 0x34, 0xa5, 0x34, 0xa5, 0x34, 0xa5, 0x34, 0xa5, 0x34, 0xa5, 0x34, 
    0xa5, 0x34, 0xa5, 0x34, 0xa5, 0x34, 0xa5, 0x34, 0xa5, 0x34, 0xa5, 0x34, 0xa5, 0x34, 0xa5, 0x34, 
    0xa5, 0x34, 0xa5, 0x34, 0xa5, 0x34, 0xa5, 0x34, 0xa5, 0x34, 0xa5, 0x34, 0xa5, 0x34, 0xa5, 0x34, 
    0xa5, 0x34, 0xa5, 0x34, 0xa5, 0x34, 0xa5, 0x34, 0xa5, 0x34, 0xa5, 0x34, 0xa5, 0x34, 0xa5, 0x34, 
    0xa5, 0x34, 0xa5, 0x34, 0xa5, 0x34, 0xa5, 0x34, 0xa5, 0x34, 0xa5, 0x34, 0xa5, 0x34, 0xa5, 0x34, 
    0xa5, 0x34, 0xa5, 0x34, 0xa5, 0x34, 0xa5, 0x34, 0xa5, 0x34, 0xa5, 0x34, 0xa5, 0x34, 0xa5, 0x34, 
    0xa5, 0x34, 0xa5, 0x34, 0xa5, 0x34, 0xa5, 0x34, 0xa5, 0x34, 0xa5, 0x34, 0xa5, 0x34, 0xa5, 0x34, 
    0xa5, 0x34, 0xa5, 0x34, 0xa5, 0x34, 0xa5, 0x34, 0xa5, 0x34, 0xa5, 0x34, 0xa5, 0x34, 0xa5, 0x34, 
    0xa5, 0x34, 0xa5, 0x34, 0xa5, 0x34, 0xa5, 0x34, 0xa5, 0x34, 0xa5, 0x34, 0xa5, 0x34, 0xa5, 0x34, 
    0xa5, 0x34, 0xa5, 0x34, 0xa5, 0x34, 0xa5, 0x34, 0xa5, 0x34, 0xa5, 0x34, 0xa5, 0x34, 0xa5, 0x34, 
    0xa5, 0x34, 0xa5, 0x34, 0xa5, 0x34, 0xa5, 0x34, 0xa5, 0x34, 0xa5, 0x34, 0xa5, 0x34, 0xa5, 0x34, 
};

hagl_bitmap_t greyTile = {
    .width = 16,
    .height = 16,
    .depth = 16, // RGB565 is 16-bit
    .buffer = greyTilebuf,
};

// Image: logoText.png (144x20)
static unsigned char logoTextbuf[] = {
    0x07, 0x3f, 0x07, 0x3f, 0x07, 0x3f, 0x07, 0x3f, 0x07, 0x3f, 0x07, 0x3f, 0x07, 0x3f, 0x07, 0x3f, 
    0x07, 0x3f, 0x07, 0x3f, 0x07, 0x3f, 0x07, 0x3f, 0x00, 0x00, 0x00, 0x00, 0x00, 0x00, 0x00, 0x00, 
    0x00, 0x00, 0x00, 0x00, 0x00, 0x00, 0x00, 0x00, 0x07, 0x3f, 0x07, 0x3f, 0x07, 0x3f, 0x07, 0x3f, 
    0x07, 0x3f, 0x07, 0x3f, 0x07, 0x3f, 0x07, 0x3f, 0x07, 0x3f, 0x07, 0x3f, 0x07, 0x3f, 0x07, 0x3f, 
    0x07, 0x3f, 0x07, 0x3f, 0x00, 0x00, 0x00, 0x00, 0x00, 0x00, 0x00, 0x00, 0x00, 0x00, 0x00, 0x00, 
    0x00, 0x00, 0x00, 0x00, 0x07, 0x3f, 0x07, 0x3f, 0x07, 0x3f, 0x07, 0x3f, 0x07, 0x3f, 0x07, 0x3f, 
    0x07, 0x3f, 0x07, 0x3f, 0x07, 0x3f, 0x07, 0x3f, 0x00, 0x00, 0x00, 0x00, 0x00, 0x00, 0x00, 0x00, 
    0x00, 0x00, 0x00, 0x00, 0x00, 0x00, 0x00, 0x00, 0x00, 0x00, 0x00, 0x00, 0x07, 0x3f, 0x07, 0x3f, 
    0x07, 0x3f, 0x07, 0x3f, 0x07, 0x3f, 0x07, 0x3f, 0x07, 0x3f, 0x07, 0x3f, 0x07, 0x3f, 0x07, 0x3f, 
    0x00, 0x00, 0x00, 0x00, 0x00, 0x00, 0x00, 0x00, 0x00, 0x00, 0x00, 0x00, 0x00, 0x00, 0x00, 0x00, 
    0x00, 0x00, 0x00, 0x00, 0x00, 0x00, 0x00, 0x00, 0x00, 0x00, 0x00, 0x00, 0x00, 0x00, 0x00, 0x00, 
    0x00, 0x00, 0x00, 0x00, 0x07, 0x3f, 0x07, 0x3f, 0x07, 0x3f, 0x07, 0x3f, 0x07, 0x3f, 0x07, 0x3f, 
    0x07, 0x3f, 0x07, 0x3f, 0x07, 0x3f, 0x07, 0x3f, 0x07, 0x3f, 0x07, 0x3f, 0x00, 0x00, 0x00, 0x00, 
    0x00, 0x00, 0x00, 0x00, 0x00, 0x00, 0x00, 0x00, 0x00, 0x00, 0x00, 0x00, 0x07, 0x3f, 0x07, 0x3f, 
    0x07, 0x3f, 0x07, 0x3f, 0x07, 0x3f, 0x07, 0x3f, 0x07, 0x3f, 0x07, 0x3f, 0x07, 0x3f, 0x07, 0x3f, 
    0x07, 0x3f, 0x07, 0x3f, 0x00, 0x00, 0x00, 0x00, 0x00, 0x00, 0x00, 0x00, 0x00, 0x00, 0x00, 0x00, 
    0x00, 0x00, 0x00, 0x00, 0x00, 0x00, 0x00, 0x00, 0x07, 0x3f, 0x07, 0x3f, 0x07, 0x3f, 0x07, 0x3f, 
    0x07, 0x3f, 0x07, 0x3f, 0x07, 0x3f, 0x07, 0x3f, 0x07, 0x3f, 0x07, 0x3f, 0x00, 0x00, 0x00, 0x00, 
    0x07, 0x3f, 0x07, 0x3f, 0x07, 0x3f, 0x07, 0x3f, 0x07, 0x3f, 0x07, 0x3f, 0x07, 0x3f, 0x07, 0x3f, 
    0x07, 0x3f, 0x07, 0x3f, 0x07, 0x3f, 0x07, 0x3f, 0x00, 0x00, 0x00, 0x00, 0x00, 0x00, 0x00, 0x00, 
    0x00, 0x00, 0x00, 0x00, 0x00, 0x00, 0x00, 0x00, 0x07, 0x3f, 0x07, 0x3f, 0x07, 0x3f, 0x07, 0x3f, 
    0x07, 0x3f, 0x07, 0x3f, 0x07, 0x3f, 0x07, 0x3f, 0x07, 0x3f, 0x07, 0x3f, 0x07, 0x3f, 0x07, 0x3f, 
    0x07, 0x3f, 0x07, 0x3f, 0x00, 0x00, 0x00, 0x00, 0x00, 0x00, 0x00, 0x00, 0x00, 0x00, 0x00, 0x00, 
    0x00, 0x00, 0x00, 0x00, 0x07, 0x3f, 0x07, 0x3f, 0x07, 0x3f, 0x07, 0x3f, 0x07, 0x3f, 0x07, 0x3f, 
    0x07, 0x3f, 0x07, 0x3f, 0x07, 0x3f, 0x07, 0x3f, 0x00, 0x00, 0x00, 0x00, 0x00, 0x00, 0x00, 0x00, 
    0x00, 0x00, 0x00, 0x00, 0x00, 0x00, 0x00, 0x00, 0x00, 0x00, 0x00, 0x00, 0x07, 0x3f, 0x07, 0x3f, 
    0x07, 0x3f, 0x07, 0x3f, 0x07, 0x3f, 0x07, 0x3f, 0x07, 0x3f, 0x07, 0x3f, 0x07, 0x3f, 0x07, 0x3f, 
    0x00, 0x00, 0x00, 0x00, 0x00, 0x00, 0x00, 0x00, 0x00, 0x00, 0x00, 0x00, 0x00, 0x00, 0x00, 0x00, 
    0x00, 0x00, 0x00, 0x00, 0x00, 0x00, 0x00, 0x00, 0x00, 0x00, 0x00, 0x00, 0x00, 0x00, 0x00, 0x00, 
    0x00, 0x00, 0x00, 0x00, 0x07, 0x3f, 0x07, 0x3f, 0x07, 0x3f, 0x07, 0x3f, 0x07, 0x3f, 0x07, 0x3f, 
    0x07, 0x3f, 0x07, 0x3f, 0x07, 0x3f, 0x07, 0x3f, 0x07, 0x3f, 0x07, 0x3f, 0x00, 0x00, 0x00, 0x00, 
    0x00, 0x00, 0x00, 0x00, 0x00, 0x00, 0x00, 0x00, 0x00, 0x00, 0x00, 0x00, 0x07, 0x3f, 0x07, 0x3f, 
    0x07, 0x3f, 0x07, 0x3f, 0x07, 0x3f, 0x07, 0x3f, 0x07, 0x3f, 0x07, 0x3f, 0x07, 0x3f, 0x07, 0x3f, 
    0x07, 0x3f, 0x07, 0x3f, 0x00, 0x00, 0x00, 0x00, 0x00, 0x00, 0x00, 0x00, 0x00, 0x00, 0x00, 0x00, 
    0x00, 0x00, 0x00, 0x00, 0x00, 0x00, 0x00, 0x00, 0x07, 0x3f, 0x07, 0x3f, 0x07, 0x3f, 0x07, 0x3f, 
    0x07, 0x3f, 0x07, 0x3f, 0x07, 0x3f, 0x07, 0x3f, 0x07, 0x3f, 0x07, 0x3f, 0x00, 0x00, 0x00, 0x00, 
    0x07, 0x3f, 0x07, 0x3f, 0x07, 0x3f, 0x07, 0x3f, 0x07, 0x3f, 0x07, 0x3f, 0x07, 0x3f, 0x07, 0x3f, 
    0x07, 0x3f, 0x07, 0x3f, 0x07, 0x3f, 0x07, 0x3f, 0x07, 0x3f, 0x07, 0x3f, 0x00, 0x00, 0x00, 0x00, 
    0x00, 0x00, 0x00, 0x00, 0x00, 0x00, 0x00, 0x00, 0x07, 0x3f, 0x07, 0x3f, 0x07, 0x3f, 0x07, 0x3f, 
    0x07, 0x3f, 0x07, 0x3f, 0x07, 0x3f, 0x07, 0x3f, 0x07, 0x3f, 0x07, 0x3f, 0x07, 0x3f, 0x07, 0x3f, 
    0x07, 0x3f, 0x07, 0x3f, 0x00, 0x00, 0x00, 0x00, 0x00, 0x00, 0x00, 0x00, 0x00, 0x00, 0x00, 0x00, 
    0x07, 0x3f, 0x07, 0x3f, 0x07, 0x3f, 0x07, 0x3f, 0x07, 0x3f, 0x07, 0x3f, 0x07, 0x3f, 0x07, 0x3f, 
    0x07, 0x3f, 0x07, 0x3f, 0x07, 0x3f, 0x07, 0x3f, 0x07, 0x3f, 0x07, 0x3f, 0x00, 0x00, 0x00, 0x00, 
    0x00, 0x00, 0x00, 0x00, 0x00, 0x00, 0x00, 0x00, 0x07, 0x3f, 0x07, 0x3f, 0x07, 0x3f, 0x07, 0x3f, 
    0x07, 0x3f, 0x07, 0x3f, 0x07, 0x3f, 0x07, 0x3f, 0x07, 0x3f, 0x07, 0x3f, 0x07, 0x3f, 0x07, 0x3f, 
    0x07, 0x3f, 0x07, 0x3f, 0x00, 0x00, 0x00, 0x00, 0x00, 0x00, 0x00, 0x00, 0x00, 0x00, 0x00, 0x00, 
    0x00, 0x00, 0x00, 0x00, 0x00, 0x00, 0x00, 0x00, 0x00, 0x00, 0x00, 0x00, 0x00, 0x00, 0x00, 0x00, 
    0x00, 0x00, 0x00, 0x00, 0x07, 0x3f, 0x07, 0x3f, 0x07, 0x3f, 0x07, 0x3f, 0x07, 0x3f, 0x07, 0x3f, 
    0x07, 0x3f, 0x07, 0x3f, 0x07, 0x3f, 0x07, 0x3f, 0x07, 0x3f, 0x07, 0x3f, 0x07, 0x3f, 0x07, 0x3f, 
    0x00, 0x00, 0x00, 0x00, 0x00, 0x00, 0x00, 0x00, 0x00, 0x00, 0x00, 0x00, 0x07, 0x3f, 0x07, 0x3f, 
    0x07, 0x3f, 0x07, 0x3f, 0x07, 0x3f, 0x07, 0x3f, 0x07, 0x3f, 0x07, 0x3f, 0x07, 0x3f, 0x07, 0x3f, 
    0x07, 0x3f, 0x07, 0x3f, 0x07, 0x3f, 0x07, 0x3f, 0x00, 0x00, 0x00, 0x00, 0x00, 0x00, 0x00, 0x00, 
    0x00, 0x00, 0x00, 0x00, 0x07, 0x3f, 0x07, 0x3f, 0x07, 0x3f, 0x07, 0x3f, 0x07, 0x3f, 0x07, 0x3f, 
    0x07, 0x3f, 0x07, 0x3f, 0x07, 0x3f, 0x07, 0x3f, 0x07, 0x3f, 0x07, 0x3f, 0x07, 0x3f, 0x07, 0x3f, 
    0x07, 0x3f, 0x07, 0x3f, 0x07, 0x3f, 0x07, 0x3f, 0x07, 0x3f, 0x00, 0x00, 0x00, 0x00, 0x00, 0x00, 
    0x00, 0x00, 0x07, 0x3f, 0x07, 0x3f, 0x07, 0x3f, 0x07, 0x3f, 0x07, 0x3f, 0x00, 0x00, 0x00, 0x00, 
    0x00, 0x00, 0x00, 0x00, 0x00, 0x00, 0x00, 0x00, 0x00, 0x00, 0x00, 0x00, 0x00, 0x00, 0x00, 0x00, 
    0x07, 0x3f, 0x07, 0x3f, 0x07, 0x3f, 0x07, 0x3f, 0x07, 0x3f, 0x00, 0x00, 0x00, 0x00, 0x00, 0x00, 
    0x00, 0x00, 0x00, 0x00, 0x00, 0x00, 0x00, 0x00, 0x00, 0x00, 0x00, 0x00, 0x00, 0x00, 0x00, 0x00, 
    0x07, 0x3f, 0x07, 0x3f, 0x07, 0x3f, 0x07, 0x3f, 0x07, 0x3f, 0x00, 0x00, 0x00, 0x00, 0x00, 0x00, 
    0x00, 0x00, 0x07, 0x3f, 0x07, 0x3f, 0x07, 0x3f, 0x07, 0x3f, 0x07, 0x3f, 0x00, 0x00, 0x00, 0x00, 
    0x00, 0x00, 0x00, 0x00, 0x00, 0x00, 0x00, 0x00, 0x07, 0x3f, 0x07, 0x3f, 0x07, 0x3f, 0x07, 0x3f, 
    0x07, 0x3f, 0x00, 0x00, 0x00, 0x00, 0x00, 0x00, 0x00, 0xe3, 0x07, 0x3f, 0x07, 0x3f, 0x07, 0x3f, 
    0x07, 0x3f, 0x07, 0x3f, 0x00, 0x00, 0x00, 0x00, 0x00, 0x00, 0x00, 0x00, 0x00, 0x00, 0x00, 0x00, 
    0x00, 0x00, 0x00, 0x00, 0x00, 0x00, 0x00, 0x00, 0x00, 0x00, 0x00, 0x00, 0x00, 0x00, 0x00, 0x00, 
    0x00, 0x00, 0x00, 0x00, 0x07, 0x3f, 0x07, 0x3f, 0x07, 0x3f, 0x07, 0x3f, 0x07, 0x3f, 0x00, 0x00, 
    0x00, 0x00, 0x00, 0x00, 0x00, 0x00, 0x07, 0x3f, 0x07, 0x3f, 0x07, 0x3f, 0x07, 0x3f, 0x07, 0x3f, 
    0x00, 0x00, 0x00, 0x00, 0x00, 0x00, 0x00, 0x00, 0x00, 0x00, 0x00, 0x00, 0x07, 0x3f, 0x07, 0x3f, 
    0x07, 0x3f, 0x07, 0x3f, 0x07, 0x3f, 0x00, 0x00, 0x00, 0x00, 0x00, 0x00, 0x00, 0x00, 0x07, 0x3f, 
    0x07, 0x3f, 0x07, 0x3f, 0x07, 0x3f, 0x07, 0x3f, 0x00, 0x00, 0x00, 0x00, 0x00, 0x00, 0x00, 0x00, 
    0x00, 0x00, 0x00, 0x00, 0x07, 0x3f, 0x07, 0x3f, 0x07, 0x3f, 0x07, 0x3f, 0x07, 0x3f, 0x00, 0x00, 
    0x00, 0x00, 0x00, 0x00, 0x00, 0x00, 0x07, 0x3f, 0x07, 0x3f, 0x07, 0x3f, 0x07, 0x3f, 0x07, 0x3f, 
    0x07, 0x3f, 0x07, 0x3f, 0x07, 0x3f, 0x07, 0x3f, 0x07, 0x3f, 0x00, 0x00, 0x00, 0x00, 0x00, 0x00, 
    0x00, 0x00, 0x07, 0x3f, 0x07, 0x3f, 0x07, 0x3f, 0x07, 0x3f, 0x07, 0x3f, 0x00, 0x00, 0x00, 0x00, 
    0x00, 0x00, 0x00, 0x00, 0x00, 0x00, 0x00, 0x00, 0x00, 0x00, 0x00, 0x00, 0x00, 0x00, 0x00, 0x00, 
    0x07, 0x3f, 0x07, 0x3f, 0x07, 0x3f, 0x07, 0x3f, 0x07, 0x3f, 0x00, 0x00, 0x00, 0x00, 0x00, 0x00, 
    0x00, 0x00, 0x00, 0x00, 0x00, 0x00, 0x00, 0x00, 0x00, 0x00, 0x00, 0x00, 0x00, 0x00, 0x00, 0x00, 
    0x07, 0x3f, 0x07, 0x3f, 0x07, 0x3f, 0x07, 0x3f, 0x07, 0x3f, 0x00, 0x00, 0x00, 0x00, 0x00, 0x00, 
    0x00, 0x00, 0x07, 0x3f, 0x07, 0x3f, 0x07, 0x3f, 0x07, 0x3f, 0x07, 0x3f, 0x00, 0x00, 0x00, 0x00, 
    0x00, 0x00, 0x00, 0x00, 0x00, 0x00, 0x00, 0x00, 0x07, 0x3f, 0x07, 0x3f, 0x07, 0x3f, 0x07, 0x3f, 
    0x07, 0x3f, 0x00, 0x00, 0x00, 0x00, 0x00, 0x00, 0x00, 0xe3, 0x07, 0x3f, 0x07, 0x3f, 0x07, 0x3f, 
    0x07, 0x3f, 0x07, 0x3f, 0x00, 0x00, 0x00, 0x00, 0x00, 0x00, 0x00, 0x00, 0x00, 0x00, 0x00, 0x00, 
    0x00, 0x00, 0x00, 0x00, 0x00, 0x00, 0x00, 0x00, 0x00, 0x00, 0x00, 0x00, 0x00, 0x00, 0x00, 0x00, 
    0x00, 0x00, 0x00, 0x00, 0x07, 0x3f, 0x07, 0x3f, 0x07, 0x3f, 0x07, 0x3f, 0x07, 0x3f, 0x00, 0x00, 
    0x00, 0x00, 0x00, 0x00, 0x00, 0x00, 0x07, 0x3f, 0x07, 0x3f, 0x07, 0x3f, 0x07, 0x3f, 0x07, 0x3f, 
    0x00, 0x00, 0x00, 0x00, 0x00, 0x00, 0x00, 0x00, 0x00, 0x00, 0x00, 0x00, 0x07, 0x3f, 0x07, 0x3f, 
    0x07, 0x3f, 0x07, 0x3f, 0x07, 0x3f, 0x00, 0x00, 0x00, 0x00, 0x00, 0x00, 0x00, 0x00, 0x07, 0x3f, 
    0x07, 0x3f, 0x07, 0x3f, 0x07, 0x3f, 0x07, 0x3f, 0x00, 0x00, 0x00, 0x00, 0x00, 0x00, 0x00, 0x00, 
    0x00, 0x00, 0x00, 0x00, 0x07, 0x3f, 0x07, 0x3f, 0x07, 0x3f, 0x07, 0x3f, 0x07, 0x3f, 0x00, 0x00, 
    0x00, 0x00, 0x00, 0x00, 0x00, 0x00, 0x07, 0x3f, 0x07, 0x3f, 0x07, 0x3f, 0x07, 0x3f, 0x07, 0x3f, 
    0x07, 0x3f, 0x07, 0x3f, 0x07, 0x3f, 0x07, 0x3f, 0x07, 0x3f, 0x00, 0x00, 0x00, 0x00, 0x00, 0x00, 
    0x00, 0x00, 0x07, 0x3f, 0x07, 0x3f, 0x07, 0x3f, 0x07, 0x3f, 0x07, 0x3f, 0x00, 0x00, 0x00, 0x00, 
    0x00, 0x00, 0x00, 0x00, 0x00, 0x00, 0x00, 0x00, 0x00, 0x00, 0x00, 0x00, 0x00, 0x00, 0x00, 0x00, 
    0x07, 0x3f, 0x07, 0x3f, 0x07, 0x3f, 0x07, 0x3f, 0x07, 0x3f, 0x00, 0x00, 0x00, 0x00, 0x00, 0x00, 
    0x00, 0x00, 0x00, 0x00, 0x00, 0x00, 0x00, 0x00, 0x00, 0x00, 0x00, 0x00, 0x00, 0x00, 0x00, 0x00, 
    0x07, 0x3f, 0x07, 0x3f, 0x07, 0x3f, 0x07, 0x3f, 0x07, 0x3f, 0x00, 0x00, 0x00, 0x00, 0x00, 0x00, 
    0x00, 0x00, 0x07, 0x3f, 0x07, 0x3f, 0x07, 0x3f, 0x07, 0x3f, 0x07, 0x3f, 0x00, 0x00, 0x00, 0x00, 
    0x00, 0x00, 0x00, 0x00, 0x00, 0x00, 0x00, 0x00, 0x07, 0x3f, 0x07, 0x3f, 0x07, 0x3f, 0x07, 0x3f, 
    0x07, 0x3f, 0x00, 0x00, 0x00, 0x00, 0x00, 0x00, 0x00, 0xe3, 0x07, 0x3f, 0x07, 0x3f, 0x07, 0x3f, 
    0x07, 0x3f, 0x07, 0x3f, 0x00, 0x00, 0x00, 0x00, 0x00, 0x00, 0x00, 0x00, 0x00, 0x00, 0x00, 0x00, 
    0x00, 0x00, 0x00, 0x00, 0x00, 0x00, 0x00, 0x00, 0x00, 0x00, 0x00, 0x00, 0x00, 0x00, 0x00, 0x00, 
    0x00, 0x00, 0x00, 0x00, 0x07, 0x3f, 0x07, 0x3f, 0x07, 0x3f, 0x07, 0x3f, 0x07, 0x3f, 0x00, 0x00, 
    0x00, 0x00, 0x00, 0x00, 0x00, 0x00, 0x07, 0x3f, 0x07, 0x3f, 0x07, 0x3f, 0x07, 0x3f, 0x07, 0x3f, 
    0x00, 0x00, 0x00, 0x00, 0x00, 0x00, 0x00, 0x00, 0x00, 0x00, 0x00, 0x00, 0x07, 0x3f, 0x07, 0x3f, 
    0x07, 0x3f, 0x07, 0x3f, 0x07, 0x3f, 0x00, 0x00, 0x00, 0x00, 0x00, 0x00, 0x00, 0x00, 0x07, 0x3f, 
    0x07, 0x3f, 0x07, 0x3f, 0x07, 0x3f, 0x07, 0x3f, 0x00, 0x00, 0x00, 0x00, 0x00, 0x00, 0x00, 0x00, 
    0x00, 0x00, 0x00, 0x00, 0x07, 0x3f, 0x07, 0x3f, 0x07, 0x3f, 0x07, 0x3f, 0x07, 0x3f, 0x00, 0x00, 
    0x00, 0x00, 0x00, 0x00, 0x00, 0x00, 0x07, 0x3f, 0x07, 0x3f, 0x07, 0x3f, 0x07, 0x3f, 0x07, 0x3f, 
    0x07, 0x3f, 0x07, 0x3f, 0x07, 0x3f, 0x07, 0x3f, 0x07, 0x3f, 0x00, 0x00, 0x00, 0x00, 0x00, 0x00, 
    0x00, 0x00, 0x07, 0x3f, 0x07, 0x3f, 0x07, 0x3f, 0x07, 0x3f, 0x07, 0x3f, 0x00, 0x00, 0x00, 0x00, 
    0x00, 0x00, 0x00, 0x00, 0x00, 0x00, 0x00, 0x00, 0x00, 0x00, 0x00, 0x00, 0x00, 0x00, 0x00, 0x00, 
    0x07, 0x3f, 0x07, 0x3f, 0x07, 0x3f, 0x07, 0x3f, 0x07, 0x3f, 0x00, 0x00, 0x00, 0x00, 0x00, 0x00, 
    0x00, 0x00, 0x00, 0x00, 0x00, 0x00, 0x00, 0x00, 0x00, 0x00, 0x00, 0x00, 0x00, 0x00, 0x00, 0x00, 
    0x07, 0x3f, 0x07, 0x3f, 0x07, 0x3f, 0x07, 0x3f, 0x07, 0x3f, 0x00, 0x00, 0x00, 0x00, 0x00, 0x00, 
    0x00, 0x00, 0x07, 0x3f, 0x07, 0x3f, 0x07, 0x3f, 0x07, 0x3f, 0x07, 0x3f, 0x00, 0x00, 0x00, 0x00, 
    0x00, 0x00, 0x00, 0x00, 0x00, 0x00, 0x00, 0x00, 0x07, 0x3f, 0x07, 0x3f, 0x07, 0x3f, 0x07, 0x3f, 
    0x07, 0x3f, 0x00, 0x00, 0x00, 0x00, 0x00, 0x00, 0x00, 0xe3, 0x07, 0x3f, 0x07, 0x3f, 0x07, 0x3f, 
    0x07, 0x3f, 0x07, 0x3f, 0x00, 0x00, 0x00, 0x00, 0x00, 0x00, 0x00, 0x00, 0x00, 0x00, 0x00, 0x00, 
    0x00, 0x00, 0x00, 0x00, 0x00, 0x00, 0x00, 0x00, 0x00, 0x00, 0x00, 0x00, 0x00, 0x00, 0x00, 0x00, 
    0x00, 0x00, 0x00, 0x00, 0x07, 0x3f, 0x07, 0x3f, 0x07, 0x3f, 0x07, 0x3f, 0x07, 0x3f, 0x00, 0x00, 
    0x00, 0x00, 0x00, 0x00, 0x00, 0x00, 0x07, 0x3f, 0x07, 0x3f, 0x07, 0x3f, 0x07, 0x3f, 0x07, 0x3f, 
    0x00, 0x00, 0x00, 0x00, 0x00, 0x00, 0x00, 0x00, 0x00, 0x00, 0x00, 0x00, 0x07, 0x3f, 0x07, 0x3f, 
    0x07, 0x3f, 0x07, 0x3f, 0x07, 0x3f, 0x00, 0x00, 0x00, 0x00, 0x00, 0x00, 0x00, 0x00, 0x07, 0x3f, 
    0x07, 0x3f, 0x07, 0x3f, 0x07, 0x3f, 0x07, 0x3f, 0x00, 0x00, 0x00, 0x00, 0x00, 0x00, 0x00, 0x00, 
    0x00, 0x00, 0x00, 0x00, 0x07, 0x3f, 0x07, 0x3f, 0x07, 0x3f, 0x07, 0x3f, 0x07, 0x3f, 0x00, 0x00, 
    0x00, 0x00, 0x00, 0x00, 0x00, 0x00, 0x07, 0x3f, 0x07, 0x3f, 0x07, 0x3f, 0x07, 0x3f, 0x07, 0x3f, 
    0x07, 0x3f, 0x07, 0x3f, 0x07, 0x3f, 0x07, 0x3f, 0x07, 0x3f, 0x00, 0x00, 0x00, 0x00, 0x00, 0x00, 
    0x00, 0x00, 0x07, 0x3f, 0x07, 0x3f, 0x07, 0x3f, 0x07, 0x3f, 0x07, 0x3f, 0x00, 0x00, 0x00, 0x00, 
    0x00, 0x00, 0x00, 0x00, 0x00, 0x00, 0x00, 0x00, 0x00, 0x00, 0x00, 0x00, 0x00, 0x00, 0x00, 0x00, 
    0x07, 0x3f, 0x07, 0x3f, 0x07, 0x3f, 0x07, 0x3f, 0x07, 0x3f, 0x00, 0x00, 0x00, 0x00, 0x00, 0x00, 
    0x00, 0x00, 0x00, 0x00, 0x00, 0x00, 0x00, 0x00, 0x00, 0x00, 0x00, 0x00, 0x00, 0x00, 0x00, 0x00, 
    0x07, 0x3f, 0x07, 0x3f, 0x07, 0x3f, 0x07, 0x3f, 0x07, 0x3f, 0x00, 0x00, 0x00, 0x00, 0x00, 0x00, 
    0x00, 0x00, 0x00, 0x00, 0x00, 0x00, 0x00, 0x00, 0x00, 0x00, 0x00, 0x00, 0x00, 0x00, 0x00, 0x00, 
    0x00, 0x00, 0x00, 0x00, 0x00, 0x00, 0x00, 0x00, 0x07, 0x3f, 0x07, 0x3f, 0x07, 0x3f, 0x07, 0x3f, 
    0x07, 0x3f, 0x00, 0x00, 0x00, 0x00, 0x00, 0x00, 0x00, 0xe3, 0x07, 0x3f, 0x07, 0x3f, 0x07, 0x3f, 
    0x07, 0x3f, 0x07, 0x3f, 0x00, 0x00, 0x00, 0x00, 0x00, 0x00, 0x00, 0x00, 0x00, 0x00, 0x00, 0x00, 
    0x00, 0x00, 0x00, 0x00, 0x00, 0x00, 0x00, 0x00, 0x00, 0x00, 0x00, 0x00, 0x00, 0x00, 0x00, 0x00, 
    0x00, 0x00, 0x00, 0x00, 0x07, 0x3f, 0x07, 0x3f, 0x07, 0x3f, 0x07, 0x3f, 0x07, 0x3f, 0x00, 0x00, 
    0x00, 0x00, 0x00, 0x00, 0x00, 0x00, 0x07, 0x3f, 0x07, 0x3f, 0x07, 0x3f, 0x07, 0x3f, 0x07, 0x3f, 
    0x00, 0x00, 0x00, 0x00, 0x00, 0x00, 0x00, 0x00, 0x00, 0x00, 0x00, 0x00, 0x07, 0x3f, 0x07, 0x3f, 
    0x07, 0x3f, 0x07, 0x3f, 0x07, 0x3f, 0x00, 0x00, 0x00, 0x00, 0x00, 0x00, 0x00, 0x00, 0x07, 0x3f, 
    0x07, 0x3f, 0x07, 0x3f, 0x07, 0x3f, 0x07, 0x3f, 0x00, 0x00, 0x00, 0x00, 0x00, 0x00, 0x00, 0x00, 
    0x00, 0x00, 0x00, 0x00, 0x07, 0x3f, 0x07, 0x3f, 0x07, 0x3f, 0x07, 0x3f, 0x07, 0x3f, 0x00, 0x00, 
    0x00, 0x00, 0x00, 0x00, 0x00, 0x00, 0x00, 0x00, 0x00, 0x00, 0x00, 0x00, 0x00, 0x00, 0x00, 0x00, 
    0x07, 0x3f, 0x07, 0x3f, 0x07, 0x3f, 0x07, 0x3f, 0x07, 0x3f, 0x00, 0x00, 0x00, 0x00, 0x00, 0x00, 
    0x00, 0x00, 0x07, 0x3f, 0x07, 0x3f, 0x07, 0x3f, 0x07, 0x3f, 0x07, 0x3f, 0x00, 0x00, 0x00, 0x00, 
    0x00, 0x00, 0x00, 0x00, 0x00, 0x00, 0x00, 0x00, 0x00, 0x00, 0x00, 0x00, 0x00, 0x00, 0x00, 0x00, 
    0x07, 0x3f, 0x07, 0x3f, 0x07, 0x3f, 0x07, 0x3f, 0x07, 0x3f, 0x00, 0x00, 0x00, 0x00, 0x00, 0x00, 
    0x00, 0x00, 0x00, 0x00, 0x00, 0x00, 0x00, 0x00, 0x00, 0x00, 0x00, 0x00, 0x00, 0x00, 0x00, 0x00, 
    0x07, 0x3f, 0x07, 0x3f, 0x07, 0x3f, 0x07, 0x3f, 0x07, 0x3f, 0x00, 0x00, 0x00, 0x00, 0x00, 0x00, 
    0x00, 0x00, 0x00, 0x00, 0x00, 0x00, 0x00, 0x00, 0x00, 0x00, 0x00, 0x00, 0x00, 0x00, 0x00, 0x00, 
    0x00, 0x00, 0x00, 0x00, 0x00, 0x00, 0x00, 0x00, 0x07, 0x3f, 0x07, 0x3f, 0x07, 0x3f, 0x07, 0x3f, 
    0x07, 0x3f, 0x00, 0x00, 0x00, 0x00, 0x00, 0x00, 0x00, 0xe3, 0x07, 0x3f, 0x07, 0x3f, 0x07, 0x3f, 
    0x07, 0x3f, 0x07, 0x3f, 0x00, 0x00, 0x00, 0x00, 0x00, 0x00, 0x00, 0x00, 0x00, 0x00, 0x00, 0x00, 
    0x00, 0x00, 0x00, 0x00, 0x00, 0x00, 0x00, 0x00, 0x00, 0x00, 0x00, 0x00, 0x00, 0x00, 0x00, 0x00, 
    0x00, 0x00, 0x00, 0x00, 0x07, 0x3f, 0x07, 0x3f, 0x07, 0x3f, 0x07, 0x3f, 0x07, 0x3f, 0x00, 0x00, 
    0x00, 0x00, 0x00, 0x00, 0x00, 0x00, 0x07, 0x3f, 0x07, 0x3f, 0x07, 0x3f, 0x07, 0x3f, 0x07, 0x3f, 
    0x00, 0x00, 0x00, 0x00, 0x00, 0x00, 0x00, 0x00, 0x00, 0x00, 0x00, 0x00, 0x07, 0x3f, 0x07, 0x3f, 
    0x07, 0x3f, 0x07, 0x3f, 0x07, 0x3f, 0x00, 0x00, 0x00, 0x00, 0x00, 0x00, 0x00, 0x00, 0x07, 0x3f, 
    0x07, 0x3f, 0x07, 0x3f, 0x07, 0x3f, 0x07, 0x3f, 0x00, 0x00, 0x00, 0x00, 0x00, 0x00, 0x00, 0x00, 
    0x00, 0x00, 0x00, 0x00, 0x07, 0x3f, 0x07, 0x3f, 0x07, 0x3f, 0x07, 0x3f, 0x07, 0x3f, 0x00, 0x00, 
    0x07, 0x3f, 0x07, 0x3f, 0x07, 0x3f, 0x07, 0x3f, 0x07, 0x3f, 0x07, 0x3f, 0x07, 0x3f, 0x07, 0x3f, 
    0x07, 0x3f, 0x07, 0x3f, 0x07, 0x3f, 0x07, 0x3f, 0x07, 0x3f, 0x07, 0x3f, 0x07, 0x3f, 0x07, 0x3f, 
    0x07, 0x3f, 0x07, 0x3f, 0x07, 0x3f, 0x07, 0x3f, 0x00, 0x00, 0x00, 0x00, 0x00, 0x00, 0x00, 0x00, 
    0x00, 0x00, 0x00, 0x00, 0x00, 0x00, 0x00, 0x00, 0x00, 0x00, 0x00, 0x00, 0x00, 0x00, 0x00, 0x00, 
    0x07, 0x3f, 0x07, 0x3f, 0x07, 0x3f, 0x07, 0x3f, 0x07, 0x3f, 0x00, 0x00, 0x00, 0x00, 0x00, 0x00, 
    0x00, 0x00, 0x00, 0x00, 0x00, 0x00, 0x00, 0x00, 0x00, 0x00, 0x00, 0x00, 0x00, 0x00, 0x00, 0x00, 
    0x07, 0x3f, 0x07, 0x3f, 0x07, 0x3f, 0x07, 0x3f, 0x07, 0x3f, 0x00, 0x00, 0x00, 0x00, 0x00, 0x00, 
    0x00, 0x00, 0x00, 0x00, 0x00, 0x00, 0x00, 0x00, 0x00, 0x00, 0x00, 0x00, 0x00, 0x00, 0x00, 0x00, 
    0x00, 0x00, 0x00, 0x00, 0x00, 0x00, 0x00, 0x00, 0x07, 0x3f, 0x07, 0x3f, 0x07, 0x3f, 0x07, 0x3f, 
    0x07, 0x3f, 0x00, 0x00, 0x00, 0x00, 0x00, 0x00, 0x00, 0xe3, 0x07, 0x3f, 0x07, 0x3f, 0x07, 0x3f, 
    0x07, 0x3f, 0x07, 0x3f, 0x00, 0x00, 0x00, 0x00, 0x00, 0x00, 0x00, 0x00, 0x00, 0x00, 0x00, 0x00, 
    0x00, 0x00, 0x00, 0x00, 0x00, 0x00, 0x00, 0x00, 0x00, 0x00, 0x00, 0x00, 0x00, 0x00, 0x00, 0x00, 
    0x00, 0x00, 0x00, 0x00, 0x07, 0x3f, 0x07, 0x3f, 0x07, 0x3f, 0x07, 0x3f, 0x07, 0x3f, 0x07, 0x3f, 
    0x07, 0x3f, 0x07, 0x3f, 0x07, 0x3f, 0x07, 0x3f, 0x07, 0x3f, 0x07, 0x3f, 0x00, 0x00, 0x00, 0x00, 
    0x00, 0x00, 0x00, 0x00, 0x00, 0x00, 0x00, 0x00, 0x00, 0x00, 0x00, 0x00, 0x07, 0x3f, 0x07, 0x3f, 
    0x07, 0x3f, 0x07, 0x3f, 0x07, 0x3f, 0x07, 0x3f, 0x07, 0x3f, 0x07, 0x3f, 0x07, 0x3f, 0x07, 0x3f, 
    0x07, 0x3f, 0x07, 0x3f, 0x00, 0x00, 0x00, 0x00, 0x00, 0x00, 0x00, 0x00, 0x00, 0x00, 0x00, 0x00, 
    0x00, 0x00, 0x00, 0x00, 0x07, 0x3f, 0x07, 0x3f, 0x07, 0x3f, 0x07, 0x3f, 0x07, 0x3f, 0x00, 0x00, 
    0x07, 0x3f, 0x07, 0x3f, 0x07, 0x3f, 0x07, 0x3f, 0x07, 0x3f, 0x07, 0x3f, 0x07, 0x3f, 0x07, 0x3f, 
    0x07, 0x3f, 0x07, 0x3f, 0x07, 0x3f, 0x07, 0x3f, 0x07, 0x3f, 0x07, 0x3f, 0x07, 0x3f, 0x07, 0x3f, 
    0x07, 0x3f, 0x07, 0x3f, 0x07, 0x3f, 0x07, 0x3f, 0x00, 0x00, 0x00, 0x00, 0x00, 0x00, 0x00, 0x00, 
    0x00, 0x00, 0x00, 0x00, 0x00, 0x00, 0x00, 0x00, 0x00, 0x00, 0x00, 0x00, 0x00, 0x00, 0x00, 0x00, 
    0x07, 0x3f, 0x07, 0x3f, 0x07, 0x3f, 0x07, 0x3f, 0x07, 0x3f, 0x00, 0x00, 0x00, 0x00, 0x00, 0x00, 
    0x00, 0x00, 0x00, 0x00, 0x00, 0x00, 0x00, 0x00, 0x00, 0x00, 0x00, 0x00, 0x00, 0x00, 0x00, 0x00, 
    0x07, 0x3f, 0x07, 0x3f, 0x07, 0x3f, 0x07, 0x3f, 0x07, 0x3f, 0x00, 0x00, 0x00, 0x00, 0x00, 0x00, 
    0x00, 0x00, 0x00, 0x00, 0x00, 0x00, 0x00, 0x00, 0x00, 0x00, 0x00, 0x00, 0x00, 0x00, 0x00, 0x00, 
    0x00, 0x00, 0x00, 0x00, 0x00, 0x00, 0x00, 0x00, 0x07, 0x3f, 0x07, 0x3f, 0x07, 0x3f, 0x07, 0x3f, 
    0x07, 0x3f, 0x00, 0x00, 0x00, 0x00, 0x00, 0x00, 0x00, 0xe3, 0x07, 0x3f, 0x07, 0x3f, 0x07, 0x3f, 
    0x07, 0x3f, 0x07, 0x3f, 0x00, 0x00, 0x00, 0x00, 0x00, 0x00, 0x00, 0x00, 0x00, 0x00, 0x00, 0x00, 
    0x00, 0x00, 0x00, 0x00, 0x00, 0x00, 0x00, 0x00, 0x00, 0x00, 0x00, 0x00, 0x00, 0x00, 0x00, 0x00, 
    0x00, 0x00, 0x00, 0x00, 0x07, 0x3f, 0x07, 0x3f, 0x07, 0x3f, 0x07, 0x3f, 0x07, 0x3f, 0x07, 0x3f, 
    0x07, 0x3f, 0x07, 0x3f, 0x07, 0x3f, 0x07, 0x3f, 0x07, 0x3f, 0x07, 0x3f, 0x00, 0x00, 0x00, 0x00, 
    0x00, 0x00, 0x00, 0x00, 0x00, 0x00, 0x00, 0x00, 0x00, 0x00, 0x00, 0x00, 0x07, 0x3f, 0x07, 0x3f, 
    0x07, 0x3f, 0x07, 0x3f, 0x07, 0x3f, 0x07, 0x3f, 0x07, 0x3f, 0x07, 0x3f, 0x07, 0x3f, 0x07, 0x3f, 
    0x07, 0x3f, 0x07, 0x3f, 0x00, 0x00, 0x00, 0x00, 0x00, 0x00, 0x00, 0x00, 0x00, 0x00, 0x00, 0x00, 
    0x00, 0x00, 0x00, 0x00, 0x07, 0x3f, 0x07, 0x3f, 0x07, 0x3f, 0x07, 0x3f, 0x07, 0x3f, 0x00, 0x00, 
    0x07, 0x3f, 0x07, 0x3f, 0x07, 0x3f, 0x07, 0x3f, 0x07, 0x3f, 0x07, 0x3f, 0x07, 0x3f, 0x07, 0x3f, 
    0x07, 0x3f, 0x07, 0x3f, 0x07, 0x3f, 0x07, 0x3f, 0x07, 0x3f, 0x07, 0x3f, 0x07, 0x3f, 0x07, 0x3f, 
    0x07, 0x3f, 0x07, 0x3f, 0x07, 0x3f, 0x07, 0x3f, 0x00, 0x00, 0x00, 0x00, 0x00, 0x00, 0x00, 0x00, 
    0x00, 0x00, 0x00, 0x00, 0x00, 0x00, 0x00, 0x00, 0x00, 0x00, 0x00, 0x00, 0x00, 0x00, 0x00, 0x00, 
    0x07, 0x3f, 0x07, 0x3f, 0x07, 0x3f, 0x07, 0x3f, 0x07, 0x3f, 0x00, 0x00, 0x00, 0x00, 0x00, 0x00, 
    0x00, 0x00, 0x00, 0x00, 0x00, 0x00, 0x00, 0x00, 0x00, 0x00, 0x00, 0x00, 0x00, 0x00, 0x00, 0x00, 
    0x07, 0x3f, 0x07, 0x3f, 0x07, 0x3f, 0x07, 0x3f, 0x07, 0x3f, 0x00, 0x00, 0x00, 0x00, 0x00, 0x00, 
    0x00, 0x00, 0x00, 0x00, 0x00, 0x00, 0x00, 0x00, 0x00, 0x00, 0x00, 0x00, 0x00, 0x00, 0x00, 0x00, 
    0x00, 0x00, 0x00, 0x00, 0x00, 0x00, 0x00, 0x00, 0x07, 0x3f, 0x07, 0x3f, 0x07, 0x3f, 0x07, 0x3f, 
    0x07, 0x3f, 0x00, 0x00, 0x00, 0x00, 0x00, 0x00, 0x00, 0xe3, 0x07, 0x3f, 0x07, 0x3f, 0x07, 0x3f, 
    0x07, 0x3f, 0x07, 0x3f, 0x00, 0x00, 0x00, 0x00, 0x00, 0x00, 0x00, 0x00, 0x00, 0x00, 0x00, 0x00, 
    0x00, 0x00, 0x00, 0x00, 0x00, 0x00, 0x00, 0x00, 0x00, 0x00, 0x00, 0x00, 0x00, 0x00, 0x00, 0x00, 
    0x00, 0x00, 0x00, 0x00, 0x07, 0x3f, 0x07, 0x3f, 0x07, 0x3f, 0x07, 0x3f, 0x07, 0x3f, 0x07, 0x3f, 
    0x07, 0x3f, 0x07, 0x3f, 0x07, 0x3f, 0x07, 0x3f, 0x07, 0x3f, 0x07, 0x3f, 0x07, 0x3f, 0x07, 0x3f, 
    0x00, 0x00, 0x00, 0x00, 0x00, 0x00, 0x00, 0x00, 0x00, 0x00, 0x00, 0x00, 0x07, 0x3f, 0x07, 0x3f, 
    0x07, 0x3f, 0x07, 0x3f, 0x07, 0x3f, 0x07, 0x3f, 0x07, 0x3f, 0x07, 0x3f, 0x07, 0x3f, 0x07, 0x3f, 
    0x07, 0x3f, 0x07, 0x3f, 0x00, 0x00, 0x00, 0x00, 0x00, 0x00, 0x00, 0x00, 0x00, 0x00, 0x00, 0x00, 
    0x00, 0x00, 0x00, 0x00, 0x07, 0x3f, 0x07, 0x3f, 0x07, 0x3f, 0x07, 0x3f, 0x07, 0x3f, 0x00, 0x00, 
    0x00, 0x00, 0x00, 0x00, 0x00, 0x00, 0x07, 0x3f, 0x07, 0x3f, 0x07, 0x3f, 0x07, 0x3f, 0x07, 0x3f, 
    0x07, 0x3f, 0x07, 0x3f, 0x07, 0x3f, 0x07, 0x3f, 0x07, 0x3f, 0x00, 0x00, 0x00, 0x00, 0x00, 0x00, 
    0x00, 0x00, 0x00, 0x00, 0x00, 0x00, 0x00, 0x00, 0x00, 0x00, 0x00, 0x00, 0x00, 0x00, 0x00, 0x00, 
    0x00, 0x00, 0x00, 0x00, 0x00, 0x00, 0x00, 0x00, 0x00, 0x00, 0x00, 0x00, 0x00, 0x00, 0x00, 0x00, 
    0x07, 0x3f, 0x07, 0x3f, 0x07, 0x3f, 0x07, 0x3f, 0x07, 0x3f, 0x00, 0x00, 0x00, 0x00, 0x00, 0x00, 
    0x00, 0x00, 0x00, 0x00, 0x00, 0x00, 0x00, 0x00, 0x00, 0x00, 0x00, 0x00, 0x00, 0x00, 0x00, 0x00, 
    0x07, 0x3f, 0x07, 0x3f, 0x07, 0x3f, 0x07, 0x3f, 0x07, 0x3f, 0x00, 0x00, 0x00, 0x00, 0x00, 0x00, 
    0x00, 0x00, 0x00, 0x00, 0x00, 0x00, 0x00, 0x00, 0x00, 0x00, 0x00, 0x00, 0x00, 0x00, 0x00, 0x00, 
    0x00, 0x00, 0x00, 0x00, 0x00, 0x00, 0x00, 0x00, 0x07, 0x3f, 0x07, 0x3f, 0x07, 0x3f, 0x07, 0x3f, 
    0x07, 0x3f, 0x00, 0x00, 0x00, 0x00, 0x00, 0x00, 0x00, 0xe3, 0x07, 0x3f, 0x07, 0x3f, 0x07, 0x3f, 
    0x07, 0x3f, 0x07, 0x3f, 0x00, 0x00, 0x00, 0x00, 0x00, 0x00, 0x00, 0x00, 0x00, 0x00, 0x00, 0x00, 
    0x00, 0x00, 0x00, 0x00, 0x00, 0x00, 0x00, 0x00, 0x00, 0x00, 0x00, 0x00, 0x00, 0x00, 0x00, 0x00, 
    0x00, 0x00, 0x00, 0x00, 0x07, 0x3f, 0x07, 0x3f, 0x07, 0x3f, 0x07, 0x3f, 0x07, 0x3f, 0x00, 0x00, 
    0x00, 0x00, 0x00, 0x00, 0x00, 0x00, 0x07, 0x3f, 0x07, 0x3f, 0x07, 0x3f, 0x07, 0x3f, 0x07, 0x3f, 
    0x00, 0x00, 0x00, 0x00, 0x00, 0x00, 0x00, 0x00, 0x00, 0x00, 0x00, 0x00, 0x07, 0x3f, 0x07, 0x3f, 
    0x07, 0x3f, 0x07, 0x3f, 0x07, 0x3f, 0x00, 0x00, 0x00, 0x00, 0x00, 0x00, 0x00, 0x00, 0x00, 0x00, 
    0x00, 0x00, 0x00, 0x00, 0x00, 0x00, 0x00, 0x00, 0x00, 0x00, 0x00, 0x00, 0x00, 0x00, 0x00, 0x00, 
    0x00, 0x00, 0x00, 0x00, 0x07, 0x3f, 0x07, 0x3f, 0x07, 0x3f, 0x07, 0x3f, 0x07, 0x3f, 0x00, 0x00, 
    0x00, 0x00, 0x00, 0x00, 0x00, 0x00, 0x07, 0x3f, 0x07, 0x3f, 0x07, 0x3f, 0x07, 0x3f, 0x07, 0x3f, 
    0x07, 0x3f, 0x07, 0x3f, 0x07, 0x3f, 0x07, 0x3f, 0x07, 0x3f, 0x00, 0x00, 0x00, 0x00, 0x00, 0x00, 
    0x00, 0x00, 0x00, 0x00, 0x00, 0x00, 0x00, 0x00, 0x00, 0x00, 0x00, 0x00, 0x00, 0x00, 0x00, 0x00, 
    0x00, 0x00, 0x00, 0x00, 0x00, 0x00, 0x00, 0x00, 0x00, 0x00, 0x00, 0x00, 0x00, 0x00, 0x00, 0x00, 
    0x07, 0x3f, 0x07, 0x3f, 0x07, 0x3f, 0x07, 0x3f, 0x07, 0x3f, 0x00, 0x00, 0x00, 0x00, 0x00, 0x00, 
    0x00, 0x00, 0x00, 0x00, 0x00, 0x00, 0x00, 0x00, 0x00, 0x00, 0x00, 0x00, 0x00, 0x00, 0x00, 0x00, 
    0x07, 0x3f, 0x07, 0x3f, 0x07, 0x3f, 0x07, 0x3f, 0x07, 0x3f, 0x00, 0x00, 0x00, 0x00, 0x00, 0x00, 
    0x00, 0x00, 0x07, 0x3f, 0x07, 0x3f, 0x07, 0x3f, 0x07, 0x3f, 0x07, 0x3f, 0x00, 0x00, 0x00, 0x00, 
    0x00, 0x00, 0x00, 0x00, 0x00, 0x00, 0x00, 0x00, 0x07, 0x3f, 0x07, 0x3f, 0x07, 0x3f, 0x07, 0x3f, 
    0x07, 0x3f, 0x00, 0x00, 0x00, 0x00, 0x00, 0x00, 0x00, 0xe3, 0x07, 0x3f, 0x07, 0x3f, 0x07, 0x3f, 
    0x07, 0x3f, 0x07, 0x3f, 0x00, 0x00, 0x00, 0x00, 0x00, 0x00, 0x00, 0x00, 0x00, 0x00, 0x00, 0x00, 
    0x00, 0x00, 0x00, 0x00, 0x00, 0x00, 0x00, 0x00, 0x00, 0x00, 0x00, 0x00, 0x00, 0x00, 0x00, 0x00, 
    0x00, 0x00, 0x00, 0x00, 0x07, 0x3f, 0x07, 0x3f, 0x07, 0x3f, 0x07, 0x3f, 0x07, 0x3f, 0x00, 0x00, 
    0x00, 0x00, 0x00, 0x00, 0x00, 0x00, 0x07, 0x3f, 0x07, 0x3f, 0x07, 0x3f, 0x07, 0x3f, 0x07, 0x3f, 
    0x00, 0x00, 0x00, 0x00, 0x00, 0x00, 0x00, 0x00, 0x00, 0x00, 0x00, 0x00, 0x07, 0x3f, 0x07, 0x3f, 
    0x07, 0x3f, 0x07, 0x3f, 0x07, 0x3f, 0x00, 0x00, 0x00, 0x00, 0x00, 0x00, 0x00, 0x00, 0x00, 0x00, 
    0x00, 0x00, 0x00, 0x00, 0x00, 0x00, 0x00, 0x00, 0x00, 0x00, 0x00, 0x00, 0x00, 0x00, 0x00, 0x00, 
    0x00, 0x00, 0x00, 0x00, 0x07, 0x3f, 0x07, 0x3f, 0x07, 0x3f, 0x07, 0x3f, 0x07, 0x3f, 0x00, 0x00, 
    0x00, 0x00, 0x00, 0x00, 0x00, 0x00, 0x07, 0x3f, 0x07, 0x3f, 0x07, 0x3f, 0x07, 0x3f, 0x07, 0x3f, 
    0x07, 0x3f, 0x07, 0x3f, 0x07, 0x3f, 0x07, 0x3f, 0x07, 0x3f, 0x00, 0x00, 0x00, 0x00, 0x00, 0x00, 
    0x00, 0x00, 0x00, 0x00, 0x00, 0x00, 0x00, 0x00, 0x00, 0x00, 0x00, 0x00, 0x00, 0x00, 0x00, 0x00, 
    0x00, 0x00, 0x00, 0x00, 0x00, 0x00, 0x00, 0x00, 0x00, 0x00, 0x00, 0x00, 0x00, 0x00, 0x00, 0x00, 
    0x07, 0x3f, 0x07, 0x3f, 0x07, 0x3f, 0x07, 0x3f, 0x07, 0x3f, 0x00, 0x00, 0x00, 0x00, 0x00, 0x00, 
    0x00, 0x00, 0x00, 0x00, 0x00, 0x00, 0x00, 0x00, 0x00, 0x00, 0x00, 0x00, 0x00, 0x00, 0x00, 0x00, 
    0x07, 0x3f, 0x07, 0x3f, 0x07, 0x3f, 0x07, 0x3f, 0x07, 0x3f, 0x00, 0x00, 0x00, 0x00, 0x00, 0x00, 
    0x00, 0x00, 0x07, 0x3f, 0x07, 0x3f, 0x07, 0x3f, 0x07, 0x3f, 0x07, 0x3f, 0x00, 0x00, 0x00, 0x00, 
    0x00, 0x00, 0x00, 0x00, 0x00, 0x00, 0x00, 0x00, 0x07, 0x3f, 0x07, 0x3f, 0x07, 0x3f, 0x07, 0x3f, 
    0x07, 0x3f, 0x00, 0x00, 0x00, 0x00, 0x00, 0x00, 0x00, 0xe3, 0x07, 0x3f, 0x07, 0x3f, 0x07, 0x3f, 
    0x07, 0x3f, 0x07, 0x3f, 0x00, 0x00, 0x00, 0x00, 0x00, 0x00, 0x00, 0x00, 0x00, 0x00, 0x00, 0x00, 
    0x00, 0x00, 0x00, 0x00, 0x00, 0x00, 0x00, 0x00, 0x00, 0x00, 0x00, 0x00, 0x00, 0x00, 0x00, 0x00, 
    0x00, 0x00, 0x00, 0x00, 0x07, 0x3f, 0x07, 0x3f, 0x07, 0x3f, 0x07, 0x3f, 0x07, 0x3f, 0x00, 0x00, 
    0x00, 0x00, 0x00, 0x00, 0x00, 0x00, 0x07, 0x3f, 0x07, 0x3f, 0x07, 0x3f, 0x07, 0x3f, 0x07, 0x3f, 
    0x00, 0x00, 0x00, 0x00, 0x00, 0x00, 0x00, 0x00, 0x00, 0x00, 0x00, 0x00, 0x07, 0x3f, 0x07, 0x3f, 
    0x07, 0x3f, 0x07, 0x3f, 0x07, 0x3f, 0x00, 0x00, 0x00, 0x00, 0x00, 0x00, 0x00, 0x00, 0x00, 0x00, 
    0x00, 0x00, 0x00, 0x00, 0x00, 0x00, 0x00, 0x00, 0x00, 0x00, 0x00, 0x00, 0x00, 0x00, 0x00, 0x00, 
    0x00, 0x00, 0x00, 0x00, 0x07, 0x3f, 0x07, 0x3f, 0x07, 0x3f, 0x07, 0x3f, 0x07, 0x3f, 0x00, 0x00, 
    0x00, 0x00, 0x00, 0x00, 0x00, 0x00, 0x07, 0x3f, 0x07, 0x3f, 0x07, 0x3f, 0x07, 0x3f, 0x07, 0x3f, 
    0x07, 0x3f, 0x07, 0x3f, 0x07, 0x3f, 0x07, 0x3f, 0x07, 0x3f, 0x00, 0x00, 0x00, 0x00, 0x00, 0x00, 
    0x00, 0x00, 0x00, 0x00, 0x00, 0x00, 0x00, 0x00, 0x00, 0x00, 0x00, 0x00, 0x00, 0x00, 0x00, 0x00, 
    0x00, 0x00, 0x00, 0x00, 0x00, 0x00, 0x00, 0x00, 0x00, 0x00, 0x00, 0x00, 0x00, 0x00, 0x00, 0x00, 
    0x07, 0x3f, 0x07, 0x3f, 0x07, 0x3f, 0x07, 0x3f, 0x07, 0x3f, 0x00, 0x00, 0x00, 0x00, 0x00, 0x00, 
    0x00, 0x00, 0x00, 0x00, 0x00, 0x00, 0x00, 0x00, 0x00, 0x00, 0x00, 0x00, 0x00, 0x00, 0x00, 0x00, 
    0x07, 0x3f, 0x07, 0x3f, 0x07, 0x3f, 0x07, 0x3f, 0x07, 0x3f, 0x00, 0x00, 0x00, 0x00, 0x00, 0x00, 
    0x00, 0x00, 0x07, 0x3f, 0x07, 0x3f, 0x07, 0x3f, 0x07, 0x3f, 0x07, 0x3f, 0x00, 0x00, 0x00, 0x00, 
    0x00, 0x00, 0x00, 0x00, 0x00, 0x00, 0x00, 0x00, 0x07, 0x3f, 0x07, 0x3f, 0x07, 0x3f, 0x07, 0x3f, 
    0x07, 0x3f, 0x00, 0x00, 0x00, 0x00, 0x00, 0x00, 0x00, 0xe3, 0x07, 0x3f, 0x07, 0x3f, 0x07, 0x3f, 
    0x07, 0x3f, 0x07, 0x3f, 0x00, 0x00, 0x00, 0x00, 0x00, 0x00, 0x00, 0x00, 0x00, 0x00, 0x00, 0x00, 
    0x00, 0x00, 0x00, 0x00, 0x00, 0x00, 0x00, 0x00, 0x00, 0x00, 0x00, 0x00, 0x00, 0x00, 0x00, 0x00, 
    0x00, 0x00, 0x00, 0x00, 0x07, 0x3f, 0x07, 0x3f, 0x07, 0x3f, 0x07, 0x3f, 0x07, 0x3f, 0x00, 0x00, 
    0x00, 0x00, 0x00, 0x00, 0x00, 0x00, 0x07, 0x3f, 0x07, 0x3f, 0x07, 0x3f, 0x07, 0x3f, 0x07, 0x3f, 
    0x00, 0x00, 0x00, 0x00, 0x00, 0x00, 0x00, 0x00, 0x00, 0x00, 0x00, 0x00, 0x07, 0x3f, 0x07, 0x3f, 
    0x07, 0x3f, 0x07, 0x3f, 0x07, 0x3f, 0x00, 0x00, 0x00, 0x00, 0x00, 0x00, 0x00, 0x00, 0x00, 0x00, 
    0x00, 0x00, 0x00, 0x00, 0x00, 0x00, 0x00, 0x00, 0x00, 0x00, 0x00, 0x00, 0x00, 0x00, 0x00, 0x00, 
    0x00, 0x00, 0x00, 0x00, 0x07, 0x3f, 0x07, 0x3f, 0x07, 0x3f, 0x07, 0x3f, 0x07, 0x3f, 0x00, 0x00, 
    0x00, 0x00, 0x00, 0x00, 0x00, 0x00, 0x07, 0x3f, 0x07, 0x3f, 0x07, 0x3f, 0x07, 0x3f, 0x07, 0x3f, 
    0x07, 0x3f, 0x07, 0x3f, 0x07, 0x3f, 0x07, 0x3f, 0x07, 0x3f, 0x00, 0x00, 0x00, 0x00, 0x00, 0x00, 
    0x00, 0x00, 0x00, 0x00, 0x00, 0x00, 0x00, 0x00, 0x00, 0x00, 0x00, 0x00, 0x00, 0x00, 0x00, 0x00, 
    0x00, 0x00, 0x00, 0x00, 0x00, 0x00, 0x00, 0x00, 0x00, 0x00, 0x00, 0x00, 0x00, 0x00, 0x00, 0x00, 
    0x07, 0x3f, 0x07, 0x3f, 0x07, 0x3f, 0x07, 0x3f, 0x07, 0x3f, 0x00, 0x00, 0x00, 0x00, 0x00, 0x00, 
    0x00, 0x00, 0x00, 0x00, 0x00, 0x00, 0x00, 0x00, 0x00, 0x00, 0x00, 0x00, 0x00, 0x00, 0x00, 0x00, 
    0x07, 0x3f, 0x07, 0x3f, 0x07, 0x3f, 0x07, 0x3f, 0x07, 0x3f, 0x00, 0x00, 0x00, 0x00, 0x00, 0x00, 
    0x00, 0x00, 0x07, 0x3f, 0x07, 0x3f, 0x07, 0x3f, 0x07, 0x3f, 0x07, 0x3f, 0x00, 0x00, 0x00, 0x00, 
    0x00, 0x00, 0x00, 0x00, 0x00, 0x00, 0x00, 0x00, 0x07, 0x3f, 0x07, 0x3f, 0x07, 0x3f, 0x07, 0x3f, 
    0x07, 0x3f, 0x00, 0x00, 0x00, 0x00, 0x00, 0x00, 0x00, 0xe3, 0x07, 0x3f, 0x07, 0x3f, 0x07, 0x3f, 
    0x07, 0x3f, 0x07, 0x3f, 0x00, 0x00, 0x00, 0x00, 0x00, 0x00, 0x00, 0x00, 0x00, 0x00, 0x00, 0x00, 
    0x00, 0x00, 0x00, 0x00, 0x00, 0x00, 0x00, 0x00, 0x00, 0x00, 0x00, 0x00, 0x00, 0x00, 0x00, 0x00, 
    0x00, 0x00, 0x00, 0x00, 0x07, 0x3f, 0x07, 0x3f, 0x07, 0x3f, 0x07, 0x3f, 0x07, 0x3f, 0x00, 0x00, 
    0x00, 0x00, 0x00, 0x00, 0x00, 0x00, 0x07, 0x3f, 0x07, 0x3f, 0x07, 0x3f, 0x07, 0x3f, 0x07, 0x3f, 
    0x00, 0x00, 0x00, 0x00, 0x00, 0x00, 0x00, 0x00, 0x00, 0x00, 0x00, 0x00, 0x07, 0x3f, 0x07, 0x3f, 
    0x07, 0x3f, 0x07, 0x3f, 0x07, 0x3f, 0x00, 0x00, 0x00, 0x00, 0x00, 0x00, 0x00, 0x00, 0x00, 0x00, 
    0x00, 0x00, 0x00, 0x00, 0x00, 0x00, 0x00, 0x00, 0x00, 0x00, 0x00, 0x00, 0x00, 0x00, 0x00, 0x00, 
    0x00, 0x00, 0x00, 0x00, 0x07, 0x3f, 0x07, 0x3f, 0x07, 0x3f, 0x07, 0x3f, 0x07, 0x3f, 0x00, 0x00, 
    0x00, 0x00, 0x00, 0x00, 0x00, 0x00, 0x07, 0x3f, 0x07, 0x3f, 0x07, 0x3f, 0x07, 0x3f, 0x07, 0x3f, 
    0x07, 0x3f, 0x07, 0x3f, 0x07, 0x3f, 0x07, 0x3f, 0x07, 0x3f, 0x00, 0x00, 0x00, 0x00, 0x00, 0x00, 
    0x00, 0x00, 0x00, 0x00, 0x00, 0x00, 0x00, 0x00, 0x00, 0x00, 0x00, 0x00, 0x00, 0x00, 0x00, 0x00, 
    0x00, 0x00, 0x00, 0x00, 0x00, 0x00, 0x00, 0x00, 0x07, 0x3f, 0x07, 0x3f, 0x07, 0x3f, 0x07, 0x3f, 
    0x07, 0x3f, 0x07, 0x3f, 0x07, 0x3f, 0x07, 0x3f, 0x07, 0x3f, 0x07, 0x3f, 0x07, 0x3f, 0x07, 0x3f, 
    0x07, 0x3f, 0x07, 0x3f, 0x00, 0x00, 0x00, 0x00, 0x00, 0x00, 0x00, 0x00, 0x00, 0x00, 0x00, 0x00, 
    0x07, 0x3f, 0x07, 0x3f, 0x07, 0x3f, 0x07, 0x3f, 0x07, 0x3f, 0x07, 0x3f, 0x07, 0x3f, 0x07, 0x3f, 
    0x07, 0x3f, 0x07, 0x3f, 0x07, 0x3f, 0x07, 0x3f, 0x07, 0x3f, 0x07, 0x3f, 0x00, 0x00, 0x00, 0x00, 
    0x00, 0x00, 0x00, 0x00, 0x00, 0x00, 0x00, 0x00, 0x07, 0x3f, 0x07, 0x3f, 0x07, 0x3f, 0x07, 0x3f, 
    0x07, 0x3f, 0x07, 0x3f, 0x07, 0x3f, 0x07, 0x3f, 0x07, 0x3f, 0x07, 0x3f, 0x07, 0x3f, 0x07, 0x3f, 
    0x07, 0x3f, 0x07, 0x3f, 0x00, 0x00, 0x00, 0x00, 0x00, 0x00, 0x00, 0x00, 0x00, 0x00, 0x00, 0x00, 
    0x00, 0x00, 0x00, 0x00, 0x00, 0x00, 0x00, 0x00, 0x00, 0x00, 0x00, 0x00, 0x00, 0x00, 0x00, 0x00, 
    0x00, 0x00, 0x00, 0x00, 0x07, 0x3f, 0x07, 0x3f, 0x07, 0x3f, 0x07, 0x3f, 0x07, 0x3f, 0x00, 0x00, 
    0x00, 0x00, 0x00, 0x00, 0x00, 0x00, 0x07, 0x3f, 0x07, 0x3f, 0x07, 0x3f, 0x07, 0x3f, 0x07, 0x3f, 
    0x00, 0x00, 0x00, 0x00, 0x00, 0x00, 0x00, 0x00, 0x00, 0x00, 0x00, 0x00, 0x07, 0x3f, 0x07, 0x3f, 
    0x07, 0x3f, 0x07, 0x3f, 0x07, 0x3f, 0x00, 0x00, 0x00, 0x00, 0x00, 0x00, 0x00, 0x00, 0x00, 0x00, 
    0x00, 0x00, 0x00, 0x00, 0x00, 0x00, 0x00, 0x00, 0x00, 0x00, 0x00, 0x00, 0x00, 0x00, 0x00, 0x00, 
    0x00, 0x00, 0x00, 0x00, 0x07, 0x3f, 0x07, 0x3f, 0x07, 0x3f, 0x07, 0x3f, 0x07, 0x3f, 0x07, 0x3f, 
    0x07, 0x3f, 0x07, 0x3f, 0x07, 0x3f, 0x07, 0x3f, 0x07, 0x3f, 0x07, 0x3f, 0x07, 0x3f, 0x07, 0x3f, 
    0x07, 0x3f, 0x07, 0x3f, 0x07, 0x3f, 0x07, 0x3f, 0x07, 0x3f, 0x00, 0x00, 0x00, 0x00, 0x00, 0x00, 
    0x00, 0x00, 0x00, 0x00, 0x00, 0x00, 0x00, 0x00, 0x00, 0x00, 0x00, 0x00, 0x00, 0x00, 0x00, 0x00, 
    0x00, 0x00, 0x00, 0x00, 0x00, 0x00, 0x00, 0x00, 0x07, 0x3f, 0x07, 0x3f, 0x07, 0x3f, 0x07, 0x3f, 
    0x07, 0x3f, 0x07, 0x3f, 0x07, 0x3f, 0x07, 0x3f, 0x07, 0x3f, 0x07, 0x3f, 0x07, 0x3f, 0x07, 0x3f, 
    0x07, 0x3f, 0x07, 0x3f, 0x00, 0x00, 0x00, 0x00, 0x00, 0x00, 0x00, 0x00, 0x00, 0x00, 0x00, 0x00, 
    0x00, 0x00, 0x00, 0x00, 0x07, 0x3f, 0x07, 0x3f, 0x07, 0x3f, 0x07, 0x3f, 0x07, 0x3f, 0x07, 0x3f, 
    0x07, 0x3f, 0x07, 0x3f, 0x07, 0x3f, 0x07, 0x3f, 0x00, 0x00, 0x00, 0x00, 0x00, 0x00, 0x00, 0x00, 
    0x00, 0x00, 0x00, 0x00, 0x00, 0x00, 0x00, 0x00, 0x00, 0x00, 0x00, 0x00, 0x07, 0x3f, 0x07, 0x3f, 
    0x07, 0x3f, 0x07, 0x3f, 0x07, 0x3f, 0x07, 0x3f, 0x07, 0x3f, 0x07, 0x3f, 0x07, 0x3f, 0x07, 0x3f, 
    0x00, 0x00, 0x00, 0x00, 0x00, 0x00, 0x00, 0x00, 0x00, 0x00, 0x00, 0x00, 0x00, 0x00, 0x00, 0x00, 
    0x00, 0x00, 0x00, 0x00, 0x00, 0x00, 0x00, 0x00, 0x00, 0x00, 0x00, 0x00, 0x00, 0x00, 0x00, 0x00, 
    0x00, 0x00, 0x00, 0x00, 0x07, 0x3f, 0x07, 0x3f, 0x07, 0x3f, 0x07, 0x3f, 0x07, 0x3f, 0x00, 0x00, 
    0x00, 0x00, 0x00, 0x00, 0x00, 0x00, 0x07, 0x3f, 0x07, 0x3f, 0x07, 0x3f, 0x07, 0x3f, 0x07, 0x3f, 
    0x00, 0x00, 0x00, 0x00, 0x00, 0x00, 0x00, 0x00, 0x00, 0x00, 0x00, 0x00, 0x07, 0x3f, 0x07, 0x3f, 
    0x07, 0x3f, 0x07, 0x3f, 0x07, 0x3f, 0x00, 0x00, 0x00, 0x00, 0x00, 0x00, 0x00, 0x00, 0x00, 0x00, 
    0x00, 0x00, 0x00, 0x00, 0x00, 0x00, 0x00, 0x00, 0x00, 0x00, 0x00, 0x00, 0x00, 0x00, 0x00, 0x00, 
    0x00, 0x00, 0x00, 0x00, 0x00, 0x00, 0x00, 0x00, 0x07, 0x3f, 0x07, 0x3f, 0x07, 0x3f, 0x07, 0x3f, 
    0x07, 0x3f, 0x07, 0x3f, 0x07, 0x3f, 0x07, 0x3f, 0x07, 0x3f, 0x07, 0x3f, 0x00, 0x00, 0x00, 0x00, 
    0x07, 0x3f, 0x07, 0x3f, 0x07, 0x3f, 0x07, 0x3f, 0x07, 0x3f, 0x00, 0x00, 0x00, 0x00, 0x00, 0x00, 
    0x00, 0x00, 0x00, 0x00, 0x00, 0x00, 0x00, 0x00, 0x00, 0x00, 0x00, 0x00, 0x00, 0x00, 0x00, 0x00, 
    0x00, 0x00, 0x00, 0x00, 0x00, 0x00, 0x00, 0x00, 0x07, 0x3f, 0x07, 0x3f, 0x07, 0x3f, 0x07, 0x3f, 
    0x07, 0x3f, 0x07, 0x3f, 0x07, 0x3f, 0x07, 0x3f, 0x07, 0x3f, 0x07, 0x3f, 0x07, 0x3f, 0x07, 0x3f, 
    0x07, 0x3f, 0x07, 0x3f, 0x00, 0x00, 0x00, 0x00, 0x00, 0x00, 0x00, 0x00, 0x00, 0x00, 0x00, 0x00, 
    0x00, 0x00, 0x00, 0x00, 0x07, 0x3f, 0x07, 0x3f, 0x07, 0x3f, 0x07, 0x3f, 0x07, 0x3f, 0x07, 0x3f, 
    0x07, 0x3f, 0x07, 0x3f, 0x07, 0x3f, 0x07, 0x3f, 0x00, 0x00, 0x00, 0x00, 0x00, 0x00, 0x00, 0x00, 
    0x00, 0x00, 0x00, 0x00, 0x00, 0x00, 0x00, 0x00, 0x00, 0x00, 0x00, 0x00, 0x07, 0x3f, 0x07, 0x3f, 
    0x07, 0x3f, 0x07, 0x3f, 0x07, 0x3f, 0x07, 0x3f, 0x07, 0x3f, 0x07, 0x3f, 0x07, 0x3f, 0x07, 0x3f, 
    0x00, 0x00, 0x00, 0x00, 0x00, 0x00, 0x00, 0x00, 0x00, 0x00, 0x00, 0x00, 0x00, 0x00, 0x00, 0x00, 
    0x00, 0x00, 0x00, 0x00, 0x00, 0x00, 0x00, 0x00, 0x00, 0x00, 0x00, 0x00, 0x00, 0x00, 0x00, 0x00, 
    0x00, 0x00, 0x00, 0x00, 0x07, 0x3f, 0x07, 0x3f, 0x07, 0x3f, 0x07, 0x3f, 0x07, 0x3f, 0x00, 0x00, 
    0x00, 0x00, 0x00, 0x00, 0x00, 0x00, 0x07, 0x3f, 0x07, 0x3f, 0x07, 0x3f, 0x07, 0x3f, 0x07, 0x3f, 
    0x00, 0x00, 0x00, 0x00, 0x00, 0x00, 0x00, 0x00, 0x00, 0x00, 0x00, 0x00, 0x07, 0x3f, 0x07, 0x3f, 
    0x07, 0x3f, 0x07, 0x3f, 0x07, 0x3f, 0x00, 0x00, 0x00, 0x00, 0x00, 0x00, 0x00, 0x00, 0x00, 0x00, 
    0x00, 0x00, 0x00, 0x00, 0x00, 0x00, 0x00, 0x00, 0x00, 0x00, 0x00, 0x00, 0x00, 0x00, 0x00, 0x00, 
    0x00, 0x00, 0x00, 0x00, 0x00, 0x00, 0x00, 0x00, 0x07, 0x3f, 0x07, 0x3f, 0x07, 0x3f, 0x07, 0x3f, 
    0x07, 0x3f, 0x07, 0x3f, 0x07, 0x3f, 0x07, 0x3f, 0x07, 0x3f, 0x07, 0x3f, 0x00, 0x00, 0x00, 0x00, 
};

hagl_bitmap_t logoText = {
    .width = 144,
    .height = 20,
    .depth = 16, // RGB565 is 16-bit
    .buffer = logoTextbuf,
};

// Image: playerIdleA1.png (13x20)
static unsigned char playerIdleA1buf[] = {
    0x07, 0xe0, 0x07, 0xe0, 0x07, 0xe0, 0x07, 0xe0, 0x07, 0xe0, 0x07, 0xe0, 0x07, 0xe0, 0x07, 0xe0, 
    0x07, 0xe0, 0x07, 0xe0, 0x07, 0xe0, 0x07, 0xe0, 0x07, 0xe0, 0x07, 0xe0, 0x07, 0xe0, 0x07, 0xe0, 
    0x07, 0xe0, 0x07, 0xe0, 0x07, 0xe0, 0x07, 0xe0, 0x07, 0xe0, 0x07, 0xe0, 0x07, 0xe0, 0x07, 0xe0, 
    0x07, 0xe0, 0x07, 0xe0, 0x07, 0xe0, 0x07, 0xe0, 0x07, 0xe0, 0x08, 0x23, 0x08, 0x23, 0x08, 0x23, 
    0x08, 0x23, 0x08, 0x23, 0x08, 0x23, 0x08, 0x23, 0x07, 0xe0, 0x07, 0xe0, 0x07, 0xe0, 0x07, 0xe0, 
    0x07, 0xe0, 0x08, 0x23, 0x59, 0x65, 0x72, 0x28, 0x72, 0x28, 0x72, 0x28, 0x72, 0x28, 0x59, 0x65, 
    0x59, 0x65, 0x08, 0x23, 0x07, 0xe0, 0x07, 0xe0, 0x07, 0xe0, 0x08, 0x23, 0x59, 0x65, 0x72, 0x28, 
    0x72, 0x28, 0x72, 0x28, 0x72, 0x28, 0x72, 0x28, 0x72, 0x28, 0x72, 0x28, 0x72, 0x28, 0x08, 0x23, 
    0x07, 0xe0, 0x07, 0xe0, 0x08, 0x23, 0x72, 0x28, 0x72, 0x28, 0x72, 0x28, 0x72, 0x28, 0x72, 0x28, 
    0x72, 0x28, 0x72, 0x28, 0x72, 0x28, 0x72, 0x28, 0x72, 0x28, 0x08, 0x23, 0x08, 0x23, 0x59, 0x65, 
    0x72, 0x28, 0x72, 0x28, 0x72, 0x28, 0x72, 0x28, 0x72, 0x28, 0x72, 0x28, 0x72, 0x28, 0x72, 0x28, 
    0x72, 0x28, 0x72, 0x28, 0x08, 0x23, 0x08, 0x23, 0x59, 0x65, 0x72, 0x28, 0x59, 0x65, 0x08, 0x23, 
    0x08, 0x23, 0x59, 0x65, 0x72, 0x28, 0x72, 0x28, 0x59, 0x65, 0x72, 0x28, 0x72, 0x28, 0x08, 0x23, 
    0x08, 0x23, 0x59, 0x65, 0x08, 0x23, 0x08, 0x23, 0xd4, 0xee, 0xd4, 0xee, 0x08, 0x23, 0x59, 0x65, 
    0x72, 0x28, 0x59, 0x65, 0x59, 0x65, 0x59, 0x65, 0x08, 0x23, 0x07, 0xe0, 0x08, 0x23, 0x08, 0x23, 
    0xd4, 0xee, 0xf6, 0x53, 0xf6, 0x53, 0xd4, 0xee, 0x08, 0x23, 0x59, 0x65, 0x08, 0x23, 0x59, 0x65, 
    0x59, 0x65, 0x08, 0x23, 0x07, 0xe0, 0x07, 0xe0, 0x08, 0x23, 0x08, 0x23, 0xf6, 0x53, 0xf6, 0x53, 
    0x08, 0x23, 0xd4, 0xee, 0x08, 0x23, 0xd4, 0xee, 0x08, 0x23, 0x72, 0x28, 0x08, 0x23, 0x07, 0xe0, 
    0x07, 0xe0, 0x08, 0x23, 0x08, 0x23, 0xf6, 0x53, 0xf6, 0x53, 0x08, 0x23, 0xf6, 0x53, 0xd4, 0xee, 
    0xd4, 0xee, 0x08, 0x23, 0x72, 0x28, 0x08, 0x23, 0x07, 0xe0, 0x07, 0xe0, 0x08, 0x23, 0xd4, 0xee, 
    0xf6, 0x53, 0xf6, 0x53, 0xf6, 0x53, 0xf6, 0x53, 0xd4, 0xee, 0xd4, 0xee, 0xd4, 0xee, 0x08, 0x23, 
    0x07, 0xe0, 0x07, 0xe0, 0x07, 0xe0, 0x07, 0xe0, 0x08, 0x23, 0xd4, 0xee, 0xf6, 0x53, 0xf6, 0x53, 
    0xd4, 0xee, 0xd4, 0xee, 0xd4, 0xee, 0x08, 0x23, 0x07, 0xe0, 0x07, 0xe0, 0x07, 0xe0, 0x07, 0xe0, 
    0x07, 0xe0, 0x08, 0x23, 0x12, 0x69, 0x34, 0xc9, 0x34, 0xc9, 0x1b, 0x6a, 0x12, 0x69, 0x12, 0x69, 
    0x08, 0x23, 0x07, 0xe0, 0x07, 0xe0, 0x07, 0xe0, 0x07, 0xe0, 0x08, 0x23, 0xd4, 0xee, 0xd4, 0xee, 
    0x34, 0xc9, 0x34, 0xc9, 0x1b, 0x6a, 0x1b, 0x6a, 0xf6, 0x53, 0xf6, 0x53, 0x08, 0x23, 0x07, 0xe0, 
    0x07, 0xe0, 0x07, 0xe0, 0x08, 0x23, 0xd4, 0xee, 0xd4, 0xee, 0x34, 0xc9, 0x34, 0xc9, 0x1b, 0x6a, 
    0x1b, 0x6a, 0xf6, 0x53, 0xf6, 0x53, 0x08, 0x23, 0x07, 0xe0, 0x07, 0xe0, 0x07, 0xe0, 0x07, 0xe0, 
    0x08, 0x23, 0x04, 0xdb, 0x04, 0xdb, 0x04, 0xdb, 0x04, 0xdb, 0x04, 0xdb, 0x03, 0x55, 0x08, 0x23, 
    0x07, 0xe0, 0x07, 0xe0, 0x07, 0xe0, 0x07, 0xe0, 0x07, 0xe0, 0x08, 0x23, 0x04, 0xdb, 0x04, 0xdb, 
    0x03, 0x55, 0x04, 0xdb, 0x04, 0xdb, 0x03, 0x55, 0x08, 0x23, 0x07, 0xe0, 0x07, 0xe0, 0x07, 0xe0, 
    0x07, 0xe0, 0x07, 0xe0, 0x08, 0x23, 0x59, 0x65, 0x59, 0x65, 0x08, 0x23, 0x08, 0x23, 0x59, 0x65, 
    0x59, 0x65, 0x08, 0x23, 0x07, 0xe0, 0x07, 0xe0, 
};

hagl_bitmap_t playerIdleA1 = {
    .width = 13,
    .height = 20,
    .depth = 16, // RGB565 is 16-bit
    .buffer = playerIdleA1buf,
};

// Image: playerIdleA2.png (13x20)
static unsigned char playerIdleA2buf[] = {
    0x07, 0xe0, 0x07, 0xe0, 0x07, 0xe0, 0x07, 0xe0, 0x07, 0xe0, 0x07, 0xe0, 0x07, 0xe0, 0x07, 0xe0, 
    0x07, 0xe0, 0x07, 0xe0, 0x07, 0xe0, 0x07, 0xe0, 0x07, 0xe0, 0x07, 0xe0, 0x07, 0xe0, 0x07, 0xe0, 
    0x07, 0xe0, 0x07, 0xe0, 0x07, 0xe0, 0x07, 0xe0, 0x07, 0xe0, 0x07, 0xe0, 0x07, 0xe0, 0x07, 0xe0, 
    0x07, 0xe0, 0x07, 0xe0, 0x07, 0xe0, 0x07, 0xe0, 0x07, 0xe0, 0x08, 0x23, 0x08, 0x23, 0x08, 0x23, 
    0x08, 0x23, 0x08, 0x23, 0x08, 0x23, 0x08, 0x23, 0x07, 0xe0, 0x07, 0xe0, 0x07, 0xe0, 0x07, 0xe0, 
    0x07, 0xe0, 0x08, 0x23, 0x59, 0x65, 0x72, 0x28, 0x72, 0x28, 0x72, 0x28, 0x72, 0x28, 0x59, 0x65, 
    0x59, 0x65, 0x08, 0x23, 0x07, 0xe0, 0x07, 0xe0, 0x07, 0xe0, 0x08, 0x23, 0x59, 0x65, 0x72, 0x28, 
    0x72, 0x28, 0x72, 0x28, 0x72, 0x28, 0x72, 0x28, 0x72, 0x28, 0x72, 0x28, 0x72, 0x28, 0x08, 0x23, 
    0x07, 0xe0, 0x07, 0xe0, 0x08, 0x23, 0x72, 0x28, 0x72, 0x28, 0x72, 0x28, 0x72, 0x28, 0x72, 0x28, 
    0x72, 0x28, 0x72, 0x28, 0x72, 0x28, 0x72, 0x28, 0x72, 0x28, 0x08, 0x23, 0x08, 0x23, 0x59, 0x65, 
    0x72, 0x28, 0x72, 0x28, 0x72, 0x28, 0x72, 0x28, 0x72, 0x28, 0x72, 0x28, 0x72, 0x28, 0x72, 0x28, 
    0x72, 0x28, 0x72, 0x28, 0x08, 0x23, 0x08, 0x23, 0x59, 0x65, 0x72, 0x28, 0x59, 0x65, 0x08, 0x23, 
    0x08, 0x23, 0x59, 0x65, 0x72, 0x28, 0x72, 0x28, 0x59, 0x65, 0x72, 0x28, 0x72, 0x28, 0x08, 0x23, 
    0x08, 0x23, 0x59, 0x65, 0x08, 0x23, 0x08, 0x23, 0xd4, 0xee, 0xd4, 0xee, 0x08, 0x23, 0x59, 0x65, 
    0x72, 0x28, 0x59, 0x65, 0x59, 0x65, 0x59, 0x65, 0x08, 0x23, 0x07, 0xe0, 0x08, 0x23, 0x08, 0x23, 
    0xd4, 0xee, 0xf6, 0x53, 0xf6, 0x53, 0xd4, 0xee, 0x08, 0x23, 0x59, 0x65, 0x08, 0x23, 0x59, 0x65, 
    0x59, 0x65, 0x08, 0x23, 0x07, 0xe0, 0x07, 0xe0, 0x08, 0x23, 0x08, 0x23, 0xf6, 0x53, 0xf6, 0x53, 
    0x08, 0x23, 0xd4, 0xee, 0x08, 0x23, 0xd4, 0xee, 0x08, 0x23, 0x72, 0x28, 0x08, 0x23, 0x07, 0xe0, 
    0x07, 0xe0, 0x08, 0x23, 0x08, 0x23, 0xf6, 0x53, 0xf6, 0x53, 0x08, 0x23, 0xf6, 0x53, 0xd4, 0xee, 
    0xd4, 0xee, 0x08, 0x23, 0x72, 0x28, 0x08, 0x23, 0x07, 0xe0, 0x07, 0xe0, 0x08, 0x23, 0xd4, 0xee, 
    0xf6, 0x53, 0xf6, 0x53, 0xf6, 0x53, 0xf6, 0x53, 0xd4, 0xee, 0xd4, 0xee, 0xd4, 0xee, 0x08, 0x23, 
    0x07, 0xe0, 0x07, 0xe0, 0x07, 0xe0, 0x07, 0xe0, 0x08, 0x23, 0xd4, 0xee, 0xf6, 0x53, 0xf6, 0x53, 
    0xd4, 0xee, 0xd4, 0xee, 0xd4, 0xee, 0x08, 0x23, 0x07, 0xe0, 0x07, 0xe0, 0x07, 0xe0, 0x07, 0xe0, 
    0x07, 0xe0, 0x08, 0x23, 0x12, 0x69, 0x34, 0xc9, 0x34, 0xc9, 0x1b, 0x6a, 0x12, 0x69, 0x12, 0x69, 
    0x08, 0x23, 0x07, 0xe0, 0x07, 0xe0, 0x07, 0xe0, 0x07, 0xe0, 0x07, 0xe0, 0x08, 0x23, 0x12, 0x69, 
    0x34, 0xc9, 0x34, 0xc9, 0x1b, 0x6a, 0x1b, 0x6a, 0x12, 0x69, 0x08, 0x23, 0x07, 0xe0, 0x07, 0xe0, 
    0x07, 0xe0, 0x07, 0xe0, 0x08, 0x23, 0xd4, 0xee, 0xd4, 0xee, 0x34, 0xc9, 0x34, 0xc9, 0x1b, 0x6a, 
    0x1b, 0x6a, 0xf6, 0x53, 0xf6, 0x53, 0x08, 0x23, 0x07, 0xe0, 0x07, 0xe0, 0x07, 0xe0, 0x08, 0x23, 
    0xd4, 0xee, 0xd4, 0xee, 0x04, 0xdb, 0x04, 0xdb, 0x04, 0xdb, 0x04, 0xdb, 0xf6, 0x53, 0xf6, 0x53, 
    0x08, 0x23, 0x07, 0xe0, 0x07, 0xe0, 0x07, 0xe0, 0x07, 0xe0, 0x08, 0x23, 0x04, 0xdb, 0x04, 0xdb, 
    0x03, 0x55, 0x04, 0xdb, 0x04, 0xdb, 0x03, 0x55, 0x08, 0x23, 0x07, 0xe0, 0x07, 0xe0, 0x07, 0xe0, 
    0x07, 0xe0, 0x07, 0xe0, 0x08, 0x23, 0x59, 0x65, 0x59, 0x65, 0x08, 0x23, 0x08, 0x23, 0x59, 0x65, 
    0x59, 0x65, 0x08, 0x23, 0x07, 0xe0, 0x07, 0xe0, 
};

hagl_bitmap_t playerIdleA2 = {
    .width = 13,
    .height = 20,
    .depth = 16, // RGB565 is 16-bit
    .buffer = playerIdleA2buf,
};

// Image: playerIdleA3.png (13x20)
static unsigned char playerIdleA3buf[] = {
    0x07, 0xe0, 0x07, 0xe0, 0x07, 0xe0, 0x07, 0xe0, 0x07, 0xe0, 0x07, 0xe0, 0x07, 0xe0, 0x07, 0xe0, 
    0x07, 0xe0, 0x07, 0xe0, 0x07, 0xe0, 0x07, 0xe0, 0x07, 0xe0, 0x07, 0xe0, 0x07, 0xe0, 0x07, 0xe0, 
    0x07, 0xe0, 0x07, 0xe0, 0x07, 0xe0, 0x07, 0xe0, 0x07, 0xe0, 0x07, 0xe0, 0x07, 0xe0, 0x07, 0xe0, 
    0x07, 0xe0, 0x07, 0xe0, 0x07, 0xe0, 0x07, 0xe0, 0x07, 0xe0, 0x07, 0xe0, 0x07, 0xe0, 0x07, 0xe0, 
    0x07, 0xe0, 0x07, 0xe0, 0x07, 0xe0, 0x07, 0xe0, 0x07, 0xe0, 0x07, 0xe0, 0x07, 0xe0, 0x07, 0xe0, 
    0x07, 0xe0, 0x07, 0xe0, 0x08, 0x23, 0x08, 0x23, 0x08, 0x23, 0x08, 0x23, 0x08, 0x23, 0x08, 0x23, 
    0x08, 0x23, 0x07, 0xe0, 0x07, 0xe0, 0x07, 0xe0, 0x07, 0xe0, 0x07, 0xe0, 0x08, 0x23, 0x59, 0x65, 
    0x72, 0x28, 0x72, 0x28, 0x72, 0x28, 0x72, 0x28, 0x59, 0x65, 0x59, 0x65, 0x08, 0x23, 0x07, 0xe0, 
    0x07, 0xe0, 0x07, 0xe0, 0x08, 0x23, 0x59, 0x65, 0x72, 0x28, 0x72, 0x28, 0x72, 0x28, 0x72, 0x28, 
    0x72, 0x28, 0x72, 0x28, 0x72, 0x28, 0x72, 0x28, 0x08, 0x23, 0x07, 0xe0, 0x07, 0xe0, 0x08, 0x23, 
    0x72, 0x28, 0x72, 0x28, 0x72, 0x28, 0x72, 0x28, 0x72, 0x28, 0x72, 0x28, 0x72, 0x28, 0x72, 0x28, 
    0x72, 0x28, 0x72, 0x28, 0x08, 0x23, 0x08, 0x23, 0x59, 0x65, 0x72, 0x28, 0x72, 0x28, 0x72, 0x28, 
    0x72, 0x28, 0x72, 0x28, 0x72, 0x28, 0x72, 0x28, 0x72, 0x28, 0x72, 0x28, 0x72, 0x28, 0x08, 0x23, 
    0x08, 0x23, 0x59, 0x65, 0x72, 0x28, 0x59, 0x65, 0x08, 0x23, 0x08, 0x23, 0x59, 0x65, 0x72, 0x28, 
    0x72, 0x28, 0x59, 0x65, 0x72, 0x28, 0x72, 0x28, 0x08, 0x23, 0x08, 0x23, 0x59, 0x65, 0x08, 0x23, 
    0x08, 0x23, 0xd4, 0xee, 0xd4, 0xee, 0x08, 0x23, 0x59, 0x65, 0x72, 0x28, 0x59, 0x65, 0x59, 0x65, 
    0x59, 0x65, 0x08, 0x23, 0x07, 0xe0, 0x08, 0x23, 0x08, 0x23, 0xd4, 0xee, 0xf6, 0x53, 0xf6, 0x53, 
    0xd4, 0xee, 0x08, 0x23, 0x59, 0x65, 0x08, 0x23, 0x59, 0x65, 0x59, 0x65, 0x08, 0x23, 0x07, 0xe0, 
    0x07, 0xe0, 0x08, 0x23, 0x08, 0x23, 0xf6, 0x53, 0xf6, 0x53, 0x08, 0x23, 0xd4, 0xee, 0x08, 0x23, 
    0xd4, 0xee, 0x08, 0x23, 0x72, 0x28, 0x08, 0x23, 0x07, 0xe0, 0x07, 0xe0, 0x08, 0x23, 0x08, 0x23, 
    0xf6, 0x53, 0xf6, 0x53, 0x08, 0x23, 0xf6, 0x53, 0xd4, 0xee, 0xd4, 0xee, 0x08, 0x23, 0x72, 0x28, 
    0x08, 0x23, 0x07, 0xe0, 0x07, 0xe0, 0x08, 0x23, 0xd4, 0xee, 0xf6, 0x53, 0xf6, 0x53, 0xf6, 0x53, 
    0xf6, 0x53, 0xd4, 0xee, 0xd4, 0xee, 0xd4, 0xee, 0x08, 0x23, 0x07, 0xe0, 0x07, 0xe0, 0x07, 0xe0, 
    0x07, 0xe0, 0x08, 0x23, 0xd4, 0xee, 0xf6, 0x53, 0xf6, 0x53, 0xd4, 0xee, 0xd4, 0xee, 0xd4, 0xee, 
    0x08, 0x23, 0x07, 0xe0, 0x07, 0xe0, 0x07, 0xe0, 0x07, 0xe0, 0x08, 0x23, 0x08, 0x23, 0x12, 0x69, 
    0x34, 0xc9, 0x34, 0xc9, 0x1b, 0x6a, 0x12, 0x69, 0x12, 0x69, 0x08, 0x23, 0x08, 0x23, 0x07, 0xe0, 
    0x07, 0xe0, 0x08, 0x23, 0xd4, 0xee, 0xd4, 0xee, 0x12, 0x69, 0x34, 0xc9, 0x34, 0xc9, 0x1b, 0x6a, 
    0x1b, 0x6a, 0x12, 0x69, 0xf6, 0x53, 0xf6, 0x53, 0x08, 0x23, 0x07, 0xe0, 0x08, 0x23, 0xd4, 0xee, 
    0xd4, 0xee, 0x04, 0xdb, 0x04, 0xdb, 0x04, 0xdb, 0x04, 0xdb, 0x04, 0xdb, 0x03, 0x55, 0xf6, 0x53, 
    0xf6, 0x53, 0x08, 0x23, 0x07, 0xe0, 0x07, 0xe0, 0x08, 0x23, 0x08, 0x23, 0x04, 0xdb, 0x04, 0xdb, 
    0x03, 0x55, 0x04, 0xdb, 0x04, 0xdb, 0x03, 0x55, 0x08, 0x23, 0x08, 0x23, 0x07, 0xe0, 0x07, 0xe0, 
    0x07, 0xe0, 0x07, 0xe0, 0x08, 0x23, 0x59, 0x65, 0x59, 0x65, 0x08, 0x23, 0x08, 0x23, 0x59, 0x65, 
    0x59, 0x65, 0x08, 0x23, 0x07, 0xe0, 0x07, 0xe0, 
};

hagl_bitmap_t playerIdleA3 = {
    .width = 13,
    .height = 20,
    .depth = 16, // RGB565 is 16-bit
    .buffer = playerIdleA3buf,
};

// Image: playerIdleD1.png (13x20)
static unsigned char playerIdleD1buf[] = {
    0x07, 0xe0, 0x07, 0xe0, 0x07, 0xe0, 0x07, 0xe0, 0x07, 0xe0, 0x07, 0xe0, 0x07, 0xe0, 0x07, 0xe0, 
    0x07, 0xe0, 0x07, 0xe0, 0x07, 0xe0, 0x07, 0xe0, 0x07, 0xe0, 0x07, 0xe0, 0x07, 0xe0, 0x07, 0xe0, 
    0x07, 0xe0, 0x07, 0xe0, 0x07, 0xe0, 0x07, 0xe0, 0x07, 0xe0, 0x07, 0xe0, 0x07, 0xe0, 0x07, 0xe0, 
    0x07, 0xe0, 0x07, 0xe0, 0x07, 0xe0, 0x07, 0xe0, 0x07, 0xe0, 0x08, 0x23, 0x08, 0x23, 0x08, 0x23, 
    0x08, 0x23, 0x08, 0x23, 0x08, 0x23, 0x08, 0x23, 0x07, 0xe0, 0x07, 0xe0, 0x07, 0xe0, 0x07, 0xe0, 
    0x07, 0xe0, 0x08, 0x23, 0x59, 0x65, 0x59, 0x65, 0x72, 0x28, 0x72, 0x28, 0x72, 0x28, 0x72, 0x28, 
    0x59, 0x65, 0x08, 0x23, 0x07, 0xe0, 0x07, 0xe0, 0x07, 0xe0, 0x08, 0x23, 0x72, 0x28, 0x72, 0x28, 
    0x72, 0x28, 0x72, 0x28, 0x72, 0x28, 0x72, 0x28, 0x72, 0x28, 0x72, 0x28, 0x59, 0x65, 0x08, 0x23, 
    0x07, 0xe0, 0x08, 0x23, 0x72, 0x28, 0x72, 0x28, 0x72, 0x28, 0x72, 0x28, 0x72, 0x28, 0x72, 0x28, 
    0x72, 0x28, 0x72, 0x28, 0x72, 0x28, 0x72, 0x28, 0x08, 0x23, 0x07, 0xe0, 0x08, 0x23, 0x72, 0x28, 
    0x72, 0x28, 0x72, 0x28, 0x72, 0x28, 0x72, 0x28, 0x72, 0x28, 0x72, 0x28, 0x72, 0x28, 0x72, 0x28, 
    0x72, 0x28, 0x59, 0x65, 0x08, 0x23, 0x08, 0x23, 0x72, 0x28, 0x72, 0x28, 0x59, 0x65, 0x72, 0x28, 
    0x72, 0x28, 0x59, 0x65, 0x08, 0x23, 0x08, 0x23, 0x59, 0x65, 0x72, 0x28, 0x59, 0x65, 0x08, 0x23, 
    0x08, 0x23, 0x59, 0x65, 0x59, 0x65, 0x59, 0x65, 0x72, 0x28, 0x59, 0x65, 0x08, 0x23, 0xd4, 0xee, 
    0xd4, 0xee, 0x08, 0x23, 0x08, 0x23, 0x59, 0x65, 0x08, 0x23, 0x08, 0x23, 0x59, 0x65, 0x59, 0x65, 
    0x08, 0x23, 0x59, 0x65, 0x08, 0x23, 0xd4, 0xee, 0xf6, 0x53, 0xf6, 0x53, 0xd4, 0xee, 0x08, 0x23, 
    0x08, 0x23, 0x07, 0xe0, 0x08, 0x23, 0x72, 0x28, 0x08, 0x23, 0xd4, 0xee, 0x08, 0x23, 0xd4, 0xee, 
    0x08, 0x23, 0xf6, 0x53, 0xf6, 0x53, 0x08, 0x23, 0x08, 0x23, 0x07, 0xe0, 0x07, 0xe0, 0x08, 0x23, 
    0x72, 0x28, 0x08, 0x23, 0xd4, 0xee, 0xd4, 0xee, 0xf6, 0x53, 0x08, 0x23, 0xf6, 0x53, 0xf6, 0x53, 
    0x08, 0x23, 0x08, 0x23, 0x07, 0xe0, 0x07, 0xe0, 0x07, 0xe0, 0x08, 0x23, 0xd4, 0xee, 0xd4, 0xee, 
    0xd4, 0xee, 0xf6, 0x53, 0xf6, 0x53, 0xf6, 0x53, 0xf6, 0x53, 0xd4, 0xee, 0x08, 0x23, 0x07, 0xe0, 
    0x07, 0xe0, 0x07, 0xe0, 0x07, 0xe0, 0x08, 0x23, 0xd4, 0xee, 0xd4, 0xee, 0xd4, 0xee, 0xf6, 0x53, 
    0xf6, 0x53, 0xd4, 0xee, 0x08, 0x23, 0x07, 0xe0, 0x07, 0xe0, 0x07, 0xe0, 0x07, 0xe0, 0x07, 0xe0, 
    0x08, 0x23, 0x12, 0x69, 0x12, 0x69, 0x1b, 0x6a, 0x34, 0xc9, 0x34, 0xc9, 0x12, 0x69, 0x08, 0x23, 
    0x07, 0xe0, 0x07, 0xe0, 0x07, 0xe0, 0x07, 0xe0, 0x08, 0x23, 0xf6, 0x53, 0xf6, 0x53, 0x1b, 0x6a, 
    0x1b, 0x6a, 0x34, 0xc9, 0x34, 0xc9, 0xd4, 0xee, 0xd4, 0xee, 0x08, 0x23, 0x07, 0xe0, 0x07, 0xe0, 
    0x07, 0xe0, 0x08, 0x23, 0xf6, 0x53, 0xf6, 0x53, 0x1b, 0x6a, 0x1b, 0x6a, 0x34, 0xc9, 0x34, 0xc9, 
    0xd4, 0xee, 0xd4, 0xee, 0x08, 0x23, 0x07, 0xe0, 0x07, 0xe0, 0x07, 0xe0, 0x07, 0xe0, 0x08, 0x23, 
    0x03, 0x55, 0x04, 0xdb, 0x04, 0xdb, 0x04, 0xdb, 0x04, 0xdb, 0x04, 0xdb, 0x08, 0x23, 0x07, 0xe0, 
    0x07, 0xe0, 0x07, 0xe0, 0x07, 0xe0, 0x07, 0xe0, 0x08, 0x23, 0x03, 0x55, 0x04, 0xdb, 0x04, 0xdb, 
    0x03, 0x55, 0x04, 0xdb, 0x04, 0xdb, 0x08, 0x23, 0x07, 0xe0, 0x07, 0xe0, 0x07, 0xe0, 0x07, 0xe0, 
    0x07, 0xe0, 0x08, 0x23, 0x59, 0x65, 0x59, 0x65, 0x08, 0x23, 0x08, 0x23, 0x59, 0x65, 0x59, 0x65, 
    0x08, 0x23, 0x07, 0xe0, 0x07, 0xe0, 0x07, 0xe0, 
};

hagl_bitmap_t playerIdleD1 = {
    .width = 13,
    .height = 20,
    .depth = 16, // RGB565 is 16-bit
    .buffer = playerIdleD1buf,
};

// Image: playerIdleD2.png (13x20)
static unsigned char playerIdleD2buf[] = {
    0x07, 0xe0, 0x07, 0xe0, 0x07, 0xe0, 0x07, 0xe0, 0x07, 0xe0, 0x07, 0xe0, 0x07, 0xe0, 0x07, 0xe0, 
    0x07, 0xe0, 0x07, 0xe0, 0x07, 0xe0, 0x07, 0xe0, 0x07, 0xe0, 0x07, 0xe0, 0x07, 0xe0, 0x07, 0xe0, 
    0x07, 0xe0, 0x07, 0xe0, 0x07, 0xe0, 0x07, 0xe0, 0x07, 0xe0, 0x07, 0xe0, 0x07, 0xe0, 0x07, 0xe0, 
    0x07, 0xe0, 0x07, 0xe0, 0x07, 0xe0, 0x07, 0xe0, 0x07, 0xe0, 0x08, 0x23, 0x08, 0x23, 0x08, 0x23, 
    0x08, 0x23, 0x08, 0x23, 0x08, 0x23, 0x08, 0x23, 0x07, 0xe0, 0x07, 0xe0, 0x07, 0xe0, 0x07, 0xe0, 
    0x07, 0xe0, 0x08, 0x23, 0x59, 0x65, 0x59, 0x65, 0x72, 0x28, 0x72, 0x28, 0x72, 0x28, 0x72, 0x28, 
    0x59, 0x65, 0x08, 0x23, 0x07, 0xe0, 0x07, 0xe0, 0x07, 0xe0, 0x08, 0x23, 0x72, 0x28, 0x72, 0x28, 
    0x72, 0x28, 0x72, 0x28, 0x72, 0x28, 0x72, 0x28, 0x72, 0x28, 0x72, 0x28, 0x59, 0x65, 0x08, 0x23, 
    0x07, 0xe0, 0x08, 0x23, 0x72, 0x28, 0x72, 0x28, 0x72, 0x28, 0x72, 0x28, 0x72, 0x28, 0x72, 0x28, 
    0x72, 0x28, 0x72, 0x28, 0x72, 0x28, 0x72, 0x28, 0x08, 0x23, 0x07, 0xe0, 0x08, 0x23, 0x72, 0x28, 
    0x72, 0x28, 0x72, 0x28, 0x72, 0x28, 0x72, 0x28, 0x72, 0x28, 0x72, 0x28, 0x72, 0x28, 0x72, 0x28, 
    0x72, 0x28, 0x59, 0x65, 0x08, 0x23, 0x08, 0x23, 0x72, 0x28, 0x72, 0x28, 0x59, 0x65, 0x72, 0x28, 
    0x72, 0x28, 0x59, 0x65, 0x08, 0x23, 0x08, 0x23, 0x59, 0x65, 0x72, 0x28, 0x59, 0x65, 0x08, 0x23, 
    0x08, 0x23, 0x59, 0x65, 0x59, 0x65, 0x59, 0x65, 0x72, 0x28, 0x59, 0x65, 0x08, 0x23, 0xd4, 0xee, 
    0xd4, 0xee, 0x08, 0x23, 0x08, 0x23, 0x59, 0x65, 0x08, 0x23, 0x08, 0x23, 0x59, 0x65, 0x59, 0x65, 
    0x08, 0x23, 0x59, 0x65, 0x08, 0x23, 0xd4, 0xee, 0xf6, 0x53, 0xf6, 0x53, 0xd4, 0xee, 0x08, 0x23, 
    0x08, 0x23, 0x07, 0xe0, 0x08, 0x23, 0x72, 0x28, 0x08, 0x23, 0xd4, 0xee, 0x08, 0x23, 0xd4, 0xee, 
    0x08, 0x23, 0xf6, 0x53, 0xf6, 0x53, 0x08, 0x23, 0x08, 0x23, 0x07, 0xe0, 0x07, 0xe0, 0x08, 0x23, 
    0x72, 0x28, 0x08, 0x23, 0xd4, 0xee, 0xd4, 0xee, 0xf6, 0x53, 0x08, 0x23, 0xf6, 0x53, 0xf6, 0x53, 
    0x08, 0x23, 0x08, 0x23, 0x07, 0xe0, 0x07, 0xe0, 0x07, 0xe0, 0x08, 0x23, 0xd4, 0xee, 0xd4, 0xee, 
    0xd4, 0xee, 0xf6, 0x53, 0xf6, 0x53, 0xf6, 0x53, 0xf6, 0x53, 0xd4, 0xee, 0x08, 0x23, 0x07, 0xe0, 
    0x07, 0xe0, 0x07, 0xe0, 0x07, 0xe0, 0x08, 0x23, 0xd4, 0xee, 0xd4, 0xee, 0xd4, 0xee, 0xf6, 0x53, 
    0xf6, 0x53, 0xd4, 0xee, 0x08, 0x23, 0x07, 0xe0, 0x07, 0xe0, 0x07, 0xe0, 0x07, 0xe0, 0x07, 0xe0, 
    0x08, 0x23, 0x12, 0x69, 0x12, 0x69, 0x1b, 0x6a, 0x34, 0xc9, 0x34, 0xc9, 0x12, 0x69, 0x08, 0x23, 
    0x07, 0xe0, 0x07, 0xe0, 0x07, 0xe0, 0x07, 0xe0, 0x07, 0xe0, 0x08, 0x23, 0x12, 0x69, 0x1b, 0x6a, 
    0x1b, 0x6a, 0x34, 0xc9, 0x34, 0xc9, 0x12, 0x69, 0x08, 0x23, 0x07, 0xe0, 0x07, 0xe0, 0x07, 0xe0, 
    0x07, 0xe0, 0x08, 0x23, 0xf6, 0x53, 0xf6, 0x53, 0x1b, 0x6a, 0x1b, 0x6a, 0x34, 0xc9, 0x34, 0xc9, 
    0xd4, 0xee, 0xd4, 0xee, 0x08, 0x23, 0x07, 0xe0, 0x07, 0xe0, 0x07, 0xe0, 0x08, 0x23, 0xf6, 0x53, 
    0xf6, 0x53, 0x04, 0xdb, 0x04, 0xdb, 0x04, 0xdb, 0x04, 0xdb, 0xd4, 0xee, 0xd4, 0xee, 0x08, 0x23, 
    0x07, 0xe0, 0x07, 0xe0, 0x07, 0xe0, 0x07, 0xe0, 0x08, 0x23, 0x03, 0x55, 0x04, 0xdb, 0x04, 0xdb, 
    0x03, 0x55, 0x04, 0xdb, 0x04, 0xdb, 0x08, 0x23, 0x07, 0xe0, 0x07, 0xe0, 0x07, 0xe0, 0x07, 0xe0, 
    0x07, 0xe0, 0x08, 0x23, 0x59, 0x65, 0x59, 0x65, 0x08, 0x23, 0x08, 0x23, 0x59, 0x65, 0x59, 0x65, 
    0x08, 0x23, 0x07, 0xe0, 0x07, 0xe0, 0x07, 0xe0, 
};

hagl_bitmap_t playerIdleD2 = {
    .width = 13,
    .height = 20,
    .depth = 16, // RGB565 is 16-bit
    .buffer = playerIdleD2buf,
};

// Image: playerIdleD3.png (13x20)
static unsigned char playerIdleD3buf[] = {
    0x07, 0xe0, 0x07, 0xe0, 0x07, 0xe0, 0x07, 0xe0, 0x07, 0xe0, 0x07, 0xe0, 0x07, 0xe0, 0x07, 0xe0, 
    0x07, 0xe0, 0x07, 0xe0, 0x07, 0xe0, 0x07, 0xe0, 0x07, 0xe0, 0x07, 0xe0, 0x07, 0xe0, 0x07, 0xe0, 
    0x07, 0xe0, 0x07, 0xe0, 0x07, 0xe0, 0x07, 0xe0, 0x07, 0xe0, 0x07, 0xe0, 0x07, 0xe0, 0x07, 0xe0, 
    0x07, 0xe0, 0x07, 0xe0, 0x07, 0xe0, 0x07, 0xe0, 0x07, 0xe0, 0x07, 0xe0, 0x07, 0xe0, 0x07, 0xe0, 
    0x07, 0xe0, 0x07, 0xe0, 0x07, 0xe0, 0x07, 0xe0, 0x07, 0xe0, 0x07, 0xe0, 0x07, 0xe0, 0x07, 0xe0, 
    0x07, 0xe0, 0x07, 0xe0, 0x08, 0x23, 0x08, 0x23, 0x08, 0x23, 0x08, 0x23, 0x08, 0x23, 0x08, 0x23, 
    0x08, 0x23, 0x07, 0xe0, 0x07, 0xe0, 0x07, 0xe0, 0x07, 0xe0, 0x07, 0xe0, 0x08, 0x23, 0x59, 0x65, 
    0x59, 0x65, 0x72, 0x28, 0x72, 0x28, 0x72, 0x28, 0x72, 0x28, 0x59, 0x65, 0x08, 0x23, 0x07, 0xe0, 
    0x07, 0xe0, 0x07, 0xe0, 0x08, 0x23, 0x72, 0x28, 0x72, 0x28, 0x72, 0x28, 0x72, 0x28, 0x72, 0x28, 
    0x72, 0x28, 0x72, 0x28, 0x72, 0x28, 0x59, 0x65, 0x08, 0x23, 0x07, 0xe0, 0x08, 0x23, 0x72, 0x28, 
    0x72, 0x28, 0x72, 0x28, 0x72, 0x28, 0x72, 0x28, 0x72, 0x28, 0x72, 0x28, 0x72, 0x28, 0x72, 0x28, 
    0x72, 0x28, 0x08, 0x23, 0x07, 0xe0, 0x08, 0x23, 0x72, 0x28, 0x72, 0x28, 0x72, 0x28, 0x72, 0x28, 
    0x72, 0x28, 0x72, 0x28, 0x72, 0x28, 0x72, 0x28, 0x72, 0x28, 0x72, 0x28, 0x59, 0x65, 0x08, 0x23, 
    0x08, 0x23, 0x72, 0x28, 0x72, 0x28, 0x59, 0x65, 0x72, 0x28, 0x72, 0x28, 0x59, 0x65, 0x08, 0x23, 
    0x08, 0x23, 0x59, 0x65, 0x72, 0x28, 0x59, 0x65, 0x08, 0x23, 0x08, 0x23, 0x59, 0x65, 0x59, 0x65, 
    0x59, 0x65, 0x72, 0x28, 0x59, 0x65, 0x08, 0x23, 0xd4, 0xee, 0xd4, 0xee, 0x08, 0x23, 0x08, 0x23, 
    0x59, 0x65, 0x08, 0x23, 0x08, 0x23, 0x59, 0x65, 0x59, 0x65, 0x08, 0x23, 0x59, 0x65, 0x08, 0x23, 
    0xd4, 0xee, 0xf6, 0x53, 0xf6, 0x53, 0xd4, 0xee, 0x08, 0x23, 0x08, 0x23, 0x07, 0xe0, 0x08, 0x23, 
    0x72, 0x28, 0x08, 0x23, 0xd4, 0xee, 0x08, 0x23, 0xd4, 0xee, 0x08, 0x23, 0xf6, 0x53, 0xf6, 0x53, 
    0x08, 0x23, 0x08, 0x23, 0x07, 0xe0, 0x07, 0xe0, 0x08, 0x23, 0x72, 0x28, 0x08, 0x23, 0xd4, 0xee, 
    0xd4, 0xee, 0xf6, 0x53, 0x08, 0x23, 0xf6, 0x53, 0xf6, 0x53, 0x08, 0x23, 0x08, 0x23, 0x07, 0xe0, 
    0x07, 0xe0, 0x07, 0xe0, 0x08, 0x23, 0xd4, 0xee, 0xd4, 0xee, 0xd4, 0xee, 0xf6, 0x53, 0xf6, 0x53, 
    0xf6, 0x53, 0xf6, 0x53, 0xd4, 0xee, 0x08, 0x23, 0x07, 0xe0, 0x07, 0xe0, 0x07, 0xe0, 0x07, 0xe0, 
    0x08, 0x23, 0xd4, 0xee, 0xd4, 0xee, 0xd4, 0xee, 0xf6, 0x53, 0xf6, 0x53, 0xd4, 0xee, 0x08, 0x23, 
    0x07, 0xe0, 0x07, 0xe0, 0x07, 0xe0, 0x07, 0xe0, 0x08, 0x23, 0x08, 0x23, 0x12, 0x69, 0x12, 0x69, 
    0x1b, 0x6a, 0x34, 0xc9, 0x34, 0xc9, 0x12, 0x69, 0x08, 0x23, 0x08, 0x23, 0x07, 0xe0, 0x07, 0xe0, 
    0x08, 0x23, 0xf6, 0x53, 0xf6, 0x53, 0x12, 0x69, 0x1b, 0x6a, 0x1b, 0x6a, 0x34, 0xc9, 0x34, 0xc9, 
    0x12, 0x69, 0xd4, 0xee, 0xd4, 0xee, 0x08, 0x23, 0x07, 0xe0, 0x08, 0x23, 0xf6, 0x53, 0xf6, 0x53, 
    0x03, 0x55, 0x04, 0xdb, 0x04, 0xdb, 0x04, 0xdb, 0x04, 0xdb, 0x04, 0xdb, 0xd4, 0xee, 0xd4, 0xee, 
    0x08, 0x23, 0x07, 0xe0, 0x07, 0xe0, 0x08, 0x23, 0x08, 0x23, 0x03, 0x55, 0x04, 0xdb, 0x04, 0xdb, 
    0x03, 0x55, 0x04, 0xdb, 0x04, 0xdb, 0x08, 0x23, 0x08, 0x23, 0x07, 0xe0, 0x07, 0xe0, 0x07, 0xe0, 
    0x07, 0xe0, 0x08, 0x23, 0x59, 0x65, 0x59, 0x65, 0x08, 0x23, 0x08, 0x23, 0x59, 0x65, 0x59, 0x65, 
    0x08, 0x23, 0x07, 0xe0, 0x07, 0xe0, 0x07, 0xe0, 
};

hagl_bitmap_t playerIdleD3 = {
    .width = 13,
    .height = 20,
    .depth = 16, // RGB565 is 16-bit
    .buffer = playerIdleD3buf,
};

// Image: playerIdleS1.png (13x20)
static unsigned char playerIdleS1buf[] = {
    0x07, 0xe0, 0x07, 0xe0, 0x07, 0xe0, 0x07, 0xe0, 0x07, 0xe0, 0x07, 0xe0, 0x07, 0xe0, 0x07, 0xe0, 
    0x07, 0xe0, 0x07, 0xe0, 0x07, 0xe0, 0x07, 0xe0, 0x07, 0xe0, 0x07, 0xe0, 0x07, 0xe0, 0x07, 0xe0, 
    0x07, 0xe0, 0x07, 0xe0, 0x07, 0xe0, 0x07, 0xe0, 0x07, 0xe0, 0x07, 0xe0, 0x07, 0xe0, 0x07, 0xe0, 
    0x07, 0xe0, 0x07, 0xe0, 0x07, 0xe0, 0x07, 0xe0, 0x07, 0xe0, 0x08, 0x23, 0x08, 0x23, 0x08, 0x23, 
    0x08, 0x23, 0x08, 0x23, 0x08, 0x23, 0x08, 0x23, 0x07, 0xe0, 0x07, 0xe0, 0x07, 0xe0, 0x07, 0xe0, 
    0x07, 0xe0, 0x08, 0x23, 0x59, 0x65, 0x72, 0x28, 0x72, 0x28, 0x59, 0x65, 0x72, 0x28, 0x72, 0x28, 
    0x59, 0x65, 0x08, 0x23, 0x07, 0xe0, 0x07, 0xe0, 0x07, 0xe0, 0x08, 0x23, 0x59, 0x65, 0x72, 0x28, 
    0x72, 0x28, 0x72, 0x28, 0x72, 0x28, 0x72, 0x28, 0x72, 0x28, 0x72, 0x28, 0x59, 0x65, 0x08, 0x23, 
    0x07, 0xe0, 0x07, 0xe0, 0x08, 0x23, 0x72, 0x28, 0x72, 0x28, 0x72, 0x28, 0x72, 0x28, 0x59, 0x65, 
    0x72, 0x28, 0x72, 0x28, 0x72, 0x28, 0x72, 0x28, 0x08, 0x23, 0x07, 0xe0, 0x08, 0x23, 0x59, 0x65, 
    0x72, 0x28, 0x72, 0x28, 0x72, 0x28, 0x59, 0x65, 0x59, 0x65, 0x59, 0x65, 0x72, 0x28, 0x72, 0x28, 
    0x72, 0x28, 0x59, 0x65, 0x08, 0x23, 0x08, 0x23, 0x72, 0x28, 0x72, 0x28, 0x72, 0x28, 0x59, 0x65, 
    0x59, 0x65, 0x08, 0x23, 0x59, 0x65, 0x72, 0x28, 0x72, 0x28, 0x72, 0x28, 0x72, 0x28, 0x08, 0x23, 
    0x08, 0x23, 0x72, 0x28, 0x72, 0x28, 0x72, 0x28, 0x59, 0x65, 0x08, 0x23, 0xd4, 0xee, 0x08, 0x23, 
    0x59, 0x65, 0x72, 0x28, 0x72, 0x28, 0x72, 0x28, 0x08, 0x23, 0x08, 0x23, 0x59, 0x65, 0x59, 0x65, 
    0x08, 0x23, 0x08, 0x23, 0xd4, 0xee, 0xd4, 0xee, 0xd4, 0xee, 0x08, 0x23, 0x08, 0x23, 0x59, 0x65, 
    0x59, 0x65, 0x08, 0x23, 0x07, 0xe0, 0x08, 0x23, 0x08, 0x23, 0xd4, 0xee, 0x08, 0x23, 0xf6, 0x53, 
    0xf6, 0x53, 0xf6, 0x53, 0x08, 0x23, 0xd4, 0xee, 0x08, 0x23, 0x08, 0x23, 0x07, 0xe0, 0x07, 0xe0, 
    0x08, 0x23, 0xd4, 0xee, 0xd4, 0xee, 0x08, 0x23, 0xf6, 0x53, 0xf6, 0x53, 0xf6, 0x53, 0x08, 0x23, 
    0xd4, 0xee, 0xd4, 0xee, 0x08, 0x23, 0x07, 0xe0, 0x07, 0xe0, 0x07, 0xe0, 0x08, 0x23, 0xf6, 0x53, 
    0xf6, 0x53, 0xf6, 0x53, 0xf6, 0x53, 0xf6, 0x53, 0xf6, 0x53, 0xf6, 0x53, 0x08, 0x23, 0x07, 0xe0, 
    0x07, 0xe0, 0x07, 0xe0, 0x07, 0xe0, 0x08, 0x23, 0x12, 0x69, 0xf6, 0x53, 0xf6, 0x53, 0xf6, 0x53, 
    0xf6, 0x53, 0xf6, 0x53, 0x12, 0x69, 0x08, 0x23, 0x07, 0xe0, 0x07, 0xe0, 0x07, 0xe0, 0x07, 0xe0, 
    0x08, 0x23, 0x12, 0x69, 0x1b, 0x6a, 0x34, 0xc9, 0x34, 0xc9, 0x1b, 0x6a, 0x1b, 0x6a, 0x12, 0x69, 
    0x08, 0x23, 0x07, 0xe0, 0x07, 0xe0, 0x07, 0xe0, 0x08, 0x23, 0xf6, 0x53, 0xf6, 0x53, 0x1b, 0x6a, 
    0x34, 0xc9, 0x34, 0xc9, 0x34, 0xc9, 0x1b, 0x6a, 0xf6, 0x53, 0xf6, 0x53, 0x08, 0x23, 0x07, 0xe0, 
    0x07, 0xe0, 0x08, 0x23, 0xf6, 0x53, 0xf6, 0x53, 0x1b, 0x6a, 0x1b, 0x6a, 0x34, 0xc9, 0x34, 0xc9, 
    0x1b, 0x6a, 0xf6, 0x53, 0xf6, 0x53, 0x08, 0x23, 0x07, 0xe0, 0x07, 0xe0, 0x07, 0xe0, 0x08, 0x23, 
    0x04, 0xdb, 0x04, 0xdb, 0x04, 0xdb, 0x03, 0x55, 0x04, 0xdb, 0x04, 0xdb, 0x04, 0xdb, 0x08, 0x23, 
    0x07, 0xe0, 0x07, 0xe0, 0x07, 0xe0, 0x07, 0xe0, 0x08, 0x23, 0x04, 0xdb, 0x04, 0xdb, 0x03, 0x55, 
    0x08, 0x23, 0x03, 0x55, 0x04, 0xdb, 0x04, 0xdb, 0x08, 0x23, 0x07, 0xe0, 0x07, 0xe0, 0x07, 0xe0, 
    0x07, 0xe0, 0x08, 0x23, 0x59, 0x65, 0x59, 0x65, 0x08, 0x23, 0x07, 0xe0, 0x08, 0x23, 0x59, 0x65, 
    0x59, 0x65, 0x08, 0x23, 0x07, 0xe0, 0x07, 0xe0, 
};

hagl_bitmap_t playerIdleS1 = {
    .width = 13,
    .height = 20,
    .depth = 16, // RGB565 is 16-bit
    .buffer = playerIdleS1buf,
};

// Image: playerIdleS2.png (13x20)
static unsigned char playerIdleS2buf[] = {
    0x07, 0xe0, 0x07, 0xe0, 0x07, 0xe0, 0x07, 0xe0, 0x07, 0xe0, 0x07, 0xe0, 0x07, 0xe0, 0x07, 0xe0, 
    0x07, 0xe0, 0x07, 0xe0, 0x07, 0xe0, 0x07, 0xe0, 0x07, 0xe0, 0x07, 0xe0, 0x07, 0xe0, 0x07, 0xe0, 
    0x07, 0xe0, 0x07, 0xe0, 0x07, 0xe0, 0x07, 0xe0, 0x07, 0xe0, 0x07, 0xe0, 0x07, 0xe0, 0x07, 0xe0, 
    0x07, 0xe0, 0x07, 0xe0, 0x07, 0xe0, 0x07, 0xe0, 0x07, 0xe0, 0x08, 0x23, 0x08, 0x23, 0x08, 0x23, 
    0x08, 0x23, 0x08, 0x23, 0x08, 0x23, 0x08, 0x23, 0x07, 0xe0, 0x07, 0xe0, 0x07, 0xe0, 0x07, 0xe0, 
    0x07, 0xe0, 0x08, 0x23, 0x59, 0x65, 0x72, 0x28, 0x72, 0x28, 0x59, 0x65, 0x72, 0x28, 0x72, 0x28, 
    0x59, 0x65, 0x08, 0x23, 0x07, 0xe0, 0x07, 0xe0, 0x07, 0xe0, 0x08, 0x23, 0x59, 0x65, 0x72, 0x28, 
    0x72, 0x28, 0x72, 0x28, 0x72, 0x28, 0x72, 0x28, 0x72, 0x28, 0x72, 0x28, 0x59, 0x65, 0x08, 0x23, 
    0x07, 0xe0, 0x07, 0xe0, 0x08, 0x23, 0x72, 0x28, 0x72, 0x28, 0x72, 0x28, 0x72, 0x28, 0x59, 0x65, 
    0x72, 0x28, 0x72, 0x28, 0x72, 0x28, 0x72, 0x28, 0x08, 0x23, 0x07, 0xe0, 0x08, 0x23, 0x59, 0x65, 
    0x72, 0x28, 0x72, 0x28, 0x72, 0x28, 0x59, 0x65, 0x59, 0x65, 0x59, 0x65, 0x72, 0x28, 0x72, 0x28, 
    0x72, 0x28, 0x59, 0x65, 0x08, 0x23, 0x08, 0x23, 0x72, 0x28, 0x72, 0x28, 0x72, 0x28, 0x59, 0x65, 
    0x59, 0x65, 0x08, 0x23, 0x59, 0x65, 0x72, 0x28, 0x72, 0x28, 0x72, 0x28, 0x72, 0x28, 0x08, 0x23, 
    0x08, 0x23, 0x72, 0x28, 0x72, 0x28, 0x72, 0x28, 0x59, 0x65, 0x08, 0x23, 0xd4, 0xee, 0x08, 0x23, 
    0x59, 0x65, 0x72, 0x28, 0x72, 0x28, 0x72, 0x28, 0x08, 0x23, 0x08, 0x23, 0x59, 0x65, 0x59, 0x65, 
    0x08, 0x23, 0x08, 0x23, 0xd4, 0xee, 0xd4, 0xee, 0xd4, 0xee, 0x08, 0x23, 0x08, 0x23, 0x59, 0x65, 
    0x59, 0x65, 0x08, 0x23, 0x07, 0xe0, 0x08, 0x23, 0x08, 0x23, 0xd4, 0xee, 0x08, 0x23, 0xf6, 0x53, 
    0xf6, 0x53, 0xf6, 0x53, 0x08, 0x23, 0xd4, 0xee, 0x08, 0x23, 0x08, 0x23, 0x07, 0xe0, 0x07, 0xe0, 
    0x08, 0x23, 0xd4, 0xee, 0xd4, 0xee, 0x08, 0x23, 0xf6, 0x53, 0xf6, 0x53, 0xf6, 0x53, 0x08, 0x23, 
    0xd4, 0xee, 0xd4, 0xee, 0x08, 0x23, 0x07, 0xe0, 0x07, 0xe0, 0x07, 0xe0, 0x08, 0x23, 0xf6, 0x53, 
    0xf6, 0x53, 0xf6, 0x53, 0xf6, 0x53, 0xf6, 0x53, 0xf6, 0x53, 0xf6, 0x53, 0x08, 0x23, 0x07, 0xe0, 
    0x07, 0xe0, 0x07, 0xe0, 0x07, 0xe0, 0x08, 0x23, 0x12, 0x69, 0xf6, 0x53, 0xf6, 0x53, 0xf6, 0x53, 
    0xf6, 0x53, 0xf6, 0x53, 0x12, 0x69, 0x08, 0x23, 0x07, 0xe0, 0x07, 0xe0, 0x07, 0xe0, 0x07, 0xe0, 
    0x08, 0x23, 0x12, 0x69, 0x1b, 0x6a, 0x34, 0xc9, 0x34, 0xc9, 0x1b, 0x6a, 0x1b, 0x6a, 0x12, 0x69, 
    0x08, 0x23, 0x07, 0xe0, 0x07, 0xe0, 0x07, 0xe0, 0x07, 0xe0, 0x08, 0x23, 0x12, 0x69, 0x1b, 0x6a, 
    0x34, 0xc9, 0x34, 0xc9, 0x34, 0xc9, 0x1b, 0x6a, 0x12, 0x69, 0x08, 0x23, 0x07, 0xe0, 0x07, 0xe0, 
    0x07, 0xe0, 0x08, 0x23, 0xf6, 0x53, 0xf6, 0x53, 0x1b, 0x6a, 0x1b, 0x6a, 0x34, 0xc9, 0x34, 0xc9, 
    0x1b, 0x6a, 0xf6, 0x53, 0xf6, 0x53, 0x08, 0x23, 0x07, 0xe0, 0x07, 0xe0, 0x08, 0x23, 0xf6, 0x53, 
    0xf6, 0x53, 0x04, 0xdb, 0x04, 0xdb, 0x03, 0x55, 0x04, 0xdb, 0x04, 0xdb, 0xf6, 0x53, 0xf6, 0x53, 
    0x08, 0x23, 0x07, 0xe0, 0x07, 0xe0, 0x07, 0xe0, 0x08, 0x23, 0x04, 0xdb, 0x04, 0xdb, 0x03, 0x55, 
    0x08, 0x23, 0x03, 0x55, 0x04, 0xdb, 0x04, 0xdb, 0x08, 0x23, 0x07, 0xe0, 0x07, 0xe0, 0x07, 0xe0, 
    0x07, 0xe0, 0x08, 0x23, 0x59, 0x65, 0x59, 0x65, 0x08, 0x23, 0x07, 0xe0, 0x08, 0x23, 0x59, 0x65, 
    0x59, 0x65, 0x08, 0x23, 0x07, 0xe0, 0x07, 0xe0, 
};

hagl_bitmap_t playerIdleS2 = {
    .width = 13,
    .height = 20,
    .depth = 16, // RGB565 is 16-bit
    .buffer = playerIdleS2buf,
};

// Image: playerIdleS3.png (13x20)
static unsigned char playerIdleS3buf[] = {
    0x07, 0xe0, 0x07, 0xe0, 0x07, 0xe0, 0x07, 0xe0, 0x07, 0xe0, 0x07, 0xe0, 0x07, 0xe0, 0x07, 0xe0, 
    0x07, 0xe0, 0x07, 0xe0, 0x07, 0xe0, 0x07, 0xe0, 0x07, 0xe0, 0x07, 0xe0, 0x07, 0xe0, 0x07, 0xe0, 
    0x07, 0xe0, 0x07, 0xe0, 0x07, 0xe0, 0x07, 0xe0, 0x07, 0xe0, 0x07, 0xe0, 0x07, 0xe0, 0x07, 0xe0, 
    0x07, 0xe0, 0x07, 0xe0, 0x07, 0xe0, 0x07, 0xe0, 0x07, 0xe0, 0x07, 0xe0, 0x07, 0xe0, 0x07, 0xe0, 
    0x07, 0xe0, 0x07, 0xe0, 0x07, 0xe0, 0x07, 0xe0, 0x07, 0xe0, 0x07, 0xe0, 0x07, 0xe0, 0x07, 0xe0, 
    0x07, 0xe0, 0x07, 0xe0, 0x08, 0x23, 0x08, 0x23, 0x08, 0x23, 0x08, 0x23, 0x08, 0x23, 0x08, 0x23, 
    0x08, 0x23, 0x07, 0xe0, 0x07, 0xe0, 0x07, 0xe0, 0x07, 0xe0, 0x07, 0xe0, 0x08, 0x23, 0x59, 0x65, 
    0x72, 0x28, 0x72, 0x28, 0x59, 0x65, 0x72, 0x28, 0x72, 0x28, 0x59, 0x65, 0x08, 0x23, 0x07, 0xe0, 
    0x07, 0xe0, 0x07, 0xe0, 0x08, 0x23, 0x59, 0x65, 0x72, 0x28, 0x72, 0x28, 0x72, 0x28, 0x72, 0x28, 
    0x72, 0x28, 0x72, 0x28, 0x72, 0x28, 0x59, 0x65, 0x08, 0x23, 0x07, 0xe0, 0x07, 0xe0, 0x08, 0x23, 
    0x72, 0x28, 0x72, 0x28, 0x72, 0x28, 0x72, 0x28, 0x59, 0x65, 0x72, 0x28, 0x72, 0x28, 0x72, 0x28, 
    0x72, 0x28, 0x08, 0x23, 0x07, 0xe0, 0x08, 0x23, 0x59, 0x65, 0x72, 0x28, 0x72, 0x28, 0x72, 0x28, 
    0x59, 0x65, 0x59, 0x65, 0x59, 0x65, 0x72, 0x28, 0x72, 0x28, 0x72, 0x28, 0x59, 0x65, 0x08, 0x23, 
    0x08, 0x23, 0x72, 0x28, 0x72, 0x28, 0x72, 0x28, 0x59, 0x65, 0x59, 0x65, 0x08, 0x23, 0x59, 0x65, 
    0x72, 0x28, 0x72, 0x28, 0x72, 0x28, 0x72, 0x28, 0x08, 0x23, 0x08, 0x23, 0x72, 0x28, 0x72, 0x28, 
    0x72, 0x28, 0x59, 0x65, 0x08, 0x23, 0xd4, 0xee, 0x08, 0x23, 0x59, 0x65, 0x72, 0x28, 0x72, 0x28, 
    0x72, 0x28, 0x08, 0x23, 0x08, 0x23, 0x59, 0x65, 0x59, 0x65, 0x08, 0x23, 0x08, 0x23, 0xd4, 0xee, 
    0xd4, 0xee, 0xd4, 0xee, 0x08, 0x23, 0x08, 0x23, 0x59, 0x65, 0x59, 0x65, 0x08, 0x23, 0x07, 0xe0, 
    0x08, 0x23, 0x08, 0x23, 0xd4, 0xee, 0x08, 0x23, 0xf6, 0x53, 0xf6, 0x53, 0xf6, 0x53, 0x08, 0x23, 
    0xd4, 0xee, 0x08, 0x23, 0x08, 0x23, 0x07, 0xe0, 0x07, 0xe0, 0x08, 0x23, 0xd4, 0xee, 0xd4, 0xee, 
    0x08, 0x23, 0xf6, 0x53, 0xf6, 0x53, 0xf6, 0x53, 0x08, 0x23, 0xd4, 0xee, 0xd4, 0xee, 0x08, 0x23, 
    0x07, 0xe0, 0x07, 0xe0, 0x07, 0xe0, 0x08, 0x23, 0xf6, 0x53, 0xf6, 0x53, 0xf6, 0x53, 0xf6, 0x53, 
    0xf6, 0x53, 0xf6, 0x53, 0xf6, 0x53, 0x08, 0x23, 0x07, 0xe0, 0x07, 0xe0, 0x07, 0xe0, 0x07, 0xe0, 
    0x08, 0x23, 0x12, 0x69, 0xf6, 0x53, 0xf6, 0x53, 0xf6, 0x53, 0xf6, 0x53, 0xf6, 0x53, 0x12, 0x69, 
    0x08, 0x23, 0x07, 0xe0, 0x07, 0xe0, 0x07, 0xe0, 0x08, 0x23, 0x08, 0x23, 0x12, 0x69, 0x1b, 0x6a, 
    0x34, 0xc9, 0x34, 0xc9, 0x34, 0xc9, 0x1b, 0x6a, 0x12, 0x69, 0x08, 0x23, 0x08, 0x23, 0x07, 0xe0, 
    0x08, 0x23, 0xf6, 0x53, 0xf6, 0x53, 0x12, 0x69, 0x1b, 0x6a, 0x1b, 0x6a, 0x34, 0xc9, 0x34, 0xc9, 
    0x1b, 0x6a, 0x12, 0x69, 0xf6, 0x53, 0xf6, 0x53, 0x08, 0x23, 0x08, 0x23, 0xf6, 0x53, 0xf6, 0x53, 
    0x04, 0xdb, 0x04, 0xdb, 0x04, 0xdb, 0x03, 0x55, 0x04, 0xdb, 0x04, 0xdb, 0x04, 0xdb, 0xf6, 0x53, 
    0xf6, 0x53, 0x08, 0x23, 0x07, 0xe0, 0x08, 0x23, 0x08, 0x23, 0x04, 0xdb, 0x04, 0xdb, 0x03, 0x55, 
    0x08, 0x23, 0x03, 0x55, 0x04, 0xdb, 0x04, 0xdb, 0x08, 0x23, 0x08, 0x23, 0x07, 0xe0, 0x07, 0xe0, 
    0x07, 0xe0, 0x08, 0x23, 0x59, 0x65, 0x59, 0x65, 0x08, 0x23, 0x07, 0xe0, 0x08, 0x23, 0x59, 0x65, 
    0x59, 0x65, 0x08, 0x23, 0x07, 0xe0, 0x07, 0xe0, 
};

hagl_bitmap_t playerIdleS3 = {
    .width = 13,
    .height = 20,
    .depth = 16, // RGB565 is 16-bit
    .buffer = playerIdleS3buf,
};

// Image: playerIdleW1.png (13x20)
static unsigned char playerIdleW1buf[] = {
    0x07, 0xe0, 0x07, 0xe0, 0x07, 0xe0, 0x07, 0xe0, 0x07, 0xe0, 0x07, 0xe0, 0x07, 0xe0, 0x07, 0xe0, 
    0x07, 0xe0, 0x07, 0xe0, 0x07, 0xe0, 0x07, 0xe0, 0x07, 0xe0, 0x07, 0xe0, 0x07, 0xe0, 0x07, 0xe0, 
    0x07, 0xe0, 0x07, 0xe0, 0x07, 0xe0, 0x07, 0xe0, 0x07, 0xe0, 0x07, 0xe0, 0x07, 0xe0, 0x07, 0xe0, 
    0x07, 0xe0, 0x07, 0xe0, 0x07, 0xe0, 0x07, 0xe0, 0x07, 0xe0, 0x08, 0x23, 0x08, 0x23, 0x08, 0x23, 
    0x08, 0x23, 0x08, 0x23, 0x08, 0x23, 0x08, 0x23, 0x07, 0xe0, 0x07, 0xe0, 0x07, 0xe0, 0x07, 0xe0, 
    0x07, 0xe0, 0x08, 0x23, 0x59, 0x65, 0x59, 0x65, 0x72, 0x28, 0x72, 0x28, 0x72, 0x28, 0x59, 0x65, 
    0x59, 0x65, 0x08, 0x23, 0x07, 0xe0, 0x07, 0xe0, 0x07, 0xe0, 0x08, 0x23, 0x59, 0x65, 0x72, 0x28, 
    0x72, 0x28, 0x72, 0x28, 0x72, 0x28, 0x72, 0x28, 0x72, 0x28, 0x72, 0x28, 0x59, 0x65, 0x08, 0x23, 
    0x07, 0xe0, 0x07, 0xe0, 0x08, 0x23, 0x72, 0x28, 0x72, 0x28, 0x72, 0x28, 0x72, 0x28, 0x72, 0x28, 
    0x72, 0x28, 0x72, 0x28, 0x72, 0x28, 0x72, 0x28, 0x08, 0x23, 0x07, 0xe0, 0x08, 0x23, 0x72, 0x28, 
    0x72, 0x28, 0x72, 0x28, 0x72, 0x28, 0x72, 0x28, 0x72, 0x28, 0x72, 0x28, 0x72, 0x28, 0x72, 0x28, 
    0x72, 0x28, 0x72, 0x28, 0x08, 0x23, 0x08, 0x23, 0x72, 0x28, 0x72, 0x28, 0x72, 0x28, 0x72, 0x28, 
    0x72, 0x28, 0x72, 0x28, 0x72, 0x28, 0x72, 0x28, 0x72, 0x28, 0x72, 0x28, 0x72, 0x28, 0x08, 0x23, 
    0x08, 0x23, 0x59, 0x65, 0x72, 0x28, 0x72, 0x28, 0x72, 0x28, 0x72, 0x28, 0x72, 0x28, 0x72, 0x28, 
    0x72, 0x28, 0x72, 0x28, 0x72, 0x28, 0x59, 0x65, 0x08, 0x23, 0x08, 0x23, 0x59, 0x65, 0x59, 0x65, 
    0x59, 0x65, 0x72, 0x28, 0x72, 0x28, 0x72, 0x28, 0x72, 0x28, 0x72, 0x28, 0x59, 0x65, 0x59, 0x65, 
    0x59, 0x65, 0x08, 0x23, 0x07, 0xe0, 0x08, 0x23, 0x59, 0x65, 0x59, 0x65, 0x59, 0x65, 0x59, 0x65, 
    0x59, 0x65, 0x59, 0x65, 0x59, 0x65, 0x59, 0x65, 0x59, 0x65, 0x08, 0x23, 0x07, 0xe0, 0x07, 0xe0, 
    0x08, 0x23, 0x59, 0x65, 0x59, 0x65, 0x59, 0x65, 0x59, 0x65, 0x59, 0x65, 0x59, 0x65, 0x59, 0x65, 
    0x59, 0x65, 0x59, 0x65, 0x08, 0x23, 0x07, 0xe0, 0x07, 0xe0, 0x07, 0xe0, 0x08, 0x23, 0x08, 0x23, 
    0x59, 0x65, 0x59, 0x65, 0x59, 0x65, 0x59, 0x65, 0x59, 0x65, 0x08, 0x23, 0x08, 0x23, 0x07, 0xe0, 
    0x07, 0xe0, 0x07, 0xe0, 0x07, 0xe0, 0x08, 0x23, 0x12, 0x69, 0x08, 0x23, 0x08, 0x23, 0x08, 0x23, 
    0x08, 0x23, 0x08, 0x23, 0x12, 0x69, 0x08, 0x23, 0x07, 0xe0, 0x07, 0xe0, 0x07, 0xe0, 0x07, 0xe0, 
    0x08, 0x23, 0x12, 0x69, 0x1b, 0x6a, 0x34, 0xc9, 0x34, 0xc9, 0x1b, 0x6a, 0x1b, 0x6a, 0x12, 0x69, 
    0x08, 0x23, 0x07, 0xe0, 0x07, 0xe0, 0x07, 0xe0, 0x08, 0x23, 0xd4, 0xee, 0x12, 0x69, 0x1b, 0x6a, 
    0x34, 0xc9, 0x34, 0xc9, 0x34, 0xc9, 0x1b, 0x6a, 0x12, 0x69, 0xd4, 0xee, 0x08, 0x23, 0x07, 0xe0, 
    0x07, 0xe0, 0x08, 0x23, 0xd4, 0xee, 0x12, 0x69, 0x1b, 0x6a, 0x1b, 0x6a, 0x34, 0xc9, 0x34, 0xc9, 
    0x1b, 0x6a, 0x12, 0x69, 0xd4, 0xee, 0x08, 0x23, 0x07, 0xe0, 0x07, 0xe0, 0x07, 0xe0, 0x08, 0x23, 
    0x04, 0xdb, 0x03, 0x55, 0x03, 0x55, 0x03, 0x55, 0x03, 0x55, 0x03, 0x55, 0x03, 0x55, 0x08, 0x23, 
    0x07, 0xe0, 0x07, 0xe0, 0x07, 0xe0, 0x07, 0xe0, 0x08, 0x23, 0x04, 0xdb, 0x03, 0x55, 0x03, 0x55, 
    0x08, 0x23, 0x03, 0x55, 0x03, 0x55, 0x03, 0x55, 0x08, 0x23, 0x07, 0xe0, 0x07, 0xe0, 0x07, 0xe0, 
    0x07, 0xe0, 0x08, 0x23, 0x59, 0x65, 0x59, 0x65, 0x08, 0x23, 0x07, 0xe0, 0x08, 0x23, 0x59, 0x65, 
    0x59, 0x65, 0x08, 0x23, 0x07, 0xe0, 0x07, 0xe0, 
};

hagl_bitmap_t playerIdleW1 = {
    .width = 13,
    .height = 20,
    .depth = 16, // RGB565 is 16-bit
    .buffer = playerIdleW1buf,
};

// Image: playerIdleW2.png (13x20)
static unsigned char playerIdleW2buf[] = {
    0x07, 0xe0, 0x07, 0xe0, 0x07, 0xe0, 0x07, 0xe0, 0x07, 0xe0, 0x07, 0xe0, 0x07, 0xe0, 0x07, 0xe0, 
    0x07, 0xe0, 0x07, 0xe0, 0x07, 0xe0, 0x07, 0xe0, 0x07, 0xe0, 0x07, 0xe0, 0x07, 0xe0, 0x07, 0xe0, 
    0x07, 0xe0, 0x07, 0xe0, 0x07, 0xe0, 0x07, 0xe0, 0x07, 0xe0, 0x07, 0xe0, 0x07, 0xe0, 0x07, 0xe0, 
    0x07, 0xe0, 0x07, 0xe0, 0x07, 0xe0, 0x07, 0xe0, 0x07, 0xe0, 0x08, 0x23, 0x08, 0x23, 0x08, 0x23, 
    0x08, 0x23, 0x08, 0x23, 0x08, 0x23, 0x08, 0x23, 0x07, 0xe0, 0x07, 0xe0, 0x07, 0xe0, 0x07, 0xe0, 
    0x07, 0xe0, 0x08, 0x23, 0x59, 0x65, 0x59, 0x65, 0x72, 0x28, 0x72, 0x28, 0x72, 0x28, 0x59, 0x65, 
    0x59, 0x65, 0x08, 0x23, 0x07, 0xe0, 0x07, 0xe0, 0x07, 0xe0, 0x08, 0x23, 0x59, 0x65, 0x72, 0x28, 
    0x72, 0x28, 0x72, 0x28, 0x72, 0x28, 0x72, 0x28, 0x72, 0x28, 0x72, 0x28, 0x59, 0x65, 0x08, 0x23, 
    0x07, 0xe0, 0x07, 0xe0, 0x08, 0x23, 0x72, 0x28, 0x72, 0x28, 0x72, 0x28, 0x72, 0x28, 0x72, 0x28, 
    0x72, 0x28, 0x72, 0x28, 0x72, 0x28, 0x72, 0x28, 0x08, 0x23, 0x07, 0xe0, 0x08, 0x23, 0x72, 0x28, 
    0x72, 0x28, 0x72, 0x28, 0x72, 0x28, 0x72, 0x28, 0x72, 0x28, 0x72, 0x28, 0x72, 0x28, 0x72, 0x28, 
    0x72, 0x28, 0x72, 0x28, 0x08, 0x23, 0x08, 0x23, 0x72, 0x28, 0x72, 0x28, 0x72, 0x28, 0x72, 0x28, 
    0x72, 0x28, 0x72, 0x28, 0x72, 0x28, 0x72, 0x28, 0x72, 0x28, 0x72, 0x28, 0x72, 0x28, 0x08, 0x23, 
    0x08, 0x23, 0x59, 0x65, 0x72, 0x28, 0x72, 0x28, 0x72, 0x28, 0x72, 0x28, 0x72, 0x28, 0x72, 0x28, 
    0x72, 0x28, 0x72, 0x28, 0x72, 0x28, 0x59, 0x65, 0x08, 0x23, 0x08, 0x23, 0x59, 0x65, 0x59, 0x65, 
    0x59, 0x65, 0x72, 0x28, 0x72, 0x28, 0x72, 0x28, 0x72, 0x28, 0x72, 0x28, 0x59, 0x65, 0x59, 0x65, 
    0x59, 0x65, 0x08, 0x23, 0x07, 0xe0, 0x08, 0x23, 0x59, 0x65, 0x59, 0x65, 0x59, 0x65, 0x59, 0x65, 
    0x59, 0x65, 0x59, 0x65, 0x59, 0x65, 0x59, 0x65, 0x59, 0x65, 0x08, 0x23, 0x07, 0xe0, 0x07, 0xe0, 
    0x08, 0x23, 0x59, 0x65, 0x59, 0x65, 0x59, 0x65, 0x59, 0x65, 0x59, 0x65, 0x59, 0x65, 0x59, 0x65, 
    0x59, 0x65, 0x59, 0x65, 0x08, 0x23, 0x07, 0xe0, 0x07, 0xe0, 0x07, 0xe0, 0x08, 0x23, 0x08, 0x23, 
    0x59, 0x65, 0x59, 0x65, 0x59, 0x65, 0x59, 0x65, 0x59, 0x65, 0x08, 0x23, 0x08, 0x23, 0x07, 0xe0, 
    0x07, 0xe0, 0x07, 0xe0, 0x07, 0xe0, 0x08, 0x23, 0x12, 0x69, 0x08, 0x23, 0x08, 0x23, 0x08, 0x23, 
    0x08, 0x23, 0x08, 0x23, 0x12, 0x69, 0x08, 0x23, 0x07, 0xe0, 0x07, 0xe0, 0x07, 0xe0, 0x07, 0xe0, 
    0x08, 0x23, 0x12, 0x69, 0x1b, 0x6a, 0x34, 0xc9, 0x34, 0xc9, 0x1b, 0x6a, 0x1b, 0x6a, 0x12, 0x69, 
    0x08, 0x23, 0x07, 0xe0, 0x07, 0xe0, 0x07, 0xe0, 0x07, 0xe0, 0x08, 0x23, 0x12, 0x69, 0x1b, 0x6a, 
    0x34, 0xc9, 0x34, 0xc9, 0x34, 0xc9, 0x1b, 0x6a, 0x12, 0x69, 0x08, 0x23, 0x07, 0xe0, 0x07, 0xe0, 
    0x07, 0xe0, 0x08, 0x23, 0xd4, 0xee, 0x12, 0x69, 0x1b, 0x6a, 0x1b, 0x6a, 0x34, 0xc9, 0x34, 0xc9, 
    0x1b, 0x6a, 0x12, 0x69, 0xd4, 0xee, 0x08, 0x23, 0x07, 0xe0, 0x07, 0xe0, 0x08, 0x23, 0xd4, 0xee, 
    0x04, 0xdb, 0x03, 0x55, 0x03, 0x55, 0x03, 0x55, 0x03, 0x55, 0x03, 0x55, 0x03, 0x55, 0xd4, 0xee, 
    0x08, 0x23, 0x07, 0xe0, 0x07, 0xe0, 0x07, 0xe0, 0x08, 0x23, 0x04, 0xdb, 0x03, 0x55, 0x03, 0x55, 
    0x08, 0x23, 0x03, 0x55, 0x03, 0x55, 0x03, 0x55, 0x08, 0x23, 0x07, 0xe0, 0x07, 0xe0, 0x07, 0xe0, 
    0x07, 0xe0, 0x08, 0x23, 0x59, 0x65, 0x59, 0x65, 0x08, 0x23, 0x07, 0xe0, 0x08, 0x23, 0x59, 0x65, 
    0x59, 0x65, 0x08, 0x23, 0x07, 0xe0, 0x07, 0xe0, 
};

hagl_bitmap_t playerIdleW2 = {
    .width = 13,
    .height = 20,
    .depth = 16, // RGB565 is 16-bit
    .buffer = playerIdleW2buf,
};

// Image: playerIdleW3.png (13x20)
static unsigned char playerIdleW3buf[] = {
    0x07, 0xe0, 0x07, 0xe0, 0x07, 0xe0, 0x07, 0xe0, 0x07, 0xe0, 0x07, 0xe0, 0x07, 0xe0, 0x07, 0xe0, 
    0x07, 0xe0, 0x07, 0xe0, 0x07, 0xe0, 0x07, 0xe0, 0x07, 0xe0, 0x07, 0xe0, 0x07, 0xe0, 0x07, 0xe0, 
    0x07, 0xe0, 0x07, 0xe0, 0x07, 0xe0, 0x07, 0xe0, 0x07, 0xe0, 0x07, 0xe0, 0x07, 0xe0, 0x07, 0xe0, 
    0x07, 0xe0, 0x07, 0xe0, 0x07, 0xe0, 0x07, 0xe0, 0x07, 0xe0, 0x07, 0xe0, 0x07, 0xe0, 0x07, 0xe0, 
    0x07, 0xe0, 0x07, 0xe0, 0x07, 0xe0, 0x07, 0xe0, 0x07, 0xe0, 0x07, 0xe0, 0x07, 0xe0, 0x07, 0xe0, 
    0x07, 0xe0, 0x07, 0xe0, 0x08, 0x23, 0x08, 0x23, 0x08, 0x23, 0x08, 0x23, 0x08, 0x23, 0x08, 0x23, 
    0x08, 0x23, 0x07, 0xe0, 0x07, 0xe0, 0x07, 0xe0, 0x07, 0xe0, 0x07, 0xe0, 0x08, 0x23, 0x59, 0x65, 
    0x59, 0x65, 0x72, 0x28, 0x72, 0x28, 0x72, 0x28, 0x59, 0x65, 0x59, 0x65, 0x08, 0x23, 0x07, 0xe0, 
    0x07, 0xe0, 0x07, 0xe0, 0x08, 0x23, 0x59, 0x65, 0x72, 0x28, 0x72, 0x28, 0x72, 0x28, 0x72, 0x28, 
    0x72, 0x28, 0x72, 0x28, 0x72, 0x28, 0x59, 0x65, 0x08, 0x23, 0x07, 0xe0, 0x07, 0xe0, 0x08, 0x23, 
    0x72, 0x28, 0x72, 0x28, 0x72, 0x28, 0x72, 0x28, 0x72, 0x28, 0x72, 0x28, 0x72, 0x28, 0x72, 0x28, 
    0x72, 0x28, 0x08, 0x23, 0x07, 0xe0, 0x08, 0x23, 0x72, 0x28, 0x72, 0x28, 0x72, 0x28, 0x72, 0x28, 
    0x72, 0x28, 0x72, 0x28, 0x72, 0x28, 0x72, 0x28, 0x72, 0x28, 0x72, 0x28, 0x72, 0x28, 0x08, 0x23, 
    0x08, 0x23, 0x72, 0x28, 0x72, 0x28, 0x72, 0x28, 0x72, 0x28, 0x72, 0x28, 0x72, 0x28, 0x72, 0x28, 
    0x72, 0x28, 0x72, 0x28, 0x72, 0x28, 0x72, 0x28, 0x08, 0x23, 0x08, 0x23, 0x59, 0x65, 0x72, 0x28, 
    0x72, 0x28, 0x72, 0x28, 0x72, 0x28, 0x72, 0x28, 0x72, 0x28, 0x72, 0x28, 0x72, 0x28, 0x72, 0x28, 
    0x59, 0x65, 0x08, 0x23, 0x08, 0x23, 0x59, 0x65, 0x59, 0x65, 0x59, 0x65, 0x72, 0x28, 0x72, 0x28, 
    0x72, 0x28, 0x72, 0x28, 0x72, 0x28, 0x59, 0x65, 0x59, 0x65, 0x59, 0x65, 0x08, 0x23, 0x07, 0xe0, 
    0x08, 0x23, 0x59, 0x65, 0x59, 0x65, 0x59, 0x65, 0x59, 0x65, 0x59, 0x65, 0x59, 0x65, 0x59, 0x65, 
    0x59, 0x65, 0x59, 0x65, 0x08, 0x23, 0x07, 0xe0, 0x07, 0xe0, 0x08, 0x23, 0x59, 0x65, 0x59, 0x65, 
    0x59, 0x65, 0x59, 0x65, 0x59, 0x65, 0x59, 0x65, 0x59, 0x65, 0x59, 0x65, 0x59, 0x65, 0x08, 0x23, 
    0x07, 0xe0, 0x07, 0xe0, 0x07, 0xe0, 0x08, 0x23, 0x08, 0x23, 0x59, 0x65, 0x59, 0x65, 0x59, 0x65, 
    0x59, 0x65, 0x59, 0x65, 0x08, 0x23, 0x08, 0x23, 0x07, 0xe0, 0x07, 0xe0, 0x07, 0xe0, 0x08, 0x23, 
    0x08, 0x23, 0x12, 0x69, 0x08, 0x23, 0x08, 0x23, 0x08, 0x23, 0x08, 0x23, 0x08, 0x23, 0x12, 0x69, 
    0x08, 0x23, 0x08, 0x23, 0x07, 0xe0, 0x08, 0x23, 0xd4, 0xee, 0xd4, 0xee, 0x12, 0x69, 0x1b, 0x6a, 
    0x34, 0xc9, 0x34, 0xc9, 0x34, 0xc9, 0x1b, 0x6a, 0x12, 0x69, 0xd4, 0xee, 0xd4, 0xee, 0x08, 0x23, 
    0x08, 0x23, 0xd4, 0xee, 0xd4, 0xee, 0x12, 0x69, 0x1b, 0x6a, 0x1b, 0x6a, 0x34, 0xc9, 0x34, 0xc9, 
    0x1b, 0x6a, 0x12, 0x69, 0xd4, 0xee, 0xd4, 0xee, 0x08, 0x23, 0x07, 0xe0, 0x08, 0x23, 0x08, 0x23, 
    0x04, 0xdb, 0x03, 0x55, 0x03, 0x55, 0x03, 0x55, 0x03, 0x55, 0x03, 0x55, 0x03, 0x55, 0x08, 0x23, 
    0x08, 0x23, 0x07, 0xe0, 0x07, 0xe0, 0x07, 0xe0, 0x08, 0x23, 0x04, 0xdb, 0x03, 0x55, 0x03, 0x55, 
    0x08, 0x23, 0x03, 0x55, 0x03, 0x55, 0x03, 0x55, 0x08, 0x23, 0x07, 0xe0, 0x07, 0xe0, 0x07, 0xe0, 
    0x07, 0xe0, 0x08, 0x23, 0x59, 0x65, 0x59, 0x65, 0x08, 0x23, 0x07, 0xe0, 0x08, 0x23, 0x59, 0x65, 
    0x59, 0x65, 0x08, 0x23, 0x07, 0xe0, 0x07, 0xe0, 
};

hagl_bitmap_t playerIdleW3 = {
    .width = 13,
    .height = 20,
    .depth = 16, // RGB565 is 16-bit
    .buffer = playerIdleW3buf,
};

// Image: playerWalkA1.png (13x20)
static unsigned char playerWalkA1buf[] = {
    0x07, 0xe0, 0x07, 0xe0, 0x07, 0xe0, 0x08, 0x23, 0x08, 0x23, 0x08, 0x23, 0x08, 0x23, 0x08, 0x23, 
    0x08, 0x23, 0x08, 0x23, 0x07, 0xe0, 0x07, 0xe0, 0x07, 0xe0, 0x07, 0xe0, 0x07, 0xe0, 0x08, 0x23, 
    0x59, 0x65, 0x72, 0x28, 0x72, 0x28, 0x72, 0x28, 0x72, 0x28, 0x59, 0x65, 0x59, 0x65, 0x08, 0x23, 
    0x07, 0xe0, 0x07, 0xe0, 0x07, 0xe0, 0x08, 0x23, 0x59, 0x65, 0x72, 0x28, 0x72, 0x28, 0x72, 0x28, 
    0x72, 0x28, 0x72, 0x28, 0x72, 0x28, 0x72, 0x28, 0x72, 0x28, 0x08, 0x23, 0x07, 0xe0, 0x07, 0xe0, 
    0x08, 0x23, 0x72, 0x28, 0x72, 0x28, 0x72, 0x28, 0x72, 0x28, 0x72, 0x28, 0x72, 0x28, 0x72, 0x28, 
    0x72, 0x28, 0x72, 0x28, 0x72, 0x28, 0x08, 0x23, 0x08, 0x23, 0x59, 0x65, 0x72, 0x28, 0x72, 0x28, 
    0x72, 0x28, 0x72, 0x28, 0x72, 0x28, 0x72, 0x28, 0x72, 0x28, 0x72, 0x28, 0x72, 0x28, 0x72, 0x28, 
    0x08, 0x23, 0x08, 0x23, 0x59, 0x65, 0x72, 0x28, 0x59, 0x65, 0x08, 0x23, 0x08, 0x23, 0x59, 0x65, 
    0x72, 0x28, 0x72, 0x28, 0x59, 0x65, 0x72, 0x28, 0x72, 0x28, 0x08, 0x23, 0x08, 0x23, 0x59, 0x65, 
    0x08, 0x23, 0x08, 0x23, 0xd4, 0xee, 0xd4, 0xee, 0x08, 0x23, 0x59, 0x65, 0x72, 0x28, 0x59, 0x65, 
    0x59, 0x65, 0x59, 0x65, 0x08, 0x23, 0x07, 0xe0, 0x08, 0x23, 0x08, 0x23, 0xd4, 0xee, 0xf6, 0x53, 
    0xf6, 0x53, 0xd4, 0xee, 0x08, 0x23, 0x59, 0x65, 0x08, 0x23, 0x59, 0x65, 0x59, 0x65, 0x08, 0x23, 
    0x07, 0xe0, 0x07, 0xe0, 0x08, 0x23, 0x08, 0x23, 0xf6, 0x53, 0xf6, 0x53, 0x08, 0x23, 0xd4, 0xee, 
    0x08, 0x23, 0xd4, 0xee, 0x08, 0x23, 0x72, 0x28, 0x08, 0x23, 0x07, 0xe0, 0x07, 0xe0, 0x08, 0x23, 
    0x08, 0x23, 0xf6, 0x53, 0xf6, 0x53, 0x08, 0x23, 0xf6, 0x53, 0xd4, 0xee, 0xd4, 0xee, 0x08, 0x23, 
    0x72, 0x28, 0x08, 0x23, 0x07, 0xe0, 0x07, 0xe0, 0x08, 0x23, 0xd4, 0xee, 0xf6, 0x53, 0xf6, 0x53, 
    0xf6, 0x53, 0xf6, 0x53, 0xd4, 0xee, 0xd4, 0xee, 0xd4, 0xee, 0x08, 0x23, 0x07, 0xe0, 0x07, 0xe0, 
    0x07, 0xe0, 0x07, 0xe0, 0x08, 0x23, 0xd4, 0xee, 0xf6, 0x53, 0xf6, 0x53, 0xd4, 0xee, 0xd4, 0xee, 
    0xd4, 0xee, 0x08, 0x23, 0x07, 0xe0, 0x07, 0xe0, 0x07, 0xe0, 0x07, 0xe0, 0x07, 0xe0, 0x08, 0x23, 
    0x12, 0x69, 0x34, 0xc9, 0x34, 0xc9, 0x1b, 0x6a, 0x12, 0x69, 0x12, 0x69, 0x08, 0x23, 0x07, 0xe0, 
    0x07, 0xe0, 0x07, 0xe0, 0x07, 0xe0, 0x07, 0xe0, 0x08, 0x23, 0x12, 0x69, 0x34, 0xc9, 0x34, 0xc9, 
    0x12, 0x69, 0x12, 0x69, 0x08, 0x23, 0x07, 0xe0, 0x07, 0xe0, 0x07, 0xe0, 0x07, 0xe0, 0x07, 0xe0, 
    0x07, 0xe0, 0x08, 0x23, 0x04, 0xdb, 0x04, 0xdb, 0x04, 0xdb, 0xf6, 0x53, 0xf6, 0x53, 0x08, 0x23, 
    0x07, 0xe0, 0x07, 0xe0, 0x07, 0xe0, 0x07, 0xe0, 0x07, 0xe0, 0x08, 0x23, 0x59, 0x65, 0x59, 0x65, 
    0x04, 0xdb, 0x03, 0x55, 0xf6, 0x53, 0xf6, 0x53, 0x08, 0x23, 0x07, 0xe0, 0x07, 0xe0, 0x07, 0xe0, 
    0x07, 0xe0, 0x07, 0xe0, 0x08, 0x23, 0x59, 0x65, 0x59, 0x65, 0x59, 0x65, 0x08, 0x23, 0x03, 0x55, 
    0x04, 0xdb, 0x04, 0xdb, 0x08, 0x23, 0x07, 0xe0, 0x07, 0xe0, 0x07, 0xe0, 0x07, 0xe0, 0x07, 0xe0, 
    0x08, 0x23, 0x08, 0x23, 0x08, 0x23, 0x07, 0xe0, 0x08, 0x23, 0x03, 0x55, 0x04, 0xdb, 0x08, 0x23, 
    0x07, 0xe0, 0x07, 0xe0, 0x07, 0xe0, 0x07, 0xe0, 0x07, 0xe0, 0x07, 0xe0, 0x07, 0xe0, 0x07, 0xe0, 
    0x07, 0xe0, 0x08, 0x23, 0x03, 0x55, 0x59, 0x65, 0x59, 0x65, 0x08, 0x23, 0x07, 0xe0, 0x07, 0xe0, 
    0x07, 0xe0, 0x07, 0xe0, 0x07, 0xe0, 0x07, 0xe0, 0x07, 0xe0, 0x07, 0xe0, 0x07, 0xe0, 0x08, 0x23, 
    0x59, 0x65, 0x59, 0x65, 0x08, 0x23, 0x07, 0xe0, 
};

hagl_bitmap_t playerWalkA1 = {
    .width = 13,
    .height = 20,
    .depth = 16, // RGB565 is 16-bit
    .buffer = playerWalkA1buf,
};

// Image: playerWalkA2.png (13x20)
static unsigned char playerWalkA2buf[] = {
    0x07, 0xe0, 0x07, 0xe0, 0x07, 0xe0, 0x07, 0xe0, 0x07, 0xe0, 0x07, 0xe0, 0x07, 0xe0, 0x07, 0xe0, 
    0x07, 0xe0, 0x07, 0xe0, 0x07, 0xe0, 0x07, 0xe0, 0x07, 0xe0, 0x07, 0xe0, 0x07, 0xe0, 0x07, 0xe0, 
    0x08, 0x23, 0x08, 0x23, 0x08, 0x23, 0x08, 0x23, 0x08, 0x23, 0x08, 0x23, 0x08, 0x23, 0x07, 0xe0, 
    0x07, 0xe0, 0x07, 0xe0, 0x07, 0xe0, 0x07, 0xe0, 0x08, 0x23, 0x59, 0x65, 0x72, 0x28, 0x72, 0x28, 
    0x72, 0x28, 0x72, 0x28, 0x59, 0x65, 0x59, 0x65, 0x08, 0x23, 0x07, 0xe0, 0x07, 0xe0, 0x07, 0xe0, 
    0x08, 0x23, 0x59, 0x65, 0x72, 0x28, 0x72, 0x28, 0x72, 0x28, 0x72, 0x28, 0x72, 0x28, 0x72, 0x28, 
    0x72, 0x28, 0x72, 0x28, 0x08, 0x23, 0x07, 0xe0, 0x07, 0xe0, 0x08, 0x23, 0x72, 0x28, 0x72, 0x28, 
    0x72, 0x28, 0x72, 0x28, 0x72, 0x28, 0x72, 0x28, 0x72, 0x28, 0x72, 0x28, 0x72, 0x28, 0x72, 0x28, 
    0x08, 0x23, 0x08, 0x23, 0x59, 0x65, 0x72, 0x28, 0x72, 0x28, 0x72, 0x28, 0x72, 0x28, 0x72, 0x28, 
    0x72, 0x28, 0x72, 0x28, 0x72, 0x28, 0x72, 0x28, 0x72, 0x28, 0x08, 0x23, 0x08, 0x23, 0x59, 0x65, 
    0x72, 0x28, 0x59, 0x65, 0x08, 0x23, 0x08, 0x23, 0x59, 0x65, 0x72, 0x28, 0x72, 0x28, 0x59, 0x65, 
    0x72, 0x28, 0x72, 0x28, 0x08, 0x23, 0x08, 0x23, 0x59, 0x65, 0x08, 0x23, 0x08, 0x23, 0xd4, 0xee, 
    0xd4, 0xee, 0x08, 0x23, 0x59, 0x65, 0x72, 0x28, 0x59, 0x65, 0x59, 0x65, 0x59, 0x65, 0x08, 0x23, 
    0x07, 0xe0, 0x08, 0x23, 0x08, 0x23, 0xd4, 0xee, 0xf6, 0x53, 0xf6, 0x53, 0xd4, 0xee, 0x08, 0x23, 
    0x59, 0x65, 0x08, 0x23, 0x59, 0x65, 0x59, 0x65, 0x08, 0x23, 0x07, 0xe0, 0x07, 0xe0, 0x08, 0x23, 
    0x08, 0x23, 0xf6, 0x53, 0xf6, 0x53, 0x08, 0x23, 0xd4, 0xee, 0x08, 0x23, 0xd4, 0xee, 0x08, 0x23, 
    0x72, 0x28, 0x08, 0x23, 0x07, 0xe0, 0x07, 0xe0, 0x08, 0x23, 0x08, 0x23, 0xf6, 0x53, 0xf6, 0x53, 
    0x08, 0x23, 0xf6, 0x53, 0xd4, 0xee, 0xd4, 0xee, 0x08, 0x23, 0x72, 0x28, 0x08, 0x23, 0x07, 0xe0, 
    0x07, 0xe0, 0x08, 0x23, 0xd4, 0xee, 0xf6, 0x53, 0xf6, 0x53, 0xf6, 0x53, 0xf6, 0x53, 0xd4, 0xee, 
    0xd4, 0xee, 0xd4, 0xee, 0x08, 0x23, 0x07, 0xe0, 0x07, 0xe0, 0x07, 0xe0, 0x07, 0xe0, 0x08, 0x23, 
    0xd4, 0xee, 0xf6, 0x53, 0xf6, 0x53, 0xd4, 0xee, 0xd4, 0xee, 0xd4, 0xee, 0x08, 0x23, 0x07, 0xe0, 
    0x07, 0xe0, 0x07, 0xe0, 0x07, 0xe0, 0x07, 0xe0, 0x08, 0x23, 0x12, 0x69, 0x34, 0xc9, 0x34, 0xc9, 
    0x12, 0x69, 0x12, 0x69, 0x12, 0x69, 0x08, 0x23, 0x07, 0xe0, 0x07, 0xe0, 0x07, 0xe0, 0x07, 0xe0, 
    0x07, 0xe0, 0x08, 0x23, 0x12, 0x69, 0x34, 0xc9, 0xf6, 0x53, 0xf6, 0x53, 0x12, 0x69, 0x12, 0x69, 
    0x08, 0x23, 0x07, 0xe0, 0x07, 0xe0, 0x07, 0xe0, 0x07, 0xe0, 0x07, 0xe0, 0x08, 0x23, 0x03, 0x55, 
    0x04, 0xdb, 0xf6, 0x53, 0xf6, 0x53, 0x12, 0x69, 0x04, 0xdb, 0x08, 0x23, 0x07, 0xe0, 0x07, 0xe0, 
    0x07, 0xe0, 0x07, 0xe0, 0x07, 0xe0, 0x08, 0x23, 0x03, 0x55, 0x03, 0x55, 0x04, 0xdb, 0x04, 0xdb, 
    0x04, 0xdb, 0x59, 0x65, 0x59, 0x65, 0x08, 0x23, 0x07, 0xe0, 0x07, 0xe0, 0x07, 0xe0, 0x07, 0xe0, 
    0x08, 0x23, 0x03, 0x55, 0x03, 0x55, 0x03, 0x55, 0x08, 0x23, 0x08, 0x23, 0x59, 0x65, 0x59, 0x65, 
    0x08, 0x23, 0x07, 0xe0, 0x07, 0xe0, 0x07, 0xe0, 0x08, 0x23, 0x59, 0x65, 0x59, 0x65, 0x03, 0x55, 
    0x08, 0x23, 0x07, 0xe0, 0x07, 0xe0, 0x08, 0x23, 0x08, 0x23, 0x08, 0x23, 0x07, 0xe0, 0x07, 0xe0, 
    0x07, 0xe0, 0x08, 0x23, 0x59, 0x65, 0x59, 0x65, 0x08, 0x23, 0x07, 0xe0, 0x07, 0xe0, 0x07, 0xe0, 
    0x07, 0xe0, 0x07, 0xe0, 0x07, 0xe0, 0x07, 0xe0, 
};

hagl_bitmap_t playerWalkA2 = {
    .width = 13,
    .height = 20,
    .depth = 16, // RGB565 is 16-bit
    .buffer = playerWalkA2buf,
};

// Image: playerWalkA3.png (13x20)
static unsigned char playerWalkA3buf[] = {
    0x07, 0xe0, 0x07, 0xe0, 0x07, 0xe0, 0x07, 0xe0, 0x07, 0xe0, 0x07, 0xe0, 0x07, 0xe0, 0x07, 0xe0, 
    0x07, 0xe0, 0x07, 0xe0, 0x07, 0xe0, 0x07, 0xe0, 0x07, 0xe0, 0x07, 0xe0, 0x07, 0xe0, 0x07, 0xe0, 
    0x07, 0xe0, 0x07, 0xe0, 0x07, 0xe0, 0x07, 0xe0, 0x07, 0xe0, 0x07, 0xe0, 0x07, 0xe0, 0x07, 0xe0, 
    0x07, 0xe0, 0x07, 0xe0, 0x07, 0xe0, 0x07, 0xe0, 0x07, 0xe0, 0x08, 0x23, 0x08, 0x23, 0x08, 0x23, 
    0x08, 0x23, 0x08, 0x23, 0x08, 0x23, 0x08, 0x23, 0x07, 0xe0, 0x07, 0xe0, 0x07, 0xe0, 0x07, 0xe0, 
    0x07, 0xe0, 0x08, 0x23, 0x59, 0x65, 0x72, 0x28, 0x72, 0x28, 0x72, 0x28, 0x72, 0x28, 0x59, 0x65, 
    0x59, 0x65, 0x08, 0x23, 0x07, 0xe0, 0x07, 0xe0, 0x07, 0xe0, 0x08, 0x23, 0x59, 0x65, 0x72, 0x28, 
    0x72, 0x28, 0x72, 0x28, 0x72, 0x28, 0x72, 0x28, 0x72, 0x28, 0x72, 0x28, 0x72, 0x28, 0x08, 0x23, 
    0x07, 0xe0, 0x07, 0xe0, 0x08, 0x23, 0x72, 0x28, 0x72, 0x28, 0x72, 0x28, 0x72, 0x28, 0x72, 0x28, 
    0x72, 0x28, 0x72, 0x28, 0x72, 0x28, 0x72, 0x28, 0x72, 0x28, 0x08, 0x23, 0x08, 0x23, 0x59, 0x65, 
    0x72, 0x28, 0x72, 0x28, 0x72, 0x28, 0x72, 0x28, 0x72, 0x28, 0x72, 0x28, 0x72, 0x28, 0x72, 0x28, 
    0x72, 0x28, 0x72, 0x28, 0x08, 0x23, 0x08, 0x23, 0x59, 0x65, 0x72, 0x28, 0x59, 0x65, 0x08, 0x23, 
    0x08, 0x23, 0x59, 0x65, 0x72, 0x28, 0x72, 0x28, 0x59, 0x65, 0x72, 0x28, 0x72, 0x28, 0x08, 0x23, 
    0x08, 0x23, 0x59, 0x65, 0x08, 0x23, 0x08, 0x23, 0xd4, 0xee, 0xd4, 0xee, 0x08, 0x23, 0x59, 0x65, 
    0x72, 0x28, 0x59, 0x65, 0x59, 0x65, 0x59, 0x65, 0x08, 0x23, 0x07, 0xe0, 0x08, 0x23, 0x08, 0x23, 
    0xd4, 0xee, 0xf6, 0x53, 0xf6, 0x53, 0xd4, 0xee, 0x08, 0x23, 0x59, 0x65, 0x08, 0x23, 0x59, 0x65, 
    0x59, 0x65, 0x08, 0x23, 0x07, 0xe0, 0x07, 0xe0, 0x08, 0x23, 0x08, 0x23, 0xf6, 0x53, 0xf6, 0x53, 
    0x08, 0x23, 0xd4, 0xee, 0x08, 0x23, 0xd4, 0xee, 0x08, 0x23, 0x72, 0x28, 0x08, 0x23, 0x07, 0xe0, 
    0x07, 0xe0, 0x08, 0x23, 0x08, 0x23, 0xf6, 0x53, 0xf6, 0x53, 0x08, 0x23, 0xf6, 0x53, 0xd4, 0xee, 
    0xd4, 0xee, 0x08, 0x23, 0x72, 0x28, 0x08, 0x23, 0x07, 0xe0, 0x07, 0xe0, 0x08, 0x23, 0xd4, 0xee, 
    0xf6, 0x53, 0xf6, 0x53, 0xf6, 0x53, 0xf6, 0x53, 0xd4, 0xee, 0xd4, 0xee, 0xd4, 0xee, 0x08, 0x23, 
    0x07, 0xe0, 0x07, 0xe0, 0x07, 0xe0, 0x07, 0xe0, 0x08, 0x23, 0xd4, 0xee, 0xf6, 0x53, 0xf6, 0x53, 
    0xd4, 0xee, 0xd4, 0xee, 0xd4, 0xee, 0x08, 0x23, 0x07, 0xe0, 0x07, 0xe0, 0x07, 0xe0, 0x07, 0xe0, 
    0x07, 0xe0, 0x08, 0x23, 0x12, 0x69, 0x34, 0xc9, 0x34, 0xc9, 0x1b, 0x6a, 0x12, 0x69, 0x12, 0x69, 
    0x08, 0x23, 0x07, 0xe0, 0x07, 0xe0, 0x07, 0xe0, 0x07, 0xe0, 0x07, 0xe0, 0x08, 0x23, 0x12, 0x69, 
    0x34, 0xc9, 0x34, 0xc9, 0x1b, 0x6a, 0x12, 0x69, 0x12, 0x69, 0x08, 0x23, 0x07, 0xe0, 0x07, 0xe0, 
    0x07, 0xe0, 0x07, 0xe0, 0x07, 0xe0, 0x08, 0x23, 0x03, 0x55, 0x04, 0xdb, 0x04, 0xdb, 0xf6, 0x53, 
    0xf6, 0x53, 0x12, 0x69, 0x08, 0x23, 0x07, 0xe0, 0x07, 0xe0, 0x07, 0xe0, 0x07, 0xe0, 0x07, 0xe0, 
    0x08, 0x23, 0x03, 0x55, 0x03, 0x55, 0x04, 0xdb, 0xf6, 0x53, 0xf6, 0x53, 0x04, 0xdb, 0x08, 0x23, 
    0x07, 0xe0, 0x07, 0xe0, 0x07, 0xe0, 0x07, 0xe0, 0x07, 0xe0, 0x08, 0x23, 0x03, 0x55, 0x03, 0x55, 
    0x03, 0x55, 0x59, 0x65, 0x59, 0x65, 0x08, 0x23, 0x07, 0xe0, 0x07, 0xe0, 0x07, 0xe0, 0x07, 0xe0, 
    0x07, 0xe0, 0x07, 0xe0, 0x08, 0x23, 0x59, 0x65, 0x59, 0x65, 0x08, 0x23, 0x08, 0x23, 0x08, 0x23, 
    0x08, 0x23, 0x07, 0xe0, 0x07, 0xe0, 0x07, 0xe0, 
};

hagl_bitmap_t playerWalkA3 = {
    .width = 13,
    .height = 20,
    .depth = 16, // RGB565 is 16-bit
    .buffer = playerWalkA3buf,
};

// Image: playerWalkA4.png (13x20)
static unsigned char playerWalkA4buf[] = {
    0x07, 0xe0, 0x07, 0xe0, 0x07, 0xe0, 0x08, 0x23, 0x08, 0x23, 0x08, 0x23, 0x08, 0x23, 0x08, 0x23, 
    0x08, 0x23, 0x08, 0x23, 0x07, 0xe0, 0x07, 0xe0, 0x07, 0xe0, 0x07, 0xe0, 0x07, 0xe0, 0x08, 0x23, 
    0x59, 0x65, 0x72, 0x28, 0x72, 0x28, 0x72, 0x28, 0x72, 0x28, 0x59, 0x65, 0x59, 0x65, 0x08, 0x23, 
    0x07, 0xe0, 0x07, 0xe0, 0x07, 0xe0, 0x08, 0x23, 0x59, 0x65, 0x72, 0x28, 0x72, 0x28, 0x72, 0x28, 
    0x72, 0x28, 0x72, 0x28, 0x72, 0x28, 0x72, 0x28, 0x72, 0x28, 0x08, 0x23, 0x07, 0xe0, 0x07, 0xe0, 
    0x08, 0x23, 0x72, 0x28, 0x72, 0x28, 0x72, 0x28, 0x72, 0x28, 0x72, 0x28, 0x72, 0x28, 0x72, 0x28, 
    0x72, 0x28, 0x72, 0x28, 0x72, 0x28, 0x08, 0x23, 0x08, 0x23, 0x59, 0x65, 0x72, 0x28, 0x72, 0x28, 
    0x72, 0x28, 0x72, 0x28, 0x72, 0x28, 0x72, 0x28, 0x72, 0x28, 0x72, 0x28, 0x72, 0x28, 0x72, 0x28, 
    0x08, 0x23, 0x08, 0x23, 0x59, 0x65, 0x72, 0x28, 0x59, 0x65, 0x08, 0x23, 0x08, 0x23, 0x59, 0x65, 
    0x72, 0x28, 0x72, 0x28, 0x59, 0x65, 0x72, 0x28, 0x72, 0x28, 0x08, 0x23, 0x08, 0x23, 0x59, 0x65, 
    0x08, 0x23, 0x08, 0x23, 0xd4, 0xee, 0xd4, 0xee, 0x08, 0x23, 0x59, 0x65, 0x72, 0x28, 0x59, 0x65, 
    0x59, 0x65, 0x59, 0x65, 0x08, 0x23, 0x07, 0xe0, 0x08, 0x23, 0x08, 0x23, 0xd4, 0xee, 0xf6, 0x53, 
    0xf6, 0x53, 0xd4, 0xee, 0x08, 0x23, 0x59, 0x65, 0x08, 0x23, 0x59, 0x65, 0x59, 0x65, 0x08, 0x23, 
    0x07, 0xe0, 0x07, 0xe0, 0x08, 0x23, 0x08, 0x23, 0xf6, 0x53, 0xf6, 0x53, 0x08, 0x23, 0xd4, 0xee, 
    0x08, 0x23, 0xd4, 0xee, 0x08, 0x23, 0x72, 0x28, 0x08, 0x23, 0x07, 0xe0, 0x07, 0xe0, 0x08, 0x23, 
    0x08, 0x23, 0xf6, 0x53, 0xf6, 0x53, 0x08, 0x23, 0xf6, 0x53, 0xd4, 0xee, 0xd4, 0xee, 0x08, 0x23, 
    0x72, 0x28, 0x08, 0x23, 0x07, 0xe0, 0x07, 0xe0, 0x08, 0x23, 0xd4, 0xee, 0xf6, 0x53, 0xf6, 0x53, 
    0xf6, 0x53, 0xf6, 0x53, 0xd4, 0xee, 0xd4, 0xee, 0xd4, 0xee, 0x08, 0x23, 0x07, 0xe0, 0x07, 0xe0, 
    0x07, 0xe0, 0x07, 0xe0, 0x08, 0x23, 0xd4, 0xee, 0xf6, 0x53, 0xf6, 0x53, 0xd4, 0xee, 0xd4, 0xee, 
    0xd4, 0xee, 0x08, 0x23, 0x07, 0xe0, 0x07, 0xe0, 0x07, 0xe0, 0x07, 0xe0, 0x07, 0xe0, 0x08, 0x23, 
    0x12, 0x69, 0x34, 0xc9, 0x34, 0xc9, 0x1b, 0x6a, 0x12, 0x69, 0x12, 0x69, 0x08, 0x23, 0x07, 0xe0, 
    0x07, 0xe0, 0x07, 0xe0, 0x07, 0xe0, 0x08, 0x23, 0xd4, 0xee, 0x12, 0x69, 0x1b, 0x6a, 0x34, 0xc9, 
    0x1b, 0x6a, 0x12, 0x69, 0x12, 0x69, 0x08, 0x23, 0x07, 0xe0, 0x07, 0xe0, 0x07, 0xe0, 0x07, 0xe0, 
    0x07, 0xe0, 0x08, 0x23, 0x03, 0x55, 0x04, 0xdb, 0x04, 0xdb, 0x03, 0x55, 0xf6, 0x53, 0xf6, 0x53, 
    0x08, 0x23, 0x07, 0xe0, 0x07, 0xe0, 0x07, 0xe0, 0x07, 0xe0, 0x08, 0x23, 0x59, 0x65, 0x59, 0x65, 
    0x03, 0x55, 0x03, 0x55, 0x03, 0x55, 0xf6, 0x53, 0xf6, 0x53, 0x08, 0x23, 0x07, 0xe0, 0x07, 0xe0, 
    0x07, 0xe0, 0x07, 0xe0, 0x08, 0x23, 0x59, 0x65, 0x59, 0x65, 0x59, 0x65, 0x08, 0x23, 0x08, 0x23, 
    0x03, 0x55, 0x03, 0x55, 0x08, 0x23, 0x07, 0xe0, 0x07, 0xe0, 0x07, 0xe0, 0x07, 0xe0, 0x07, 0xe0, 
    0x08, 0x23, 0x08, 0x23, 0x08, 0x23, 0x07, 0xe0, 0x08, 0x23, 0x03, 0x55, 0x03, 0x55, 0x08, 0x23, 
    0x07, 0xe0, 0x07, 0xe0, 0x07, 0xe0, 0x07, 0xe0, 0x07, 0xe0, 0x07, 0xe0, 0x07, 0xe0, 0x07, 0xe0, 
    0x07, 0xe0, 0x07, 0xe0, 0x08, 0x23, 0x59, 0x65, 0x59, 0x65, 0x08, 0x23, 0x07, 0xe0, 0x07, 0xe0, 
    0x07, 0xe0, 0x07, 0xe0, 0x07, 0xe0, 0x07, 0xe0, 0x07, 0xe0, 0x07, 0xe0, 0x07, 0xe0, 0x08, 0x23, 
    0x59, 0x65, 0x59, 0x65, 0x08, 0x23, 0x07, 0xe0, 
};

hagl_bitmap_t playerWalkA4 = {
    .width = 13,
    .height = 20,
    .depth = 16, // RGB565 is 16-bit
    .buffer = playerWalkA4buf,
};

// Image: playerWalkA5.png (13x20)
static unsigned char playerWalkA5buf[] = {
    0x07, 0xe0, 0x07, 0xe0, 0x07, 0xe0, 0x07, 0xe0, 0x07, 0xe0, 0x07, 0xe0, 0x07, 0xe0, 0x07, 0xe0, 
    0x07, 0xe0, 0x07, 0xe0, 0x07, 0xe0, 0x07, 0xe0, 0x07, 0xe0, 0x07, 0xe0, 0x07, 0xe0, 0x07, 0xe0, 
    0x08, 0x23, 0x08, 0x23, 0x08, 0x23, 0x08, 0x23, 0x08, 0x23, 0x08, 0x23, 0x08, 0x23, 0x07, 0xe0, 
    0x07, 0xe0, 0x07, 0xe0, 0x07, 0xe0, 0x07, 0xe0, 0x08, 0x23, 0x59, 0x65, 0x72, 0x28, 0x72, 0x28, 
    0x72, 0x28, 0x72, 0x28, 0x59, 0x65, 0x59, 0x65, 0x08, 0x23, 0x07, 0xe0, 0x07, 0xe0, 0x07, 0xe0, 
    0x08, 0x23, 0x59, 0x65, 0x72, 0x28, 0x72, 0x28, 0x72, 0x28, 0x72, 0x28, 0x72, 0x28, 0x72, 0x28, 
    0x72, 0x28, 0x72, 0x28, 0x08, 0x23, 0x07, 0xe0, 0x07, 0xe0, 0x08, 0x23, 0x72, 0x28, 0x72, 0x28, 
    0x72, 0x28, 0x72, 0x28, 0x72, 0x28, 0x72, 0x28, 0x72, 0x28, 0x72, 0x28, 0x72, 0x28, 0x72, 0x28, 
    0x08, 0x23, 0x08, 0x23, 0x59, 0x65, 0x72, 0x28, 0x72, 0x28, 0x72, 0x28, 0x72, 0x28, 0x72, 0x28, 
    0x72, 0x28, 0x72, 0x28, 0x72, 0x28, 0x72, 0x28, 0x72, 0x28, 0x08, 0x23, 0x08, 0x23, 0x59, 0x65, 
    0x72, 0x28, 0x59, 0x65, 0x08, 0x23, 0x08, 0x23, 0x59, 0x65, 0x72, 0x28, 0x72, 0x28, 0x59, 0x65, 
    0x72, 0x28, 0x72, 0x28, 0x08, 0x23, 0x08, 0x23, 0x59, 0x65, 0x08, 0x23, 0x08, 0x23, 0xd4, 0xee, 
    0xd4, 0xee, 0x08, 0x23, 0x59, 0x65, 0x72, 0x28, 0x59, 0x65, 0x59, 0x65, 0x59, 0x65, 0x08, 0x23, 
    0x07, 0xe0, 0x08, 0x23, 0x08, 0x23, 0xd4, 0xee, 0xf6, 0x53, 0xf6, 0x53, 0xd4, 0xee, 0x08, 0x23, 
    0x59, 0x65, 0x08, 0x23, 0x59, 0x65, 0x59, 0x65, 0x08, 0x23, 0x07, 0xe0, 0x07, 0xe0, 0x08, 0x23, 
    0x08, 0x23, 0xf6, 0x53, 0xf6, 0x53, 0x08, 0x23, 0xd4, 0xee, 0x08, 0x23, 0xd4, 0xee, 0x08, 0x23, 
    0x72, 0x28, 0x08, 0x23, 0x07, 0xe0, 0x07, 0xe0, 0x08, 0x23, 0x08, 0x23, 0xf6, 0x53, 0xf6, 0x53, 
    0x08, 0x23, 0xf6, 0x53, 0xd4, 0xee, 0xd4, 0xee, 0x08, 0x23, 0x72, 0x28, 0x08, 0x23, 0x07, 0xe0, 
    0x07, 0xe0, 0x08, 0x23, 0xd4, 0xee, 0xf6, 0x53, 0xf6, 0x53, 0xf6, 0x53, 0xf6, 0x53, 0xd4, 0xee, 
    0xd4, 0xee, 0xd4, 0xee, 0x08, 0x23, 0x07, 0xe0, 0x07, 0xe0, 0x07, 0xe0, 0x07, 0xe0, 0x08, 0x23, 
    0xd4, 0xee, 0xf6, 0x53, 0xf6, 0x53, 0xd4, 0xee, 0xd4, 0xee, 0xd4, 0xee, 0x08, 0x23, 0x07, 0xe0, 
    0x07, 0xe0, 0x07, 0xe0, 0x07, 0xe0, 0x07, 0xe0, 0x08, 0x23, 0x12, 0x69, 0x34, 0xc9, 0x34, 0xc9, 
    0x1b, 0x6a, 0x12, 0x69, 0x12, 0x69, 0x12, 0x69, 0x08, 0x23, 0x07, 0xe0, 0x07, 0xe0, 0x07, 0xe0, 
    0x08, 0x23, 0xd4, 0xee, 0xd4, 0xee, 0x1b, 0x6a, 0x34, 0xc9, 0x1b, 0x6a, 0x12, 0x69, 0xf6, 0x53, 
    0xf6, 0x53, 0x08, 0x23, 0x07, 0xe0, 0x07, 0xe0, 0x07, 0xe0, 0x08, 0x23, 0xd4, 0xee, 0xd4, 0xee, 
    0x03, 0x55, 0x04, 0xdb, 0x03, 0x55, 0x03, 0x55, 0xf6, 0x53, 0xf6, 0x53, 0x08, 0x23, 0x07, 0xe0, 
    0x07, 0xe0, 0x07, 0xe0, 0x07, 0xe0, 0x08, 0x23, 0x03, 0x55, 0x04, 0xdb, 0x03, 0x55, 0x03, 0x55, 
    0x03, 0x55, 0x03, 0x55, 0x59, 0x65, 0x08, 0x23, 0x07, 0xe0, 0x07, 0xe0, 0x07, 0xe0, 0x08, 0x23, 
    0x04, 0xdb, 0x04, 0xdb, 0x03, 0x55, 0x08, 0x23, 0x08, 0x23, 0x08, 0x23, 0x59, 0x65, 0x59, 0x65, 
    0x08, 0x23, 0x07, 0xe0, 0x07, 0xe0, 0x08, 0x23, 0x59, 0x65, 0x59, 0x65, 0x59, 0x65, 0x08, 0x23, 
    0x07, 0xe0, 0x07, 0xe0, 0x07, 0xe0, 0x08, 0x23, 0x08, 0x23, 0x08, 0x23, 0x07, 0xe0, 0x07, 0xe0, 
    0x08, 0x23, 0x59, 0x65, 0x59, 0x65, 0x08, 0x23, 0x07, 0xe0, 0x07, 0xe0, 0x07, 0xe0, 0x07, 0xe0, 
    0x07, 0xe0, 0x07, 0xe0, 0x07, 0xe0, 0x07, 0xe0, 
};

hagl_bitmap_t playerWalkA5 = {
    .width = 13,
    .height = 20,
    .depth = 16, // RGB565 is 16-bit
    .buffer = playerWalkA5buf,
};

// Image: playerWalkA6.png (13x20)
static unsigned char playerWalkA6buf[] = {
    0x07, 0xe0, 0x07, 0xe0, 0x07, 0xe0, 0x07, 0xe0, 0x07, 0xe0, 0x07, 0xe0, 0x07, 0xe0, 0x07, 0xe0, 
    0x07, 0xe0, 0x07, 0xe0, 0x07, 0xe0, 0x07, 0xe0, 0x07, 0xe0, 0x07, 0xe0, 0x07, 0xe0, 0x07, 0xe0, 
    0x07, 0xe0, 0x07, 0xe0, 0x07, 0xe0, 0x07, 0xe0, 0x07, 0xe0, 0x07, 0xe0, 0x07, 0xe0, 0x07, 0xe0, 
    0x07, 0xe0, 0x07, 0xe0, 0x07, 0xe0, 0x07, 0xe0, 0x07, 0xe0, 0x08, 0x23, 0x08, 0x23, 0x08, 0x23, 
    0x08, 0x23, 0x08, 0x23, 0x08, 0x23, 0x08, 0x23, 0x07, 0xe0, 0x07, 0xe0, 0x07, 0xe0, 0x07, 0xe0, 
    0x07, 0xe0, 0x08, 0x23, 0x59, 0x65, 0x72, 0x28, 0x72, 0x28, 0x72, 0x28, 0x72, 0x28, 0x59, 0x65, 
    0x59, 0x65, 0x08, 0x23, 0x07, 0xe0, 0x07, 0xe0, 0x07, 0xe0, 0x08, 0x23, 0x59, 0x65, 0x72, 0x28, 
    0x72, 0x28, 0x72, 0x28, 0x72, 0x28, 0x72, 0x28, 0x72, 0x28, 0x72, 0x28, 0x72, 0x28, 0x08, 0x23, 
    0x07, 0xe0, 0x07, 0xe0, 0x08, 0x23, 0x72, 0x28, 0x72, 0x28, 0x72, 0x28, 0x72, 0x28, 0x72, 0x28, 
    0x72, 0x28, 0x72, 0x28, 0x72, 0x28, 0x72, 0x28, 0x72, 0x28, 0x08, 0x23, 0x08, 0x23, 0x59, 0x65, 
    0x72, 0x28, 0x72, 0x28, 0x72, 0x28, 0x72, 0x28, 0x72, 0x28, 0x72, 0x28, 0x72, 0x28, 0x72, 0x28, 
    0x72, 0x28, 0x72, 0x28, 0x08, 0x23, 0x08, 0x23, 0x59, 0x65, 0x72, 0x28, 0x59, 0x65, 0x08, 0x23, 
    0x08, 0x23, 0x59, 0x65, 0x72, 0x28, 0x72, 0x28, 0x59, 0x65, 0x72, 0x28, 0x72, 0x28, 0x08, 0x23, 
    0x08, 0x23, 0x59, 0x65, 0x08, 0x23, 0x08, 0x23, 0xd4, 0xee, 0xd4, 0xee, 0x08, 0x23, 0x59, 0x65, 
    0x72, 0x28, 0x59, 0x65, 0x59, 0x65, 0x59, 0x65, 0x08, 0x23, 0x07, 0xe0, 0x08, 0x23, 0x08, 0x23, 
    0xd4, 0xee, 0xf6, 0x53, 0xf6, 0x53, 0xd4, 0xee, 0x08, 0x23, 0x59, 0x65, 0x08, 0x23, 0x59, 0x65, 
    0x59, 0x65, 0x08, 0x23, 0x07, 0xe0, 0x07, 0xe0, 0x08, 0x23, 0x08, 0x23, 0xf6, 0x53, 0xf6, 0x53, 
    0x08, 0x23, 0xd4, 0xee, 0x08, 0x23, 0xd4, 0xee, 0x08, 0x23, 0x72, 0x28, 0x08, 0x23, 0x07, 0xe0, 
    0x07, 0xe0, 0x08, 0x23, 0x08, 0x23, 0xf6, 0x53, 0xf6, 0x53, 0x08, 0x23, 0xf6, 0x53, 0xd4, 0xee, 
    0xd4, 0xee, 0x08, 0x23, 0x72, 0x28, 0x08, 0x23, 0x07, 0xe0, 0x07, 0xe0, 0x08, 0x23, 0xd4, 0xee, 
    0xf6, 0x53, 0xf6, 0x53, 0xf6, 0x53, 0xf6, 0x53, 0xd4, 0xee, 0xd4, 0xee, 0xd4, 0xee, 0x08, 0x23, 
    0x07, 0xe0, 0x07, 0xe0, 0x07, 0xe0, 0x07, 0xe0, 0x08, 0x23, 0xd4, 0xee, 0xf6, 0x53, 0xf6, 0x53, 
    0xd4, 0xee, 0xd4, 0xee, 0xd4, 0xee, 0x08, 0x23, 0x07, 0xe0, 0x07, 0xe0, 0x07, 0xe0, 0x07, 0xe0, 
    0x08, 0x23, 0xd4, 0xee, 0x12, 0x69, 0x34, 0xc9, 0x34, 0xc9, 0x1b, 0x6a, 0x12, 0x69, 0x12, 0x69, 
    0x08, 0x23, 0x07, 0xe0, 0x07, 0xe0, 0x07, 0xe0, 0x07, 0xe0, 0x08, 0x23, 0xd4, 0xee, 0x12, 0x69, 
    0x34, 0xc9, 0x34, 0xc9, 0x1b, 0x6a, 0x12, 0x69, 0x12, 0x69, 0x08, 0x23, 0x07, 0xe0, 0x07, 0xe0, 
    0x07, 0xe0, 0x07, 0xe0, 0x07, 0xe0, 0x08, 0x23, 0x04, 0xdb, 0x04, 0xdb, 0x04, 0xdb, 0x04, 0xdb, 
    0xf6, 0x53, 0xf6, 0x53, 0x08, 0x23, 0x07, 0xe0, 0x07, 0xe0, 0x07, 0xe0, 0x07, 0xe0, 0x07, 0xe0, 
    0x08, 0x23, 0x04, 0xdb, 0x04, 0xdb, 0x04, 0xdb, 0x04, 0xdb, 0xf6, 0x53, 0xf6, 0x53, 0x08, 0x23, 
    0x07, 0xe0, 0x07, 0xe0, 0x07, 0xe0, 0x07, 0xe0, 0x08, 0x23, 0x59, 0x65, 0x59, 0x65, 0x04, 0xdb, 
    0x03, 0x55, 0x03, 0x55, 0x08, 0x23, 0x08, 0x23, 0x07, 0xe0, 0x07, 0xe0, 0x07, 0xe0, 0x07, 0xe0, 
    0x07, 0xe0, 0x08, 0x23, 0x59, 0x65, 0x59, 0x65, 0x59, 0x65, 0x08, 0x23, 0x08, 0x23, 0x07, 0xe0, 
    0x07, 0xe0, 0x07, 0xe0, 0x07, 0xe0, 0x07, 0xe0, 
};

hagl_bitmap_t playerWalkA6 = {
    .width = 13,
    .height = 20,
    .depth = 16, // RGB565 is 16-bit
    .buffer = playerWalkA6buf,
};

// Image: playerWalkD1.png (13x20)
static unsigned char playerWalkD1buf[] = {
    0x07, 0xe0, 0x07, 0xe0, 0x07, 0xe0, 0x08, 0x23, 0x08, 0x23, 0x08, 0x23, 0x08, 0x23, 0x08, 0x23, 
    0x08, 0x23, 0x08, 0x23, 0x07, 0xe0, 0x07, 0xe0, 0x07, 0xe0, 0x07, 0xe0, 0x07, 0xe0, 0x08, 0x23, 
    0x59, 0x65, 0x59, 0x65, 0x72, 0x28, 0x72, 0x28, 0x72, 0x28, 0x72, 0x28, 0x59, 0x65, 0x08, 0x23, 
    0x07, 0xe0, 0x07, 0xe0, 0x07, 0xe0, 0x08, 0x23, 0x72, 0x28, 0x72, 0x28, 0x72, 0x28, 0x72, 0x28, 
    0x72, 0x28, 0x72, 0x28, 0x72, 0x28, 0x72, 0x28, 0x59, 0x65, 0x08, 0x23, 0x07, 0xe0, 0x08, 0x23, 
    0x72, 0x28, 0x72, 0x28, 0x72, 0x28, 0x72, 0x28, 0x72, 0x28, 0x72, 0x28, 0x72, 0x28, 0x72, 0x28, 
    0x72, 0x28, 0x72, 0x28, 0x08, 0x23, 0x07, 0xe0, 0x08, 0x23, 0x72, 0x28, 0x72, 0x28, 0x72, 0x28, 
    0x72, 0x28, 0x72, 0x28, 0x72, 0x28, 0x72, 0x28, 0x72, 0x28, 0x72, 0x28, 0x72, 0x28, 0x59, 0x65, 
    0x08, 0x23, 0x08, 0x23, 0x72, 0x28, 0x72, 0x28, 0x59, 0x65, 0x72, 0x28, 0x72, 0x28, 0x59, 0x65, 
    0x08, 0x23, 0x08, 0x23, 0x59, 0x65, 0x72, 0x28, 0x59, 0x65, 0x08, 0x23, 0x08, 0x23, 0x59, 0x65, 
    0x59, 0x65, 0x59, 0x65, 0x72, 0x28, 0x59, 0x65, 0x08, 0x23, 0xd4, 0xee, 0xd4, 0xee, 0x08, 0x23, 
    0x08, 0x23, 0x59, 0x65, 0x08, 0x23, 0x08, 0x23, 0x59, 0x65, 0x59, 0x65, 0x08, 0x23, 0x59, 0x65, 
    0x08, 0x23, 0xd4, 0xee, 0xf6, 0x53, 0xf6, 0x53, 0xd4, 0xee, 0x08, 0x23, 0x08, 0x23, 0x07, 0xe0, 
    0x08, 0x23, 0x72, 0x28, 0x08, 0x23, 0xd4, 0xee, 0x08, 0x23, 0xd4, 0xee, 0x08, 0x23, 0xf6, 0x53, 
    0xf6, 0x53, 0x08, 0x23, 0x08, 0x23, 0x07, 0xe0, 0x07, 0xe0, 0x08, 0x23, 0x72, 0x28, 0x08, 0x23, 
    0xd4, 0xee, 0xd4, 0xee, 0xf6, 0x53, 0x08, 0x23, 0xf6, 0x53, 0xf6, 0x53, 0x08, 0x23, 0x08, 0x23, 
    0x07, 0xe0, 0x07, 0xe0, 0x07, 0xe0, 0x08, 0x23, 0xd4, 0xee, 0xd4, 0xee, 0xd4, 0xee, 0xf6, 0x53, 
    0xf6, 0x53, 0xf6, 0x53, 0xf6, 0x53, 0xd4, 0xee, 0x08, 0x23, 0x07, 0xe0, 0x07, 0xe0, 0x07, 0xe0, 
    0x07, 0xe0, 0x08, 0x23, 0xd4, 0xee, 0xd4, 0xee, 0xd4, 0xee, 0xf6, 0x53, 0xf6, 0x53, 0xd4, 0xee, 
    0x08, 0x23, 0x07, 0xe0, 0x07, 0xe0, 0x07, 0xe0, 0x07, 0xe0, 0x07, 0xe0, 0x08, 0x23, 0x12, 0x69, 
    0x12, 0x69, 0x1b, 0x6a, 0x34, 0xc9, 0x34, 0xc9, 0x12, 0x69, 0x08, 0x23, 0x07, 0xe0, 0x07, 0xe0, 
    0x07, 0xe0, 0x07, 0xe0, 0x07, 0xe0, 0x07, 0xe0, 0x08, 0x23, 0x12, 0x69, 0x12, 0x69, 0x34, 0xc9, 
    0x34, 0xc9, 0x12, 0x69, 0x08, 0x23, 0x07, 0xe0, 0x07, 0xe0, 0x07, 0xe0, 0x07, 0xe0, 0x07, 0xe0, 
    0x07, 0xe0, 0x08, 0x23, 0xf6, 0x53, 0xf6, 0x53, 0x04, 0xdb, 0x04, 0xdb, 0x04, 0xdb, 0x08, 0x23, 
    0x07, 0xe0, 0x07, 0xe0, 0x07, 0xe0, 0x07, 0xe0, 0x07, 0xe0, 0x07, 0xe0, 0x08, 0x23, 0xf6, 0x53, 
    0xf6, 0x53, 0x03, 0x55, 0x04, 0xdb, 0x59, 0x65, 0x59, 0x65, 0x08, 0x23, 0x07, 0xe0, 0x07, 0xe0, 
    0x07, 0xe0, 0x07, 0xe0, 0x08, 0x23, 0x04, 0xdb, 0x04, 0xdb, 0x03, 0x55, 0x08, 0x23, 0x59, 0x65, 
    0x59, 0x65, 0x59, 0x65, 0x08, 0x23, 0x07, 0xe0, 0x07, 0xe0, 0x07, 0xe0, 0x07, 0xe0, 0x08, 0x23, 
    0x04, 0xdb, 0x03, 0x55, 0x08, 0x23, 0x07, 0xe0, 0x08, 0x23, 0x08, 0x23, 0x08, 0x23, 0x07, 0xe0, 
    0x07, 0xe0, 0x07, 0xe0, 0x07, 0xe0, 0x08, 0x23, 0x59, 0x65, 0x59, 0x65, 0x03, 0x55, 0x08, 0x23, 
    0x07, 0xe0, 0x07, 0xe0, 0x07, 0xe0, 0x07, 0xe0, 0x07, 0xe0, 0x07, 0xe0, 0x07, 0xe0, 0x07, 0xe0, 
    0x08, 0x23, 0x59, 0x65, 0x59, 0x65, 0x08, 0x23, 0x07, 0xe0, 0x07, 0xe0, 0x07, 0xe0, 0x07, 0xe0, 
    0x07, 0xe0, 0x07, 0xe0, 0x07, 0xe0, 0x07, 0xe0, 
};

hagl_bitmap_t playerWalkD1 = {
    .width = 13,
    .height = 20,
    .depth = 16, // RGB565 is 16-bit
    .buffer = playerWalkD1buf,
};

// Image: playerWalkD2.png (13x20)
static unsigned char playerWalkD2buf[] = {
    0x07, 0xe0, 0x07, 0xe0, 0x07, 0xe0, 0x07, 0xe0, 0x07, 0xe0, 0x07, 0xe0, 0x07, 0xe0, 0x07, 0xe0, 
    0x07, 0xe0, 0x07, 0xe0, 0x07, 0xe0, 0x07, 0xe0, 0x07, 0xe0, 0x07, 0xe0, 0x07, 0xe0, 0x07, 0xe0, 
    0x08, 0x23, 0x08, 0x23, 0x08, 0x23, 0x08, 0x23, 0x08, 0x23, 0x08, 0x23, 0x08, 0x23, 0x07, 0xe0, 
    0x07, 0xe0, 0x07, 0xe0, 0x07, 0xe0, 0x07, 0xe0, 0x08, 0x23, 0x59, 0x65, 0x59, 0x65, 0x72, 0x28, 
    0x72, 0x28, 0x72, 0x28, 0x72, 0x28, 0x59, 0x65, 0x08, 0x23, 0x07, 0xe0, 0x07, 0xe0, 0x07, 0xe0, 
    0x08, 0x23, 0x72, 0x28, 0x72, 0x28, 0x72, 0x28, 0x72, 0x28, 0x72, 0x28, 0x72, 0x28, 0x72, 0x28, 
    0x72, 0x28, 0x59, 0x65, 0x08, 0x23, 0x07, 0xe0, 0x08, 0x23, 0x72, 0x28, 0x72, 0x28, 0x72, 0x28, 
    0x72, 0x28, 0x72, 0x28, 0x72, 0x28, 0x72, 0x28, 0x72, 0x28, 0x72, 0x28, 0x72, 0x28, 0x08, 0x23, 
    0x07, 0xe0, 0x08, 0x23, 0x72, 0x28, 0x72, 0x28, 0x72, 0x28, 0x72, 0x28, 0x72, 0x28, 0x72, 0x28, 
    0x72, 0x28, 0x72, 0x28, 0x72, 0x28, 0x72, 0x28, 0x59, 0x65, 0x08, 0x23, 0x08, 0x23, 0x72, 0x28, 
    0x72, 0x28, 0x59, 0x65, 0x72, 0x28, 0x72, 0x28, 0x59, 0x65, 0x08, 0x23, 0x08, 0x23, 0x59, 0x65, 
    0x72, 0x28, 0x59, 0x65, 0x08, 0x23, 0x08, 0x23, 0x59, 0x65, 0x59, 0x65, 0x59, 0x65, 0x72, 0x28, 
    0x59, 0x65, 0x08, 0x23, 0xd4, 0xee, 0xd4, 0xee, 0x08, 0x23, 0x08, 0x23, 0x59, 0x65, 0x08, 0x23, 
    0x08, 0x23, 0x59, 0x65, 0x59, 0x65, 0x08, 0x23, 0x59, 0x65, 0x08, 0x23, 0xd4, 0xee, 0xf6, 0x53, 
    0xf6, 0x53, 0xd4, 0xee, 0x08, 0x23, 0x08, 0x23, 0x07, 0xe0, 0x08, 0x23, 0x72, 0x28, 0x08, 0x23, 
    0xd4, 0xee, 0x08, 0x23, 0xd4, 0xee, 0x08, 0x23, 0xf6, 0x53, 0xf6, 0x53, 0x08, 0x23, 0x08, 0x23, 
    0x07, 0xe0, 0x07, 0xe0, 0x08, 0x23, 0x72, 0x28, 0x08, 0x23, 0xd4, 0xee, 0xd4, 0xee, 0xf6, 0x53, 
    0x08, 0x23, 0xf6, 0x53, 0xf6, 0x53, 0x08, 0x23, 0x08, 0x23, 0x07, 0xe0, 0x07, 0xe0, 0x07, 0xe0, 
    0x08, 0x23, 0xd4, 0xee, 0xd4, 0xee, 0xd4, 0xee, 0xf6, 0x53, 0xf6, 0x53, 0xf6, 0x53, 0xf6, 0x53, 
    0xd4, 0xee, 0x08, 0x23, 0x07, 0xe0, 0x07, 0xe0, 0x07, 0xe0, 0x07, 0xe0, 0x08, 0x23, 0xd4, 0xee, 
    0xd4, 0xee, 0xd4, 0xee, 0xf6, 0x53, 0xf6, 0x53, 0xd4, 0xee, 0x08, 0x23, 0x07, 0xe0, 0x07, 0xe0, 
    0x07, 0xe0, 0x07, 0xe0, 0x07, 0xe0, 0x08, 0x23, 0x12, 0x69, 0x12, 0x69, 0x12, 0x69, 0x34, 0xc9, 
    0x34, 0xc9, 0x12, 0x69, 0x08, 0x23, 0x07, 0xe0, 0x07, 0xe0, 0x07, 0xe0, 0x07, 0xe0, 0x07, 0xe0, 
    0x08, 0x23, 0x12, 0x69, 0x12, 0x69, 0xf6, 0x53, 0xf6, 0x53, 0x34, 0xc9, 0x12, 0x69, 0x08, 0x23, 
    0x07, 0xe0, 0x07, 0xe0, 0x07, 0xe0, 0x07, 0xe0, 0x07, 0xe0, 0x08, 0x23, 0x04, 0xdb, 0x12, 0x69, 
    0xf6, 0x53, 0xf6, 0x53, 0x04, 0xdb, 0x03, 0x55, 0x08, 0x23, 0x07, 0xe0, 0x07, 0xe0, 0x07, 0xe0, 
    0x07, 0xe0, 0x08, 0x23, 0x59, 0x65, 0x59, 0x65, 0x04, 0xdb, 0x04, 0xdb, 0x04, 0xdb, 0x03, 0x55, 
    0x03, 0x55, 0x08, 0x23, 0x07, 0xe0, 0x07, 0xe0, 0x07, 0xe0, 0x07, 0xe0, 0x08, 0x23, 0x59, 0x65, 
    0x59, 0x65, 0x08, 0x23, 0x08, 0x23, 0x03, 0x55, 0x03, 0x55, 0x03, 0x55, 0x08, 0x23, 0x07, 0xe0, 
    0x07, 0xe0, 0x07, 0xe0, 0x07, 0xe0, 0x08, 0x23, 0x08, 0x23, 0x08, 0x23, 0x07, 0xe0, 0x07, 0xe0, 
    0x08, 0x23, 0x03, 0x55, 0x59, 0x65, 0x59, 0x65, 0x08, 0x23, 0x07, 0xe0, 0x07, 0xe0, 0x07, 0xe0, 
    0x07, 0xe0, 0x07, 0xe0, 0x07, 0xe0, 0x07, 0xe0, 0x07, 0xe0, 0x07, 0xe0, 0x08, 0x23, 0x59, 0x65, 
    0x59, 0x65, 0x08, 0x23, 0x07, 0xe0, 0x07, 0xe0, 
};

hagl_bitmap_t playerWalkD2 = {
    .width = 13,
    .height = 20,
    .depth = 16, // RGB565 is 16-bit
    .buffer = playerWalkD2buf,
};

// Image: playerWalkD3.png (13x20)
static unsigned char playerWalkD3buf[] = {
    0x07, 0xe0, 0x07, 0xe0, 0x07, 0xe0, 0x07, 0xe0, 0x07, 0xe0, 0x07, 0xe0, 0x07, 0xe0, 0x07, 0xe0, 
    0x07, 0xe0, 0x07, 0xe0, 0x07, 0xe0, 0x07, 0xe0, 0x07, 0xe0, 0x07, 0xe0, 0x07, 0xe0, 0x07, 0xe0, 
    0x07, 0xe0, 0x07, 0xe0, 0x07, 0xe0, 0x07, 0xe0, 0x07, 0xe0, 0x07, 0xe0, 0x07, 0xe0, 0x07, 0xe0, 
    0x07, 0xe0, 0x07, 0xe0, 0x07, 0xe0, 0x07, 0xe0, 0x07, 0xe0, 0x08, 0x23, 0x08, 0x23, 0x08, 0x23, 
    0x08, 0x23, 0x08, 0x23, 0x08, 0x23, 0x08, 0x23, 0x07, 0xe0, 0x07, 0xe0, 0x07, 0xe0, 0x07, 0xe0, 
    0x07, 0xe0, 0x08, 0x23, 0x59, 0x65, 0x59, 0x65, 0x72, 0x28, 0x72, 0x28, 0x72, 0x28, 0x72, 0x28, 
    0x59, 0x65, 0x08, 0x23, 0x07, 0xe0, 0x07, 0xe0, 0x07, 0xe0, 0x08, 0x23, 0x72, 0x28, 0x72, 0x28, 
    0x72, 0x28, 0x72, 0x28, 0x72, 0x28, 0x72, 0x28, 0x72, 0x28, 0x72, 0x28, 0x59, 0x65, 0x08, 0x23, 
    0x07, 0xe0, 0x08, 0x23, 0x72, 0x28, 0x72, 0x28, 0x72, 0x28, 0x72, 0x28, 0x72, 0x28, 0x72, 0x28, 
    0x72, 0x28, 0x72, 0x28, 0x72, 0x28, 0x72, 0x28, 0x08, 0x23, 0x07, 0xe0, 0x08, 0x23, 0x72, 0x28, 
    0x72, 0x28, 0x72, 0x28, 0x72, 0x28, 0x72, 0x28, 0x72, 0x28, 0x72, 0x28, 0x72, 0x28, 0x72, 0x28, 
    0x72, 0x28, 0x59, 0x65, 0x08, 0x23, 0x08, 0x23, 0x72, 0x28, 0x72, 0x28, 0x59, 0x65, 0x72, 0x28, 
    0x72, 0x28, 0x59, 0x65, 0x08, 0x23, 0x08, 0x23, 0x59, 0x65, 0x72, 0x28, 0x59, 0x65, 0x08, 0x23, 
    0x08, 0x23, 0x59, 0x65, 0x59, 0x65, 0x59, 0x65, 0x72, 0x28, 0x59, 0x65, 0x08, 0x23, 0xd4, 0xee, 
    0xd4, 0xee, 0x08, 0x23, 0x08, 0x23, 0x59, 0x65, 0x08, 0x23, 0x08, 0x23, 0x59, 0x65, 0x59, 0x65, 
    0x08, 0x23, 0x59, 0x65, 0x08, 0x23, 0xd4, 0xee, 0xf6, 0x53, 0xf6, 0x53, 0xd4, 0xee, 0x08, 0x23, 
    0x08, 0x23, 0x07, 0xe0, 0x08, 0x23, 0x72, 0x28, 0x08, 0x23, 0xd4, 0xee, 0x08, 0x23, 0xd4, 0xee, 
    0x08, 0x23, 0xf6, 0x53, 0xf6, 0x53, 0x08, 0x23, 0x08, 0x23, 0x07, 0xe0, 0x07, 0xe0, 0x08, 0x23, 
    0x72, 0x28, 0x08, 0x23, 0xd4, 0xee, 0xd4, 0xee, 0xf6, 0x53, 0x08, 0x23, 0xf6, 0x53, 0xf6, 0x53, 
    0x08, 0x23, 0x08, 0x23, 0x07, 0xe0, 0x07, 0xe0, 0x07, 0xe0, 0x08, 0x23, 0xd4, 0xee, 0xd4, 0xee, 
    0xd4, 0xee, 0xf6, 0x53, 0xf6, 0x53, 0xf6, 0x53, 0xf6, 0x53, 0xd4, 0xee, 0x08, 0x23, 0x07, 0xe0, 
    0x07, 0xe0, 0x07, 0xe0, 0x07, 0xe0, 0x08, 0x23, 0xd4, 0xee, 0xd4, 0xee, 0xd4, 0xee, 0xf6, 0x53, 
    0xf6, 0x53, 0xd4, 0xee, 0x08, 0x23, 0x07, 0xe0, 0x07, 0xe0, 0x07, 0xe0, 0x07, 0xe0, 0x07, 0xe0, 
    0x08, 0x23, 0x12, 0x69, 0x12, 0x69, 0x1b, 0x6a, 0x34, 0xc9, 0x34, 0xc9, 0x12, 0x69, 0x08, 0x23, 
    0x07, 0xe0, 0x07, 0xe0, 0x07, 0xe0, 0x07, 0xe0, 0x07, 0xe0, 0x08, 0x23, 0x12, 0x69, 0x12, 0x69, 
    0x1b, 0x6a, 0x34, 0xc9, 0x34, 0xc9, 0x12, 0x69, 0x08, 0x23, 0x07, 0xe0, 0x07, 0xe0, 0x07, 0xe0, 
    0x07, 0xe0, 0x07, 0xe0, 0x08, 0x23, 0x12, 0x69, 0xf6, 0x53, 0xf6, 0x53, 0x04, 0xdb, 0x04, 0xdb, 
    0x03, 0x55, 0x08, 0x23, 0x07, 0xe0, 0x07, 0xe0, 0x07, 0xe0, 0x07, 0xe0, 0x07, 0xe0, 0x08, 0x23, 
    0x04, 0xdb, 0xf6, 0x53, 0xf6, 0x53, 0x04, 0xdb, 0x03, 0x55, 0x03, 0x55, 0x08, 0x23, 0x07, 0xe0, 
    0x07, 0xe0, 0x07, 0xe0, 0x07, 0xe0, 0x07, 0xe0, 0x07, 0xe0, 0x08, 0x23, 0x59, 0x65, 0x59, 0x65, 
    0x03, 0x55, 0x03, 0x55, 0x03, 0x55, 0x08, 0x23, 0x07, 0xe0, 0x07, 0xe0, 0x07, 0xe0, 0x07, 0xe0, 
    0x07, 0xe0, 0x07, 0xe0, 0x08, 0x23, 0x08, 0x23, 0x08, 0x23, 0x08, 0x23, 0x59, 0x65, 0x59, 0x65, 
    0x08, 0x23, 0x07, 0xe0, 0x07, 0xe0, 0x07, 0xe0, 
};

hagl_bitmap_t playerWalkD3 = {
    .width = 13,
    .height = 20,
    .depth = 16, // RGB565 is 16-bit
    .buffer = playerWalkD3buf,
};

// Image: playerWalkD4.png (13x20)
static unsigned char playerWalkD4buf[] = {
    0x07, 0xe0, 0x07, 0xe0, 0x07, 0xe0, 0x08, 0x23, 0x08, 0x23, 0x08, 0x23, 0x08, 0x23, 0x08, 0x23, 
    0x08, 0x23, 0x08, 0x23, 0x07, 0xe0, 0x07, 0xe0, 0x07, 0xe0, 0x07, 0xe0, 0x07, 0xe0, 0x08, 0x23, 
    0x59, 0x65, 0x59, 0x65, 0x72, 0x28, 0x72, 0x28, 0x72, 0x28, 0x72, 0x28, 0x59, 0x65, 0x08, 0x23, 
    0x07, 0xe0, 0x07, 0xe0, 0x07, 0xe0, 0x08, 0x23, 0x72, 0x28, 0x72, 0x28, 0x72, 0x28, 0x72, 0x28, 
    0x72, 0x28, 0x72, 0x28, 0x72, 0x28, 0x72, 0x28, 0x59, 0x65, 0x08, 0x23, 0x07, 0xe0, 0x08, 0x23, 
    0x72, 0x28, 0x72, 0x28, 0x72, 0x28, 0x72, 0x28, 0x72, 0x28, 0x72, 0x28, 0x72, 0x28, 0x72, 0x28, 
    0x72, 0x28, 0x72, 0x28, 0x08, 0x23, 0x07, 0xe0, 0x08, 0x23, 0x72, 0x28, 0x72, 0x28, 0x72, 0x28, 
    0x72, 0x28, 0x72, 0x28, 0x72, 0x28, 0x72, 0x28, 0x72, 0x28, 0x72, 0x28, 0x72, 0x28, 0x59, 0x65, 
    0x08, 0x23, 0x08, 0x23, 0x72, 0x28, 0x72, 0x28, 0x59, 0x65, 0x72, 0x28, 0x72, 0x28, 0x59, 0x65, 
    0x08, 0x23, 0x08, 0x23, 0x59, 0x65, 0x72, 0x28, 0x59, 0x65, 0x08, 0x23, 0x08, 0x23, 0x59, 0x65, 
    0x59, 0x65, 0x59, 0x65, 0x72, 0x28, 0x59, 0x65, 0x08, 0x23, 0xd4, 0xee, 0xd4, 0xee, 0x08, 0x23, 
    0x08, 0x23, 0x59, 0x65, 0x08, 0x23, 0x08, 0x23, 0x59, 0x65, 0x59, 0x65, 0x08, 0x23, 0x59, 0x65, 
    0x08, 0x23, 0xd4, 0xee, 0xf6, 0x53, 0xf6, 0x53, 0xd4, 0xee, 0x08, 0x23, 0x08, 0x23, 0x07, 0xe0, 
    0x08, 0x23, 0x72, 0x28, 0x08, 0x23, 0xd4, 0xee, 0x08, 0x23, 0xd4, 0xee, 0x08, 0x23, 0xf6, 0x53, 
    0xf6, 0x53, 0x08, 0x23, 0x08, 0x23, 0x07, 0xe0, 0x07, 0xe0, 0x08, 0x23, 0x72, 0x28, 0x08, 0x23, 
    0xd4, 0xee, 0xd4, 0xee, 0xf6, 0x53, 0x08, 0x23, 0xf6, 0x53, 0xf6, 0x53, 0x08, 0x23, 0x08, 0x23, 
    0x07, 0xe0, 0x07, 0xe0, 0x07, 0xe0, 0x08, 0x23, 0xd4, 0xee, 0xd4, 0xee, 0xd4, 0xee, 0xf6, 0x53, 
    0xf6, 0x53, 0xf6, 0x53, 0xf6, 0x53, 0xd4, 0xee, 0x08, 0x23, 0x07, 0xe0, 0x07, 0xe0, 0x07, 0xe0, 
    0x07, 0xe0, 0x08, 0x23, 0xd4, 0xee, 0xd4, 0xee, 0xd4, 0xee, 0xf6, 0x53, 0xf6, 0x53, 0xd4, 0xee, 
    0x08, 0x23, 0x07, 0xe0, 0x07, 0xe0, 0x07, 0xe0, 0x07, 0xe0, 0x07, 0xe0, 0x08, 0x23, 0x12, 0x69, 
    0x12, 0x69, 0x1b, 0x6a, 0x34, 0xc9, 0x34, 0xc9, 0x12, 0x69, 0x08, 0x23, 0x07, 0xe0, 0x07, 0xe0, 
    0x07, 0xe0, 0x07, 0xe0, 0x07, 0xe0, 0x08, 0x23, 0x12, 0x69, 0x12, 0x69, 0x1b, 0x6a, 0x34, 0xc9, 
    0x1b, 0x6a, 0x12, 0x69, 0xd4, 0xee, 0x08, 0x23, 0x07, 0xe0, 0x07, 0xe0, 0x07, 0xe0, 0x07, 0xe0, 
    0x08, 0x23, 0xf6, 0x53, 0xf6, 0x53, 0x03, 0x55, 0x04, 0xdb, 0x04, 0xdb, 0x03, 0x55, 0x08, 0x23, 
    0x07, 0xe0, 0x07, 0xe0, 0x07, 0xe0, 0x07, 0xe0, 0x07, 0xe0, 0x08, 0x23, 0xf6, 0x53, 0xf6, 0x53, 
    0x03, 0x55, 0x03, 0x55, 0x03, 0x55, 0x59, 0x65, 0x59, 0x65, 0x08, 0x23, 0x07, 0xe0, 0x07, 0xe0, 
    0x07, 0xe0, 0x07, 0xe0, 0x08, 0x23, 0x03, 0x55, 0x03, 0x55, 0x08, 0x23, 0x08, 0x23, 0x59, 0x65, 
    0x59, 0x65, 0x59, 0x65, 0x08, 0x23, 0x07, 0xe0, 0x07, 0xe0, 0x07, 0xe0, 0x07, 0xe0, 0x08, 0x23, 
    0x03, 0x55, 0x03, 0x55, 0x08, 0x23, 0x07, 0xe0, 0x08, 0x23, 0x08, 0x23, 0x08, 0x23, 0x07, 0xe0, 
    0x07, 0xe0, 0x07, 0xe0, 0x07, 0xe0, 0x08, 0x23, 0x59, 0x65, 0x59, 0x65, 0x08, 0x23, 0x07, 0xe0, 
    0x07, 0xe0, 0x07, 0xe0, 0x07, 0xe0, 0x07, 0xe0, 0x07, 0xe0, 0x07, 0xe0, 0x07, 0xe0, 0x07, 0xe0, 
    0x08, 0x23, 0x59, 0x65, 0x59, 0x65, 0x08, 0x23, 0x07, 0xe0, 0x07, 0xe0, 0x07, 0xe0, 0x07, 0xe0, 
    0x07, 0xe0, 0x07, 0xe0, 0x07, 0xe0, 0x07, 0xe0, 
};

hagl_bitmap_t playerWalkD4 = {
    .width = 13,
    .height = 20,
    .depth = 16, // RGB565 is 16-bit
    .buffer = playerWalkD4buf,
};

// Image: playerWalkD5.png (13x20)
static unsigned char playerWalkD5buf[] = {
    0x07, 0xe0, 0x07, 0xe0, 0x07, 0xe0, 0x07, 0xe0, 0x07, 0xe0, 0x07, 0xe0, 0x07, 0xe0, 0x07, 0xe0, 
    0x07, 0xe0, 0x07, 0xe0, 0x07, 0xe0, 0x07, 0xe0, 0x07, 0xe0, 0x07, 0xe0, 0x07, 0xe0, 0x07, 0xe0, 
    0x08, 0x23, 0x08, 0x23, 0x08, 0x23, 0x08, 0x23, 0x08, 0x23, 0x08, 0x23, 0x08, 0x23, 0x07, 0xe0, 
    0x07, 0xe0, 0x07, 0xe0, 0x07, 0xe0, 0x07, 0xe0, 0x08, 0x23, 0x59, 0x65, 0x59, 0x65, 0x72, 0x28, 
    0x72, 0x28, 0x72, 0x28, 0x72, 0x28, 0x59, 0x65, 0x08, 0x23, 0x07, 0xe0, 0x07, 0xe0, 0x07, 0xe0, 
    0x08, 0x23, 0x72, 0x28, 0x72, 0x28, 0x72, 0x28, 0x72, 0x28, 0x72, 0x28, 0x72, 0x28, 0x72, 0x28, 
    0x72, 0x28, 0x59, 0x65, 0x08, 0x23, 0x07, 0xe0, 0x08, 0x23, 0x72, 0x28, 0x72, 0x28, 0x72, 0x28, 
    0x72, 0x28, 0x72, 0x28, 0x72, 0x28, 0x72, 0x28, 0x72, 0x28, 0x72, 0x28, 0x72, 0x28, 0x08, 0x23, 
    0x07, 0xe0, 0x08, 0x23, 0x72, 0x28, 0x72, 0x28, 0x72, 0x28, 0x72, 0x28, 0x72, 0x28, 0x72, 0x28, 
    0x72, 0x28, 0x72, 0x28, 0x72, 0x28, 0x72, 0x28, 0x59, 0x65, 0x08, 0x23, 0x08, 0x23, 0x72, 0x28, 
    0x72, 0x28, 0x59, 0x65, 0x72, 0x28, 0x72, 0x28, 0x59, 0x65, 0x08, 0x23, 0x08, 0x23, 0x59, 0x65, 
    0x72, 0x28, 0x59, 0x65, 0x08, 0x23, 0x08, 0x23, 0x59, 0x65, 0x59, 0x65, 0x59, 0x65, 0x72, 0x28, 
    0x59, 0x65, 0x08, 0x23, 0xd4, 0xee, 0xd4, 0xee, 0x08, 0x23, 0x08, 0x23, 0x59, 0x65, 0x08, 0x23, 
    0x08, 0x23, 0x59, 0x65, 0x59, 0x65, 0x08, 0x23, 0x59, 0x65, 0x08, 0x23, 0xd4, 0xee, 0xf6, 0x53, 
    0xf6, 0x53, 0xd4, 0xee, 0x08, 0x23, 0x08, 0x23, 0x07, 0xe0, 0x08, 0x23, 0x72, 0x28, 0x08, 0x23, 
    0xd4, 0xee, 0x08, 0x23, 0xd4, 0xee, 0x08, 0x23, 0xf6, 0x53, 0xf6, 0x53, 0x08, 0x23, 0x08, 0x23, 
    0x07, 0xe0, 0x07, 0xe0, 0x08, 0x23, 0x72, 0x28, 0x08, 0x23, 0xd4, 0xee, 0xd4, 0xee, 0xf6, 0x53, 
    0x08, 0x23, 0xf6, 0x53, 0xf6, 0x53, 0x08, 0x23, 0x08, 0x23, 0x07, 0xe0, 0x07, 0xe0, 0x07, 0xe0, 
    0x08, 0x23, 0xd4, 0xee, 0xd4, 0xee, 0xd4, 0xee, 0xf6, 0x53, 0xf6, 0x53, 0xf6, 0x53, 0xf6, 0x53, 
    0xd4, 0xee, 0x08, 0x23, 0x07, 0xe0, 0x07, 0xe0, 0x07, 0xe0, 0x07, 0xe0, 0x08, 0x23, 0xd4, 0xee, 
    0xd4, 0xee, 0xd4, 0xee, 0xf6, 0x53, 0xf6, 0x53, 0xd4, 0xee, 0x08, 0x23, 0x07, 0xe0, 0x07, 0xe0, 
    0x07, 0xe0, 0x07, 0xe0, 0x08, 0x23, 0x12, 0x69, 0x12, 0x69, 0x12, 0x69, 0x1b, 0x6a, 0x34, 0xc9, 
    0x34, 0xc9, 0x12, 0x69, 0x08, 0x23, 0x07, 0xe0, 0x07, 0xe0, 0x07, 0xe0, 0x07, 0xe0, 0x08, 0x23, 
    0xf6, 0x53, 0xf6, 0x53, 0x12, 0x69, 0x1b, 0x6a, 0x34, 0xc9, 0x1b, 0x6a, 0xd4, 0xee, 0xd4, 0xee, 
    0x08, 0x23, 0x07, 0xe0, 0x07, 0xe0, 0x07, 0xe0, 0x08, 0x23, 0xf6, 0x53, 0xf6, 0x53, 0x03, 0x55, 
    0x03, 0x55, 0x04, 0xdb, 0x03, 0x55, 0xd4, 0xee, 0xd4, 0xee, 0x08, 0x23, 0x07, 0xe0, 0x07, 0xe0, 
    0x07, 0xe0, 0x08, 0x23, 0x59, 0x65, 0x03, 0x55, 0x03, 0x55, 0x03, 0x55, 0x03, 0x55, 0x04, 0xdb, 
    0x03, 0x55, 0x08, 0x23, 0x07, 0xe0, 0x07, 0xe0, 0x07, 0xe0, 0x07, 0xe0, 0x08, 0x23, 0x59, 0x65, 
    0x59, 0x65, 0x08, 0x23, 0x08, 0x23, 0x08, 0x23, 0x03, 0x55, 0x04, 0xdb, 0x04, 0xdb, 0x08, 0x23, 
    0x07, 0xe0, 0x07, 0xe0, 0x07, 0xe0, 0x08, 0x23, 0x08, 0x23, 0x08, 0x23, 0x07, 0xe0, 0x07, 0xe0, 
    0x07, 0xe0, 0x08, 0x23, 0x59, 0x65, 0x59, 0x65, 0x59, 0x65, 0x08, 0x23, 0x07, 0xe0, 0x07, 0xe0, 
    0x07, 0xe0, 0x07, 0xe0, 0x07, 0xe0, 0x07, 0xe0, 0x07, 0xe0, 0x07, 0xe0, 0x07, 0xe0, 0x08, 0x23, 
    0x59, 0x65, 0x59, 0x65, 0x08, 0x23, 0x07, 0xe0, 
};

hagl_bitmap_t playerWalkD5 = {
    .width = 13,
    .height = 20,
    .depth = 16, // RGB565 is 16-bit
    .buffer = playerWalkD5buf,
};

// Image: playerWalkD6.png (13x20)
static unsigned char playerWalkD6buf[] = {
    0x07, 0xe0, 0x07, 0xe0, 0x07, 0xe0, 0x07, 0xe0, 0x07, 0xe0, 0x07, 0xe0, 0x07, 0xe0, 0x07, 0xe0, 
    0x07, 0xe0, 0x07, 0xe0, 0x07, 0xe0, 0x07, 0xe0, 0x07, 0xe0, 0x07, 0xe0, 0x07, 0xe0, 0x07, 0xe0, 
    0x07, 0xe0, 0x07, 0xe0, 0x07, 0xe0, 0x07, 0xe0, 0x07, 0xe0, 0x07, 0xe0, 0x07, 0xe0, 0x07, 0xe0, 
    0x07, 0xe0, 0x07, 0xe0, 0x07, 0xe0, 0x07, 0xe0, 0x07, 0xe0, 0x08, 0x23, 0x08, 0x23, 0x08, 0x23, 
    0x08, 0x23, 0x08, 0x23, 0x08, 0x23, 0x08, 0x23, 0x07, 0xe0, 0x07, 0xe0, 0x07, 0xe0, 0x07, 0xe0, 
    0x07, 0xe0, 0x08, 0x23, 0x59, 0x65, 0x59, 0x65, 0x72, 0x28, 0x72, 0x28, 0x72, 0x28, 0x72, 0x28, 
    0x59, 0x65, 0x08, 0x23, 0x07, 0xe0, 0x07, 0xe0, 0x07, 0xe0, 0x08, 0x23, 0x72, 0x28, 0x72, 0x28, 
    0x72, 0x28, 0x72, 0x28, 0x72, 0x28, 0x72, 0x28, 0x72, 0x28, 0x72, 0x28, 0x59, 0x65, 0x08, 0x23, 
    0x07, 0xe0, 0x08, 0x23, 0x72, 0x28, 0x72, 0x28, 0x72, 0x28, 0x72, 0x28, 0x72, 0x28, 0x72, 0x28, 
    0x72, 0x28, 0x72, 0x28, 0x72, 0x28, 0x72, 0x28, 0x08, 0x23, 0x07, 0xe0, 0x08, 0x23, 0x72, 0x28, 
    0x72, 0x28, 0x72, 0x28, 0x72, 0x28, 0x72, 0x28, 0x72, 0x28, 0x72, 0x28, 0x72, 0x28, 0x72, 0x28, 
    0x72, 0x28, 0x59, 0x65, 0x08, 0x23, 0x08, 0x23, 0x72, 0x28, 0x72, 0x28, 0x59, 0x65, 0x72, 0x28, 
    0x72, 0x28, 0x59, 0x65, 0x08, 0x23, 0x08, 0x23, 0x59, 0x65, 0x72, 0x28, 0x59, 0x65, 0x08, 0x23, 
    0x08, 0x23, 0x59, 0x65, 0x59, 0x65, 0x59, 0x65, 0x72, 0x28, 0x59, 0x65, 0x08, 0x23, 0xd4, 0xee, 
    0xd4, 0xee, 0x08, 0x23, 0x08, 0x23, 0x59, 0x65, 0x08, 0x23, 0x08, 0x23, 0x59, 0x65, 0x59, 0x65, 
    0x08, 0x23, 0x59, 0x65, 0x08, 0x23, 0xd4, 0xee, 0xf6, 0x53, 0xf6, 0x53, 0xd4, 0xee, 0x08, 0x23, 
    0x08, 0x23, 0x07, 0xe0, 0x08, 0x23, 0x72, 0x28, 0x08, 0x23, 0xd4, 0xee, 0x08, 0x23, 0xd4, 0xee, 
    0x08, 0x23, 0xf6, 0x53, 0xf6, 0x53, 0x08, 0x23, 0x08, 0x23, 0x07, 0xe0, 0x07, 0xe0, 0x08, 0x23, 
    0x72, 0x28, 0x08, 0x23, 0xd4, 0xee, 0xd4, 0xee, 0xf6, 0x53, 0x08, 0x23, 0xf6, 0x53, 0xf6, 0x53, 
    0x08, 0x23, 0x08, 0x23, 0x07, 0xe0, 0x07, 0xe0, 0x07, 0xe0, 0x08, 0x23, 0xd4, 0xee, 0xd4, 0xee, 
    0xd4, 0xee, 0xf6, 0x53, 0xf6, 0x53, 0xf6, 0x53, 0xf6, 0x53, 0xd4, 0xee, 0x08, 0x23, 0x07, 0xe0, 
    0x07, 0xe0, 0x07, 0xe0, 0x07, 0xe0, 0x08, 0x23, 0xd4, 0xee, 0xd4, 0xee, 0xd4, 0xee, 0xf6, 0x53, 
    0xf6, 0x53, 0xd4, 0xee, 0x08, 0x23, 0x07, 0xe0, 0x07, 0xe0, 0x07, 0xe0, 0x07, 0xe0, 0x07, 0xe0, 
    0x08, 0x23, 0x12, 0x69, 0x12, 0x69, 0x1b, 0x6a, 0x34, 0xc9, 0x34, 0xc9, 0x12, 0x69, 0xd4, 0xee, 
    0x08, 0x23, 0x07, 0xe0, 0x07, 0xe0, 0x07, 0xe0, 0x07, 0xe0, 0x08, 0x23, 0x12, 0x69, 0x12, 0x69, 
    0x1b, 0x6a, 0x34, 0xc9, 0x34, 0xc9, 0x12, 0x69, 0xd4, 0xee, 0x08, 0x23, 0x07, 0xe0, 0x07, 0xe0, 
    0x07, 0xe0, 0x07, 0xe0, 0x08, 0x23, 0xf6, 0x53, 0xf6, 0x53, 0x04, 0xdb, 0x04, 0xdb, 0x04, 0xdb, 
    0x04, 0xdb, 0x08, 0x23, 0x07, 0xe0, 0x07, 0xe0, 0x07, 0xe0, 0x07, 0xe0, 0x07, 0xe0, 0x08, 0x23, 
    0xf6, 0x53, 0xf6, 0x53, 0x04, 0xdb, 0x04, 0xdb, 0x04, 0xdb, 0x04, 0xdb, 0x08, 0x23, 0x07, 0xe0, 
    0x07, 0xe0, 0x07, 0xe0, 0x07, 0xe0, 0x07, 0xe0, 0x07, 0xe0, 0x08, 0x23, 0x08, 0x23, 0x03, 0x55, 
    0x03, 0x55, 0x04, 0xdb, 0x59, 0x65, 0x59, 0x65, 0x08, 0x23, 0x07, 0xe0, 0x07, 0xe0, 0x07, 0xe0, 
    0x07, 0xe0, 0x07, 0xe0, 0x07, 0xe0, 0x07, 0xe0, 0x08, 0x23, 0x08, 0x23, 0x59, 0x65, 0x59, 0x65, 
    0x59, 0x65, 0x08, 0x23, 0x07, 0xe0, 0x07, 0xe0, 
};

hagl_bitmap_t playerWalkD6 = {
    .width = 13,
    .height = 20,
    .depth = 16, // RGB565 is 16-bit
    .buffer = playerWalkD6buf,
};

// Image: playerWalkS1.png (13x20)
static unsigned char playerWalkS1buf[] = {
    0x07, 0xe0, 0x07, 0xe0, 0x07, 0xe0, 0x08, 0x23, 0x08, 0x23, 0x08, 0x23, 0x08, 0x23, 0x08, 0x23, 
    0x08, 0x23, 0x08, 0x23, 0x07, 0xe0, 0x07, 0xe0, 0x07, 0xe0, 0x07, 0xe0, 0x07, 0xe0, 0x08, 0x23, 
    0x59, 0x65, 0x72, 0x28, 0x72, 0x28, 0x59, 0x65, 0x72, 0x28, 0x72, 0x28, 0x59, 0x65, 0x08, 0x23, 
    0x07, 0xe0, 0x07, 0xe0, 0x07, 0xe0, 0x08, 0x23, 0x59, 0x65, 0x72, 0x28, 0x72, 0x28, 0x72, 0x28, 
    0x72, 0x28, 0x72, 0x28, 0x72, 0x28, 0x72, 0x28, 0x59, 0x65, 0x08, 0x23, 0x07, 0xe0, 0x07, 0xe0, 
    0x08, 0x23, 0x72, 0x28, 0x72, 0x28, 0x72, 0x28, 0x72, 0x28, 0x59, 0x65, 0x72, 0x28, 0x72, 0x28, 
    0x72, 0x28, 0x72, 0x28, 0x08, 0x23, 0x07, 0xe0, 0x08, 0x23, 0x59, 0x65, 0x72, 0x28, 0x72, 0x28, 
    0x72, 0x28, 0x59, 0x65, 0x59, 0x65, 0x59, 0x65, 0x72, 0x28, 0x72, 0x28, 0x72, 0x28, 0x59, 0x65, 
    0x08, 0x23, 0x08, 0x23, 0x72, 0x28, 0x72, 0x28, 0x72, 0x28, 0x59, 0x65, 0x59, 0x65, 0x08, 0x23, 
    0x59, 0x65, 0x72, 0x28, 0x72, 0x28, 0x72, 0x28, 0x72, 0x28, 0x08, 0x23, 0x08, 0x23, 0x72, 0x28, 
    0x72, 0x28, 0x72, 0x28, 0x59, 0x65, 0x08, 0x23, 0xd4, 0xee, 0x08, 0x23, 0x59, 0x65, 0x72, 0x28, 
    0x72, 0x28, 0x72, 0x28, 0x08, 0x23, 0x08, 0x23, 0x59, 0x65, 0x59, 0x65, 0x08, 0x23, 0x08, 0x23, 
    0xd4, 0xee, 0xd4, 0xee, 0xd4, 0xee, 0x08, 0x23, 0x08, 0x23, 0x59, 0x65, 0x59, 0x65, 0x08, 0x23, 
    0x07, 0xe0, 0x08, 0x23, 0x08, 0x23, 0xd4, 0xee, 0x08, 0x23, 0xf6, 0x53, 0xf6, 0x53, 0xf6, 0x53, 
    0x08, 0x23, 0xd4, 0xee, 0x08, 0x23, 0x08, 0x23, 0x07, 0xe0, 0x07, 0xe0, 0x08, 0x23, 0xd4, 0xee, 
    0xd4, 0xee, 0x08, 0x23, 0xf6, 0x53, 0xf6, 0x53, 0xf6, 0x53, 0x08, 0x23, 0xd4, 0xee, 0xd4, 0xee, 
    0x08, 0x23, 0x07, 0xe0, 0x07, 0xe0, 0x07, 0xe0, 0x08, 0x23, 0xf6, 0x53, 0xf6, 0x53, 0xf6, 0x53, 
    0xf6, 0x53, 0xf6, 0x53, 0xf6, 0x53, 0xf6, 0x53, 0x08, 0x23, 0x07, 0xe0, 0x07, 0xe0, 0x07, 0xe0, 
    0x07, 0xe0, 0x08, 0x23, 0x12, 0x69, 0xf6, 0x53, 0xf6, 0x53, 0xf6, 0x53, 0xf6, 0x53, 0xf6, 0x53, 
    0x12, 0x69, 0x08, 0x23, 0x07, 0xe0, 0x07, 0xe0, 0x07, 0xe0, 0x07, 0xe0, 0x08, 0x23, 0x12, 0x69, 
    0x1b, 0x6a, 0x34, 0xc9, 0x34, 0xc9, 0x1b, 0x6a, 0x1b, 0x6a, 0x12, 0x69, 0x08, 0x23, 0x07, 0xe0, 
    0x07, 0xe0, 0x07, 0xe0, 0x08, 0x23, 0xf6, 0x53, 0x12, 0x69, 0x1b, 0x6a, 0x34, 0xc9, 0x34, 0xc9, 
    0x34, 0xc9, 0x1b, 0x6a, 0x12, 0x69, 0xd4, 0xee, 0x08, 0x23, 0x07, 0xe0, 0x07, 0xe0, 0x08, 0x23, 
    0xf6, 0x53, 0x12, 0x69, 0x1b, 0x6a, 0x1b, 0x6a, 0x34, 0xc9, 0x34, 0xc9, 0x1b, 0x6a, 0x12, 0x69, 
    0xd4, 0xee, 0x08, 0x23, 0x07, 0xe0, 0x07, 0xe0, 0x07, 0xe0, 0x08, 0x23, 0x04, 0xdb, 0x04, 0xdb, 
    0x04, 0xdb, 0x03, 0x55, 0x04, 0xdb, 0x04, 0xdb, 0x04, 0xdb, 0x04, 0xdb, 0x08, 0x23, 0x07, 0xe0, 
    0x07, 0xe0, 0x07, 0xe0, 0x08, 0x23, 0x04, 0xdb, 0x04, 0xdb, 0x03, 0x55, 0x08, 0x23, 0x03, 0x55, 
    0x04, 0xdb, 0x59, 0x65, 0x59, 0x65, 0x08, 0x23, 0x07, 0xe0, 0x07, 0xe0, 0x07, 0xe0, 0x08, 0x23, 
    0x04, 0xdb, 0x04, 0xdb, 0x03, 0x55, 0x08, 0x23, 0x08, 0x23, 0x59, 0x65, 0x59, 0x65, 0x59, 0x65, 
    0x08, 0x23, 0x07, 0xe0, 0x07, 0xe0, 0x07, 0xe0, 0x08, 0x23, 0x59, 0x65, 0x59, 0x65, 0x08, 0x23, 
    0x07, 0xe0, 0x07, 0xe0, 0x08, 0x23, 0x08, 0x23, 0x08, 0x23, 0x07, 0xe0, 0x07, 0xe0, 0x07, 0xe0, 
    0x07, 0xe0, 0x08, 0x23, 0x59, 0x65, 0x59, 0x65, 0x08, 0x23, 0x07, 0xe0, 0x07, 0xe0, 0x07, 0xe0, 
    0x07, 0xe0, 0x07, 0xe0, 0x07, 0xe0, 0x07, 0xe0, 
};

hagl_bitmap_t playerWalkS1 = {
    .width = 13,
    .height = 20,
    .depth = 16, // RGB565 is 16-bit
    .buffer = playerWalkS1buf,
};

// Image: playerWalkS2.png (13x20)
static unsigned char playerWalkS2buf[] = {
    0x07, 0xe0, 0x07, 0xe0, 0x07, 0xe0, 0x07, 0xe0, 0x07, 0xe0, 0x07, 0xe0, 0x07, 0xe0, 0x07, 0xe0, 
    0x07, 0xe0, 0x07, 0xe0, 0x07, 0xe0, 0x07, 0xe0, 0x07, 0xe0, 0x07, 0xe0, 0x07, 0xe0, 0x07, 0xe0, 
    0x08, 0x23, 0x08, 0x23, 0x08, 0x23, 0x08, 0x23, 0x08, 0x23, 0x08, 0x23, 0x08, 0x23, 0x07, 0xe0, 
    0x07, 0xe0, 0x07, 0xe0, 0x07, 0xe0, 0x07, 0xe0, 0x08, 0x23, 0x59, 0x65, 0x72, 0x28, 0x72, 0x28, 
    0x59, 0x65, 0x72, 0x28, 0x72, 0x28, 0x59, 0x65, 0x08, 0x23, 0x07, 0xe0, 0x07, 0xe0, 0x07, 0xe0, 
    0x08, 0x23, 0x59, 0x65, 0x72, 0x28, 0x72, 0x28, 0x72, 0x28, 0x72, 0x28, 0x72, 0x28, 0x72, 0x28, 
    0x72, 0x28, 0x59, 0x65, 0x08, 0x23, 0x07, 0xe0, 0x07, 0xe0, 0x08, 0x23, 0x72, 0x28, 0x72, 0x28, 
    0x72, 0x28, 0x72, 0x28, 0x59, 0x65, 0x72, 0x28, 0x72, 0x28, 0x72, 0x28, 0x72, 0x28, 0x08, 0x23, 
    0x07, 0xe0, 0x08, 0x23, 0x59, 0x65, 0x72, 0x28, 0x72, 0x28, 0x72, 0x28, 0x59, 0x65, 0x59, 0x65, 
    0x59, 0x65, 0x72, 0x28, 0x72, 0x28, 0x72, 0x28, 0x59, 0x65, 0x08, 0x23, 0x08, 0x23, 0x72, 0x28, 
    0x72, 0x28, 0x72, 0x28, 0x59, 0x65, 0x59, 0x65, 0x08, 0x23, 0x59, 0x65, 0x72, 0x28, 0x72, 0x28, 
    0x72, 0x28, 0x72, 0x28, 0x08, 0x23, 0x08, 0x23, 0x72, 0x28, 0x72, 0x28, 0x72, 0x28, 0x59, 0x65, 
    0x08, 0x23, 0xd4, 0xee, 0x08, 0x23, 0x59, 0x65, 0x72, 0x28, 0x72, 0x28, 0x72, 0x28, 0x08, 0x23, 
    0x08, 0x23, 0x59, 0x65, 0x59, 0x65, 0x08, 0x23, 0x08, 0x23, 0xd4, 0xee, 0xd4, 0xee, 0xd4, 0xee, 
    0x08, 0x23, 0x08, 0x23, 0x59, 0x65, 0x59, 0x65, 0x08, 0x23, 0x07, 0xe0, 0x08, 0x23, 0x08, 0x23, 
    0xd4, 0xee, 0x08, 0x23, 0xf6, 0x53, 0xf6, 0x53, 0xf6, 0x53, 0x08, 0x23, 0xd4, 0xee, 0x08, 0x23, 
    0x08, 0x23, 0x07, 0xe0, 0x07, 0xe0, 0x08, 0x23, 0xd4, 0xee, 0xd4, 0xee, 0x08, 0x23, 0xf6, 0x53, 
    0xf6, 0x53, 0xf6, 0x53, 0x08, 0x23, 0xd4, 0xee, 0xd4, 0xee, 0x08, 0x23, 0x07, 0xe0, 0x07, 0xe0, 
    0x07, 0xe0, 0x08, 0x23, 0xf6, 0x53, 0xf6, 0x53, 0xf6, 0x53, 0xf6, 0x53, 0xf6, 0x53, 0xf6, 0x53, 
    0xf6, 0x53, 0x08, 0x23, 0x07, 0xe0, 0x07, 0xe0, 0x07, 0xe0, 0x07, 0xe0, 0x08, 0x23, 0x12, 0x69, 
    0xf6, 0x53, 0xf6, 0x53, 0xf6, 0x53, 0xf6, 0x53, 0xf6, 0x53, 0x12, 0x69, 0x08, 0x23, 0x07, 0xe0, 
    0x07, 0xe0, 0x07, 0xe0, 0x08, 0x23, 0x08, 0x23, 0x12, 0x69, 0x1b, 0x6a, 0x34, 0xc9, 0x34, 0xc9, 
    0x1b, 0x6a, 0x1b, 0x6a, 0x12, 0x69, 0x08, 0x23, 0x07, 0xe0, 0x07, 0xe0, 0x08, 0x23, 0xf6, 0x53, 
    0xf6, 0x53, 0x12, 0x69, 0x1b, 0x6a, 0x34, 0xc9, 0x34, 0xc9, 0x34, 0xc9, 0x1b, 0x6a, 0x12, 0x69, 
    0xd4, 0xee, 0x08, 0x23, 0x07, 0xe0, 0x08, 0x23, 0xf6, 0x53, 0xf6, 0x53, 0x12, 0x69, 0x1b, 0x6a, 
    0x1b, 0x6a, 0x34, 0xc9, 0x34, 0xc9, 0x1b, 0x6a, 0x12, 0x69, 0xd4, 0xee, 0x08, 0x23, 0x07, 0xe0, 
    0x07, 0xe0, 0x08, 0x23, 0x08, 0x23, 0x04, 0xdb, 0x04, 0xdb, 0x04, 0xdb, 0x03, 0x55, 0x04, 0xdb, 
    0x04, 0xdb, 0x04, 0xdb, 0x08, 0x23, 0x07, 0xe0, 0x07, 0xe0, 0x07, 0xe0, 0x07, 0xe0, 0x08, 0x23, 
    0x59, 0x65, 0x59, 0x65, 0x59, 0x65, 0x08, 0x23, 0x03, 0x55, 0x04, 0xdb, 0x04, 0xdb, 0x08, 0x23, 
    0x07, 0xe0, 0x07, 0xe0, 0x07, 0xe0, 0x07, 0xe0, 0x07, 0xe0, 0x08, 0x23, 0x08, 0x23, 0x08, 0x23, 
    0x08, 0x23, 0x08, 0x23, 0x04, 0xdb, 0x59, 0x65, 0x59, 0x65, 0x08, 0x23, 0x07, 0xe0, 0x07, 0xe0, 
    0x07, 0xe0, 0x07, 0xe0, 0x07, 0xe0, 0x07, 0xe0, 0x07, 0xe0, 0x07, 0xe0, 0x08, 0x23, 0x59, 0x65, 
    0x59, 0x65, 0x59, 0x65, 0x08, 0x23, 0x07, 0xe0, 
};

hagl_bitmap_t playerWalkS2 = {
    .width = 13,
    .height = 20,
    .depth = 16, // RGB565 is 16-bit
    .buffer = playerWalkS2buf,
};

// Image: playerWalkS3.png (13x20)
static unsigned char playerWalkS3buf[] = {
    0x07, 0xe0, 0x07, 0xe0, 0x07, 0xe0, 0x07, 0xe0, 0x07, 0xe0, 0x07, 0xe0, 0x07, 0xe0, 0x07, 0xe0, 
    0x07, 0xe0, 0x07, 0xe0, 0x07, 0xe0, 0x07, 0xe0, 0x07, 0xe0, 0x07, 0xe0, 0x07, 0xe0, 0x07, 0xe0, 
    0x07, 0xe0, 0x07, 0xe0, 0x07, 0xe0, 0x07, 0xe0, 0x07, 0xe0, 0x07, 0xe0, 0x07, 0xe0, 0x07, 0xe0, 
    0x07, 0xe0, 0x07, 0xe0, 0x07, 0xe0, 0x07, 0xe0, 0x07, 0xe0, 0x08, 0x23, 0x08, 0x23, 0x08, 0x23, 
    0x08, 0x23, 0x08, 0x23, 0x08, 0x23, 0x08, 0x23, 0x07, 0xe0, 0x07, 0xe0, 0x07, 0xe0, 0x07, 0xe0, 
    0x07, 0xe0, 0x08, 0x23, 0x59, 0x65, 0x72, 0x28, 0x72, 0x28, 0x59, 0x65, 0x72, 0x28, 0x72, 0x28, 
    0x59, 0x65, 0x08, 0x23, 0x07, 0xe0, 0x07, 0xe0, 0x07, 0xe0, 0x08, 0x23, 0x59, 0x65, 0x72, 0x28, 
    0x72, 0x28, 0x72, 0x28, 0x72, 0x28, 0x72, 0x28, 0x72, 0x28, 0x72, 0x28, 0x59, 0x65, 0x08, 0x23, 
    0x07, 0xe0, 0x07, 0xe0, 0x08, 0x23, 0x72, 0x28, 0x72, 0x28, 0x72, 0x28, 0x72, 0x28, 0x59, 0x65, 
    0x72, 0x28, 0x72, 0x28, 0x72, 0x28, 0x72, 0x28, 0x08, 0x23, 0x07, 0xe0, 0x08, 0x23, 0x59, 0x65, 
    0x72, 0x28, 0x72, 0x28, 0x72, 0x28, 0x59, 0x65, 0x59, 0x65, 0x59, 0x65, 0x72, 0x28, 0x72, 0x28, 
    0x72, 0x28, 0x59, 0x65, 0x08, 0x23, 0x08, 0x23, 0x72, 0x28, 0x72, 0x28, 0x72, 0x28, 0x59, 0x65, 
    0x59, 0x65, 0x08, 0x23, 0x59, 0x65, 0x72, 0x28, 0x72, 0x28, 0x72, 0x28, 0x72, 0x28, 0x08, 0x23, 
    0x08, 0x23, 0x72, 0x28, 0x72, 0x28, 0x72, 0x28, 0x59, 0x65, 0x08, 0x23, 0xd4, 0xee, 0x08, 0x23, 
    0x59, 0x65, 0x72, 0x28, 0x72, 0x28, 0x72, 0x28, 0x08, 0x23, 0x08, 0x23, 0x59, 0x65, 0x59, 0x65, 
    0x08, 0x23, 0x08, 0x23, 0xd4, 0xee, 0xd4, 0xee, 0xd4, 0xee, 0x08, 0x23, 0x08, 0x23, 0x59, 0x65, 
    0x59, 0x65, 0x08, 0x23, 0x07, 0xe0, 0x08, 0x23, 0x08, 0x23, 0xd4, 0xee, 0x08, 0x23, 0xf6, 0x53, 
    0xf6, 0x53, 0xf6, 0x53, 0x08, 0x23, 0xd4, 0xee, 0x08, 0x23, 0x08, 0x23, 0x07, 0xe0, 0x07, 0xe0, 
    0x08, 0x23, 0xd4, 0xee, 0xd4, 0xee, 0x08, 0x23, 0xf6, 0x53, 0xf6, 0x53, 0xf6, 0x53, 0x08, 0x23, 
    0xd4, 0xee, 0xd4, 0xee, 0x08, 0x23, 0x07, 0xe0, 0x07, 0xe0, 0x07, 0xe0, 0x08, 0x23, 0xf6, 0x53, 
    0xf6, 0x53, 0xf6, 0x53, 0xf6, 0x53, 0xf6, 0x53, 0xf6, 0x53, 0xf6, 0x53, 0x08, 0x23, 0x07, 0xe0, 
    0x07, 0xe0, 0x07, 0xe0, 0x07, 0xe0, 0x08, 0x23, 0x12, 0x69, 0xf6, 0x53, 0xf6, 0x53, 0xf6, 0x53, 
    0xf6, 0x53, 0xf6, 0x53, 0x12, 0x69, 0x08, 0x23, 0x07, 0xe0, 0x07, 0xe0, 0x07, 0xe0, 0x07, 0xe0, 
    0x08, 0x23, 0x12, 0x69, 0x1b, 0x6a, 0x34, 0xc9, 0x34, 0xc9, 0x1b, 0x6a, 0x1b, 0x6a, 0x12, 0x69, 
    0x08, 0x23, 0x07, 0xe0, 0x07, 0xe0, 0x07, 0xe0, 0x08, 0x23, 0x12, 0x69, 0x12, 0x69, 0x1b, 0x6a, 
    0x34, 0xc9, 0x34, 0xc9, 0x34, 0xc9, 0x1b, 0x6a, 0x12, 0x69, 0x08, 0x23, 0x07, 0xe0, 0x07, 0xe0, 
    0x08, 0x23, 0xf6, 0x53, 0xf6, 0x53, 0x12, 0x69, 0x1b, 0x6a, 0x1b, 0x6a, 0x34, 0xc9, 0x34, 0xc9, 
    0x1b, 0x6a, 0x12, 0x69, 0xd4, 0xee, 0x08, 0x23, 0x07, 0xe0, 0x08, 0x23, 0xf6, 0x53, 0xf6, 0x53, 
    0x04, 0xdb, 0x04, 0xdb, 0x04, 0xdb, 0x03, 0x55, 0x04, 0xdb, 0x04, 0xdb, 0x04, 0xdb, 0xd4, 0xee, 
    0x08, 0x23, 0x07, 0xe0, 0x07, 0xe0, 0x08, 0x23, 0x08, 0x23, 0x59, 0x65, 0x59, 0x65, 0x59, 0x65, 
    0x08, 0x23, 0x59, 0x65, 0x59, 0x65, 0x04, 0xdb, 0x08, 0x23, 0x07, 0xe0, 0x07, 0xe0, 0x07, 0xe0, 
    0x07, 0xe0, 0x07, 0xe0, 0x08, 0x23, 0x08, 0x23, 0x08, 0x23, 0x08, 0x23, 0x59, 0x65, 0x59, 0x65, 
    0x59, 0x65, 0x08, 0x23, 0x07, 0xe0, 0x07, 0xe0, 
};

hagl_bitmap_t playerWalkS3 = {
    .width = 13,
    .height = 20,
    .depth = 16, // RGB565 is 16-bit
    .buffer = playerWalkS3buf,
};

// Image: playerWalkS4.png (13x20)
static unsigned char playerWalkS4buf[] = {
    0x07, 0xe0, 0x07, 0xe0, 0x07, 0xe0, 0x08, 0x23, 0x08, 0x23, 0x08, 0x23, 0x08, 0x23, 0x08, 0x23, 
    0x08, 0x23, 0x08, 0x23, 0x07, 0xe0, 0x07, 0xe0, 0x07, 0xe0, 0x07, 0xe0, 0x07, 0xe0, 0x08, 0x23, 
    0x59, 0x65, 0x72, 0x28, 0x72, 0x28, 0x59, 0x65, 0x72, 0x28, 0x72, 0x28, 0x59, 0x65, 0x08, 0x23, 
    0x07, 0xe0, 0x07, 0xe0, 0x07, 0xe0, 0x08, 0x23, 0x59, 0x65, 0x72, 0x28, 0x72, 0x28, 0x72, 0x28, 
    0x72, 0x28, 0x72, 0x28, 0x72, 0x28, 0x72, 0x28, 0x59, 0x65, 0x08, 0x23, 0x07, 0xe0, 0x07, 0xe0, 
    0x08, 0x23, 0x72, 0x28, 0x72, 0x28, 0x72, 0x28, 0x72, 0x28, 0x59, 0x65, 0x72, 0x28, 0x72, 0x28, 
    0x72, 0x28, 0x72, 0x28, 0x08, 0x23, 0x07, 0xe0, 0x08, 0x23, 0x59, 0x65, 0x72, 0x28, 0x72, 0x28, 
    0x72, 0x28, 0x59, 0x65, 0x59, 0x65, 0x59, 0x65, 0x72, 0x28, 0x72, 0x28, 0x72, 0x28, 0x59, 0x65, 
    0x08, 0x23, 0x08, 0x23, 0x72, 0x28, 0x72, 0x28, 0x72, 0x28, 0x59, 0x65, 0x59, 0x65, 0x08, 0x23, 
    0x59, 0x65, 0x72, 0x28, 0x72, 0x28, 0x72, 0x28, 0x72, 0x28, 0x08, 0x23, 0x08, 0x23, 0x72, 0x28, 
    0x72, 0x28, 0x72, 0x28, 0x59, 0x65, 0x08, 0x23, 0xd4, 0xee, 0x08, 0x23, 0x59, 0x65, 0x72, 0x28, 
    0x72, 0x28, 0x72, 0x28, 0x08, 0x23, 0x08, 0x23, 0x59, 0x65, 0x59, 0x65, 0x08, 0x23, 0x08, 0x23, 
    0xd4, 0xee, 0xd4, 0xee, 0xd4, 0xee, 0x08, 0x23, 0x08, 0x23, 0x59, 0x65, 0x59, 0x65, 0x08, 0x23, 
    0x07, 0xe0, 0x08, 0x23, 0x08, 0x23, 0xd4, 0xee, 0x08, 0x23, 0xf6, 0x53, 0xf6, 0x53, 0xf6, 0x53, 
    0x08, 0x23, 0xd4, 0xee, 0x08, 0x23, 0x08, 0x23, 0x07, 0xe0, 0x07, 0xe0, 0x08, 0x23, 0xd4, 0xee, 
    0xd4, 0xee, 0x08, 0x23, 0xf6, 0x53, 0xf6, 0x53, 0xf6, 0x53, 0x08, 0x23, 0xd4, 0xee, 0xd4, 0xee, 
    0x08, 0x23, 0x07, 0xe0, 0x07, 0xe0, 0x07, 0xe0, 0x08, 0x23, 0xf6, 0x53, 0xf6, 0x53, 0xf6, 0x53, 
    0xf6, 0x53, 0xf6, 0x53, 0xf6, 0x53, 0xf6, 0x53, 0x08, 0x23, 0x07, 0xe0, 0x07, 0xe0, 0x07, 0xe0, 
    0x07, 0xe0, 0x08, 0x23, 0x12, 0x69, 0xf6, 0x53, 0xf6, 0x53, 0xf6, 0x53, 0xf6, 0x53, 0xf6, 0x53, 
    0x12, 0x69, 0x08, 0x23, 0x07, 0xe0, 0x07, 0xe0, 0x07, 0xe0, 0x07, 0xe0, 0x08, 0x23, 0x12, 0x69, 
    0x1b, 0x6a, 0x34, 0xc9, 0x34, 0xc9, 0x1b, 0x6a, 0x1b, 0x6a, 0x12, 0x69, 0x08, 0x23, 0x07, 0xe0, 
    0x07, 0xe0, 0x07, 0xe0, 0x08, 0x23, 0xd4, 0xee, 0x12, 0x69, 0x1b, 0x6a, 0x34, 0xc9, 0x34, 0xc9, 
    0x34, 0xc9, 0x1b, 0x6a, 0x12, 0x69, 0xf6, 0x53, 0x08, 0x23, 0x07, 0xe0, 0x07, 0xe0, 0x08, 0x23, 
    0xd4, 0xee, 0x12, 0x69, 0x1b, 0x6a, 0x1b, 0x6a, 0x34, 0xc9, 0x34, 0xc9, 0x1b, 0x6a, 0x12, 0x69, 
    0xf6, 0x53, 0x08, 0x23, 0x07, 0xe0, 0x07, 0xe0, 0x08, 0x23, 0x04, 0xdb, 0x04, 0xdb, 0x04, 0xdb, 
    0x04, 0xdb, 0x03, 0x55, 0x04, 0xdb, 0x04, 0xdb, 0x04, 0xdb, 0x08, 0x23, 0x07, 0xe0, 0x07, 0xe0, 
    0x07, 0xe0, 0x08, 0x23, 0x59, 0x65, 0x59, 0x65, 0x04, 0xdb, 0x03, 0x55, 0x08, 0x23, 0x03, 0x55, 
    0x04, 0xdb, 0x04, 0xdb, 0x08, 0x23, 0x07, 0xe0, 0x07, 0xe0, 0x07, 0xe0, 0x08, 0x23, 0x59, 0x65, 
    0x59, 0x65, 0x59, 0x65, 0x08, 0x23, 0x08, 0x23, 0x03, 0x55, 0x04, 0xdb, 0x04, 0xdb, 0x08, 0x23, 
    0x07, 0xe0, 0x07, 0xe0, 0x07, 0xe0, 0x07, 0xe0, 0x08, 0x23, 0x08, 0x23, 0x08, 0x23, 0x07, 0xe0, 
    0x07, 0xe0, 0x08, 0x23, 0x59, 0x65, 0x59, 0x65, 0x08, 0x23, 0x07, 0xe0, 0x07, 0xe0, 0x07, 0xe0, 
    0x07, 0xe0, 0x07, 0xe0, 0x07, 0xe0, 0x07, 0xe0, 0x07, 0xe0, 0x07, 0xe0, 0x08, 0x23, 0x59, 0x65, 
    0x59, 0x65, 0x08, 0x23, 0x07, 0xe0, 0x07, 0xe0, 
};

hagl_bitmap_t playerWalkS4 = {
    .width = 13,
    .height = 20,
    .depth = 16, // RGB565 is 16-bit
    .buffer = playerWalkS4buf,
};

// Image: playerWalkS5.png (13x20)
static unsigned char playerWalkS5buf[] = {
    0x07, 0xe0, 0x07, 0xe0, 0x07, 0xe0, 0x07, 0xe0, 0x07, 0xe0, 0x07, 0xe0, 0x07, 0xe0, 0x07, 0xe0, 
    0x07, 0xe0, 0x07, 0xe0, 0x07, 0xe0, 0x07, 0xe0, 0x07, 0xe0, 0x07, 0xe0, 0x07, 0xe0, 0x07, 0xe0, 
    0x08, 0x23, 0x08, 0x23, 0x08, 0x23, 0x08, 0x23, 0x08, 0x23, 0x08, 0x23, 0x08, 0x23, 0x07, 0xe0, 
    0x07, 0xe0, 0x07, 0xe0, 0x07, 0xe0, 0x07, 0xe0, 0x08, 0x23, 0x59, 0x65, 0x72, 0x28, 0x72, 0x28, 
    0x59, 0x65, 0x72, 0x28, 0x72, 0x28, 0x59, 0x65, 0x08, 0x23, 0x07, 0xe0, 0x07, 0xe0, 0x07, 0xe0, 
    0x08, 0x23, 0x59, 0x65, 0x72, 0x28, 0x72, 0x28, 0x72, 0x28, 0x72, 0x28, 0x72, 0x28, 0x72, 0x28, 
    0x72, 0x28, 0x59, 0x65, 0x08, 0x23, 0x07, 0xe0, 0x07, 0xe0, 0x08, 0x23, 0x72, 0x28, 0x72, 0x28, 
    0x72, 0x28, 0x72, 0x28, 0x59, 0x65, 0x72, 0x28, 0x72, 0x28, 0x72, 0x28, 0x72, 0x28, 0x08, 0x23, 
    0x07, 0xe0, 0x08, 0x23, 0x59, 0x65, 0x72, 0x28, 0x72, 0x28, 0x72, 0x28, 0x59, 0x65, 0x59, 0x65, 
    0x59, 0x65, 0x72, 0x28, 0x72, 0x28, 0x72, 0x28, 0x59, 0x65, 0x08, 0x23, 0x08, 0x23, 0x72, 0x28, 
    0x72, 0x28, 0x72, 0x28, 0x59, 0x65, 0x59, 0x65, 0x08, 0x23, 0x59, 0x65, 0x72, 0x28, 0x72, 0x28, 
    0x72, 0x28, 0x72, 0x28, 0x08, 0x23, 0x08, 0x23, 0x72, 0x28, 0x72, 0x28, 0x72, 0x28, 0x59, 0x65, 
    0x08, 0x23, 0xd4, 0xee, 0x08, 0x23, 0x59, 0x65, 0x72, 0x28, 0x72, 0x28, 0x72, 0x28, 0x08, 0x23, 
    0x08, 0x23, 0x59, 0x65, 0x59, 0x65, 0x08, 0x23, 0x08, 0x23, 0xd4, 0xee, 0xd4, 0xee, 0xd4, 0xee, 
    0x08, 0x23, 0x08, 0x23, 0x59, 0x65, 0x59, 0x65, 0x08, 0x23, 0x07, 0xe0, 0x08, 0x23, 0x08, 0x23, 
    0xd4, 0xee, 0x08, 0x23, 0xf6, 0x53, 0xf6, 0x53, 0xf6, 0x53, 0x08, 0x23, 0xd4, 0xee, 0x08, 0x23, 
    0x08, 0x23, 0x07, 0xe0, 0x07, 0xe0, 0x08, 0x23, 0xd4, 0xee, 0xd4, 0xee, 0x08, 0x23, 0xf6, 0x53, 
    0xf6, 0x53, 0xf6, 0x53, 0x08, 0x23, 0xd4, 0xee, 0xd4, 0xee, 0x08, 0x23, 0x07, 0xe0, 0x07, 0xe0, 
    0x07, 0xe0, 0x08, 0x23, 0xf6, 0x53, 0xf6, 0x53, 0xf6, 0x53, 0xf6, 0x53, 0xf6, 0x53, 0xf6, 0x53, 
    0xf6, 0x53, 0x08, 0x23, 0x07, 0xe0, 0x07, 0xe0, 0x07, 0xe0, 0x07, 0xe0, 0x08, 0x23, 0x12, 0x69, 
    0xf6, 0x53, 0xf6, 0x53, 0xf6, 0x53, 0xf6, 0x53, 0xf6, 0x53, 0x12, 0x69, 0x08, 0x23, 0x07, 0xe0, 
    0x07, 0xe0, 0x07, 0xe0, 0x07, 0xe0, 0x08, 0x23, 0x12, 0x69, 0x1b, 0x6a, 0x34, 0xc9, 0x34, 0xc9, 
    0x1b, 0x6a, 0x1b, 0x6a, 0x12, 0x69, 0x08, 0x23, 0x08, 0x23, 0x07, 0xe0, 0x07, 0xe0, 0x08, 0x23, 
    0xd4, 0xee, 0x12, 0x69, 0x1b, 0x6a, 0x34, 0xc9, 0x34, 0xc9, 0x34, 0xc9, 0x1b, 0x6a, 0x12, 0x69, 
    0xf6, 0x53, 0xf6, 0x53, 0x08, 0x23, 0x07, 0xe0, 0x08, 0x23, 0xd4, 0xee, 0x12, 0x69, 0x1b, 0x6a, 
    0x1b, 0x6a, 0x34, 0xc9, 0x34, 0xc9, 0x1b, 0x6a, 0x12, 0x69, 0xf6, 0x53, 0xf6, 0x53, 0x08, 0x23, 
    0x07, 0xe0, 0x07, 0xe0, 0x08, 0x23, 0x04, 0xdb, 0x04, 0xdb, 0x04, 0xdb, 0x03, 0x55, 0x04, 0xdb, 
    0x04, 0xdb, 0x04, 0xdb, 0x08, 0x23, 0x08, 0x23, 0x07, 0xe0, 0x07, 0xe0, 0x07, 0xe0, 0x08, 0x23, 
    0x04, 0xdb, 0x04, 0xdb, 0x03, 0x55, 0x08, 0x23, 0x59, 0x65, 0x59, 0x65, 0x59, 0x65, 0x08, 0x23, 
    0x07, 0xe0, 0x07, 0xe0, 0x07, 0xe0, 0x08, 0x23, 0x59, 0x65, 0x59, 0x65, 0x04, 0xdb, 0x08, 0x23, 
    0x08, 0x23, 0x08, 0x23, 0x08, 0x23, 0x08, 0x23, 0x07, 0xe0, 0x07, 0xe0, 0x07, 0xe0, 0x07, 0xe0, 
    0x08, 0x23, 0x59, 0x65, 0x59, 0x65, 0x59, 0x65, 0x08, 0x23, 0x07, 0xe0, 0x07, 0xe0, 0x07, 0xe0, 
    0x07, 0xe0, 0x07, 0xe0, 0x07, 0xe0, 0x07, 0xe0, 
};

hagl_bitmap_t playerWalkS5 = {
    .width = 13,
    .height = 20,
    .depth = 16, // RGB565 is 16-bit
    .buffer = playerWalkS5buf,
};

// Image: playerWalkS6.png (13x20)
static unsigned char playerWalkS6buf[] = {
    0x07, 0xe0, 0x07, 0xe0, 0x07, 0xe0, 0x07, 0xe0, 0x07, 0xe0, 0x07, 0xe0, 0x07, 0xe0, 0x07, 0xe0, 
    0x07, 0xe0, 0x07, 0xe0, 0x07, 0xe0, 0x07, 0xe0, 0x07, 0xe0, 0x07, 0xe0, 0x07, 0xe0, 0x07, 0xe0, 
    0x07, 0xe0, 0x07, 0xe0, 0x07, 0xe0, 0x07, 0xe0, 0x07, 0xe0, 0x07, 0xe0, 0x07, 0xe0, 0x07, 0xe0, 
    0x07, 0xe0, 0x07, 0xe0, 0x07, 0xe0, 0x07, 0xe0, 0x07, 0xe0, 0x08, 0x23, 0x08, 0x23, 0x08, 0x23, 
    0x08, 0x23, 0x08, 0x23, 0x08, 0x23, 0x08, 0x23, 0x07, 0xe0, 0x07, 0xe0, 0x07, 0xe0, 0x07, 0xe0, 
    0x07, 0xe0, 0x08, 0x23, 0x59, 0x65, 0x72, 0x28, 0x72, 0x28, 0x59, 0x65, 0x72, 0x28, 0x72, 0x28, 
    0x59, 0x65, 0x08, 0x23, 0x07, 0xe0, 0x07, 0xe0, 0x07, 0xe0, 0x08, 0x23, 0x59, 0x65, 0x72, 0x28, 
    0x72, 0x28, 0x72, 0x28, 0x72, 0x28, 0x72, 0x28, 0x72, 0x28, 0x72, 0x28, 0x59, 0x65, 0x08, 0x23, 
    0x07, 0xe0, 0x07, 0xe0, 0x08, 0x23, 0x72, 0x28, 0x72, 0x28, 0x72, 0x28, 0x72, 0x28, 0x59, 0x65, 
    0x72, 0x28, 0x72, 0x28, 0x72, 0x28, 0x72, 0x28, 0x08, 0x23, 0x07, 0xe0, 0x08, 0x23, 0x59, 0x65, 
    0x72, 0x28, 0x72, 0x28, 0x72, 0x28, 0x59, 0x65, 0x59, 0x65, 0x59, 0x65, 0x72, 0x28, 0x72, 0x28, 
    0x72, 0x28, 0x59, 0x65, 0x08, 0x23, 0x08, 0x23, 0x72, 0x28, 0x72, 0x28, 0x72, 0x28, 0x59, 0x65, 
    0x59, 0x65, 0x08, 0x23, 0x59, 0x65, 0x72, 0x28, 0x72, 0x28, 0x72, 0x28, 0x72, 0x28, 0x08, 0x23, 
    0x08, 0x23, 0x72, 0x28, 0x72, 0x28, 0x72, 0x28, 0x59, 0x65, 0x08, 0x23, 0xd4, 0xee, 0x08, 0x23, 
    0x59, 0x65, 0x72, 0x28, 0x72, 0x28, 0x72, 0x28, 0x08, 0x23, 0x08, 0x23, 0x59, 0x65, 0x59, 0x65, 
    0x08, 0x23, 0x08, 0x23, 0xd4, 0xee, 0xd4, 0xee, 0xd4, 0xee, 0x08, 0x23, 0x08, 0x23, 0x59, 0x65, 
    0x59, 0x65, 0x08, 0x23, 0x07, 0xe0, 0x08, 0x23, 0x08, 0x23, 0xd4, 0xee, 0x08, 0x23, 0xf6, 0x53, 
    0xf6, 0x53, 0xf6, 0x53, 0x08, 0x23, 0xd4, 0xee, 0x08, 0x23, 0x08, 0x23, 0x07, 0xe0, 0x07, 0xe0, 
    0x08, 0x23, 0xd4, 0xee, 0xd4, 0xee, 0x08, 0x23, 0xf6, 0x53, 0xf6, 0x53, 0xf6, 0x53, 0x08, 0x23, 
    0xd4, 0xee, 0xd4, 0xee, 0x08, 0x23, 0x07, 0xe0, 0x07, 0xe0, 0x07, 0xe0, 0x08, 0x23, 0xf6, 0x53, 
    0xf6, 0x53, 0xf6, 0x53, 0xf6, 0x53, 0xf6, 0x53, 0xf6, 0x53, 0xf6, 0x53, 0x08, 0x23, 0x07, 0xe0, 
    0x07, 0xe0, 0x07, 0xe0, 0x07, 0xe0, 0x08, 0x23, 0x12, 0x69, 0xf6, 0x53, 0xf6, 0x53, 0xf6, 0x53, 
    0xf6, 0x53, 0xf6, 0x53, 0x12, 0x69, 0x08, 0x23, 0x07, 0xe0, 0x07, 0xe0, 0x07, 0xe0, 0x07, 0xe0, 
    0x08, 0x23, 0x12, 0x69, 0x1b, 0x6a, 0x34, 0xc9, 0x34, 0xc9, 0x1b, 0x6a, 0x1b, 0x6a, 0x12, 0x69, 
    0x08, 0x23, 0x07, 0xe0, 0x07, 0xe0, 0x07, 0xe0, 0x07, 0xe0, 0x08, 0x23, 0x12, 0x69, 0x1b, 0x6a, 
    0x34, 0xc9, 0x34, 0xc9, 0x34, 0xc9, 0x1b, 0x6a, 0x12, 0x69, 0x12, 0x69, 0x08, 0x23, 0x07, 0xe0, 
    0x07, 0xe0, 0x08, 0x23, 0xd4, 0xee, 0x12, 0x69, 0x1b, 0x6a, 0x1b, 0x6a, 0x34, 0xc9, 0x34, 0xc9, 
    0x1b, 0x6a, 0x12, 0x69, 0xf6, 0x53, 0xf6, 0x53, 0x08, 0x23, 0x07, 0xe0, 0x08, 0x23, 0xd4, 0xee, 
    0x04, 0xdb, 0x04, 0xdb, 0x04, 0xdb, 0x03, 0x55, 0x04, 0xdb, 0x04, 0xdb, 0x04, 0xdb, 0xf6, 0x53, 
    0xf6, 0x53, 0x08, 0x23, 0x07, 0xe0, 0x07, 0xe0, 0x08, 0x23, 0x04, 0xdb, 0x59, 0x65, 0x59, 0x65, 
    0x08, 0x23, 0x59, 0x65, 0x59, 0x65, 0x59, 0x65, 0x08, 0x23, 0x08, 0x23, 0x07, 0xe0, 0x07, 0xe0, 
    0x07, 0xe0, 0x08, 0x23, 0x59, 0x65, 0x59, 0x65, 0x59, 0x65, 0x08, 0x23, 0x08, 0x23, 0x08, 0x23, 
    0x08, 0x23, 0x07, 0xe0, 0x07, 0xe0, 0x07, 0xe0, 
};

hagl_bitmap_t playerWalkS6 = {
    .width = 13,
    .height = 20,
    .depth = 16, // RGB565 is 16-bit
    .buffer = playerWalkS6buf,
};

// Image: playerWalkW1.png (13x20)
static unsigned char playerWalkW1buf[] = {
    0x07, 0xe0, 0x07, 0xe0, 0x07, 0xe0, 0x08, 0x23, 0x08, 0x23, 0x08, 0x23, 0x08, 0x23, 0x08, 0x23, 
    0x08, 0x23, 0x08, 0x23, 0x07, 0xe0, 0x07, 0xe0, 0x07, 0xe0, 0x07, 0xe0, 0x07, 0xe0, 0x08, 0x23, 
    0x59, 0x65, 0x59, 0x65, 0x72, 0x28, 0x72, 0x28, 0x72, 0x28, 0x59, 0x65, 0x59, 0x65, 0x08, 0x23, 
    0x07, 0xe0, 0x07, 0xe0, 0x07, 0xe0, 0x08, 0x23, 0x59, 0x65, 0x72, 0x28, 0x72, 0x28, 0x72, 0x28, 
    0x72, 0x28, 0x72, 0x28, 0x72, 0x28, 0x72, 0x28, 0x59, 0x65, 0x08, 0x23, 0x07, 0xe0, 0x07, 0xe0, 
    0x08, 0x23, 0x72, 0x28, 0x72, 0x28, 0x72, 0x28, 0x72, 0x28, 0x72, 0x28, 0x72, 0x28, 0x72, 0x28, 
    0x72, 0x28, 0x72, 0x28, 0x08, 0x23, 0x07, 0xe0, 0x08, 0x23, 0x72, 0x28, 0x72, 0x28, 0x72, 0x28, 
    0x72, 0x28, 0x72, 0x28, 0x72, 0x28, 0x72, 0x28, 0x72, 0x28, 0x72, 0x28, 0x72, 0x28, 0x72, 0x28, 
    0x08, 0x23, 0x08, 0x23, 0x72, 0x28, 0x72, 0x28, 0x72, 0x28, 0x72, 0x28, 0x72, 0x28, 0x72, 0x28, 
    0x72, 0x28, 0x72, 0x28, 0x72, 0x28, 0x72, 0x28, 0x72, 0x28, 0x08, 0x23, 0x08, 0x23, 0x59, 0x65, 
    0x72, 0x28, 0x72, 0x28, 0x72, 0x28, 0x72, 0x28, 0x72, 0x28, 0x72, 0x28, 0x72, 0x28, 0x72, 0x28, 
    0x72, 0x28, 0x59, 0x65, 0x08, 0x23, 0x08, 0x23, 0x59, 0x65, 0x59, 0x65, 0x59, 0x65, 0x72, 0x28, 
    0x72, 0x28, 0x72, 0x28, 0x72, 0x28, 0x72, 0x28, 0x59, 0x65, 0x59, 0x65, 0x59, 0x65, 0x08, 0x23, 
    0x07, 0xe0, 0x08, 0x23, 0x59, 0x65, 0x59, 0x65, 0x59, 0x65, 0x59, 0x65, 0x59, 0x65, 0x59, 0x65, 
    0x59, 0x65, 0x59, 0x65, 0x59, 0x65, 0x08, 0x23, 0x07, 0xe0, 0x07, 0xe0, 0x08, 0x23, 0x59, 0x65, 
    0x59, 0x65, 0x59, 0x65, 0x59, 0x65, 0x59, 0x65, 0x59, 0x65, 0x59, 0x65, 0x59, 0x65, 0x59, 0x65, 
    0x08, 0x23, 0x07, 0xe0, 0x07, 0xe0, 0x07, 0xe0, 0x08, 0x23, 0x08, 0x23, 0x59, 0x65, 0x59, 0x65, 
    0x59, 0x65, 0x59, 0x65, 0x59, 0x65, 0x08, 0x23, 0x08, 0x23, 0x07, 0xe0, 0x07, 0xe0, 0x07, 0xe0, 
    0x07, 0xe0, 0x08, 0x23, 0x12, 0x69, 0x08, 0x23, 0x08, 0x23, 0x08, 0x23, 0x08, 0x23, 0x08, 0x23, 
    0x12, 0x69, 0x08, 0x23, 0x07, 0xe0, 0x07, 0xe0, 0x07, 0xe0, 0x07, 0xe0, 0x08, 0x23, 0x12, 0x69, 
    0x1b, 0x6a, 0x34, 0xc9, 0x34, 0xc9, 0x1b, 0x6a, 0x1b, 0x6a, 0x12, 0x69, 0x08, 0x23, 0x08, 0x23, 
    0x07, 0xe0, 0x07, 0xe0, 0x07, 0xe0, 0x08, 0x23, 0x12, 0x69, 0x1b, 0x6a, 0x34, 0xc9, 0x34, 0xc9, 
    0x34, 0xc9, 0x1b, 0x6a, 0x12, 0x69, 0xf6, 0x53, 0xf6, 0x53, 0x08, 0x23, 0x07, 0xe0, 0x07, 0xe0, 
    0x08, 0x23, 0x12, 0x69, 0x1b, 0x6a, 0x1b, 0x6a, 0x34, 0xc9, 0x34, 0xc9, 0x1b, 0x6a, 0x12, 0x69, 
    0xf6, 0x53, 0xf6, 0x53, 0x08, 0x23, 0x07, 0xe0, 0x07, 0xe0, 0x08, 0x23, 0x04, 0xdb, 0x04, 0xdb, 
    0x03, 0x55, 0x03, 0x55, 0x03, 0x55, 0x03, 0x55, 0x03, 0x55, 0x08, 0x23, 0x08, 0x23, 0x07, 0xe0, 
    0x07, 0xe0, 0x07, 0xe0, 0x08, 0x23, 0x59, 0x65, 0x59, 0x65, 0x59, 0x65, 0x59, 0x65, 0x59, 0x65, 
    0x03, 0x55, 0x03, 0x55, 0x08, 0x23, 0x07, 0xe0, 0x07, 0xe0, 0x07, 0xe0, 0x07, 0xe0, 0x07, 0xe0, 
    0x08, 0x23, 0x08, 0x23, 0x08, 0x23, 0x59, 0x65, 0x59, 0x65, 0x59, 0x65, 0x03, 0x55, 0x08, 0x23, 
    0x07, 0xe0, 0x07, 0xe0, 0x07, 0xe0, 0x07, 0xe0, 0x07, 0xe0, 0x07, 0xe0, 0x07, 0xe0, 0x08, 0x23, 
    0x59, 0x65, 0x59, 0x65, 0x59, 0x65, 0x08, 0x23, 0x07, 0xe0, 0x07, 0xe0, 0x07, 0xe0, 0x07, 0xe0, 
    0x07, 0xe0, 0x07, 0xe0, 0x07, 0xe0, 0x07, 0xe0, 0x07, 0xe0, 0x08, 0x23, 0x08, 0x23, 0x08, 0x23, 
    0x07, 0xe0, 0x07, 0xe0, 0x07, 0xe0, 0x07, 0xe0, 
};

hagl_bitmap_t playerWalkW1 = {
    .width = 13,
    .height = 20,
    .depth = 16, // RGB565 is 16-bit
    .buffer = playerWalkW1buf,
};

// Image: playerWalkW2.png (13x20)
static unsigned char playerWalkW2buf[] = {
    0x07, 0xe0, 0x07, 0xe0, 0x07, 0xe0, 0x07, 0xe0, 0x07, 0xe0, 0x07, 0xe0, 0x07, 0xe0, 0x07, 0xe0, 
    0x07, 0xe0, 0x07, 0xe0, 0x07, 0xe0, 0x07, 0xe0, 0x07, 0xe0, 0x07, 0xe0, 0x07, 0xe0, 0x07, 0xe0, 
    0x08, 0x23, 0x08, 0x23, 0x08, 0x23, 0x08, 0x23, 0x08, 0x23, 0x08, 0x23, 0x08, 0x23, 0x07, 0xe0, 
    0x07, 0xe0, 0x07, 0xe0, 0x07, 0xe0, 0x07, 0xe0, 0x08, 0x23, 0x59, 0x65, 0x59, 0x65, 0x72, 0x28, 
    0x72, 0x28, 0x72, 0x28, 0x59, 0x65, 0x59, 0x65, 0x08, 0x23, 0x07, 0xe0, 0x07, 0xe0, 0x07, 0xe0, 
    0x08, 0x23, 0x59, 0x65, 0x72, 0x28, 0x72, 0x28, 0x72, 0x28, 0x72, 0x28, 0x72, 0x28, 0x72, 0x28, 
    0x72, 0x28, 0x59, 0x65, 0x08, 0x23, 0x07, 0xe0, 0x07, 0xe0, 0x08, 0x23, 0x72, 0x28, 0x72, 0x28, 
    0x72, 0x28, 0x72, 0x28, 0x72, 0x28, 0x72, 0x28, 0x72, 0x28, 0x72, 0x28, 0x72, 0x28, 0x08, 0x23, 
    0x07, 0xe0, 0x08, 0x23, 0x72, 0x28, 0x72, 0x28, 0x72, 0x28, 0x72, 0x28, 0x72, 0x28, 0x72, 0x28, 
    0x72, 0x28, 0x72, 0x28, 0x72, 0x28, 0x72, 0x28, 0x72, 0x28, 0x08, 0x23, 0x08, 0x23, 0x72, 0x28, 
    0x72, 0x28, 0x72, 0x28, 0x72, 0x28, 0x72, 0x28, 0x72, 0x28, 0x72, 0x28, 0x72, 0x28, 0x72, 0x28, 
    0x72, 0x28, 0x72, 0x28, 0x08, 0x23, 0x08, 0x23, 0x59, 0x65, 0x72, 0x28, 0x72, 0x28, 0x72, 0x28, 
    0x72, 0x28, 0x72, 0x28, 0x72, 0x28, 0x72, 0x28, 0x72, 0x28, 0x72, 0x28, 0x59, 0x65, 0x08, 0x23, 
    0x08, 0x23, 0x59, 0x65, 0x59, 0x65, 0x59, 0x65, 0x72, 0x28, 0x72, 0x28, 0x72, 0x28, 0x72, 0x28, 
    0x72, 0x28, 0x59, 0x65, 0x59, 0x65, 0x59, 0x65, 0x08, 0x23, 0x07, 0xe0, 0x08, 0x23, 0x59, 0x65, 
    0x59, 0x65, 0x59, 0x65, 0x59, 0x65, 0x59, 0x65, 0x59, 0x65, 0x59, 0x65, 0x59, 0x65, 0x59, 0x65, 
    0x08, 0x23, 0x07, 0xe0, 0x07, 0xe0, 0x08, 0x23, 0x59, 0x65, 0x59, 0x65, 0x59, 0x65, 0x59, 0x65, 
    0x59, 0x65, 0x59, 0x65, 0x59, 0x65, 0x59, 0x65, 0x59, 0x65, 0x08, 0x23, 0x07, 0xe0, 0x07, 0xe0, 
    0x07, 0xe0, 0x08, 0x23, 0x08, 0x23, 0x59, 0x65, 0x59, 0x65, 0x59, 0x65, 0x59, 0x65, 0x59, 0x65, 
    0x08, 0x23, 0x08, 0x23, 0x07, 0xe0, 0x07, 0xe0, 0x07, 0xe0, 0x07, 0xe0, 0x08, 0x23, 0x12, 0x69, 
    0x08, 0x23, 0x08, 0x23, 0x08, 0x23, 0x08, 0x23, 0x08, 0x23, 0x12, 0x69, 0x08, 0x23, 0x07, 0xe0, 
    0x07, 0xe0, 0x07, 0xe0, 0x07, 0xe0, 0x08, 0x23, 0x12, 0x69, 0x1b, 0x6a, 0x34, 0xc9, 0x34, 0xc9, 
    0x1b, 0x6a, 0x1b, 0x6a, 0x12, 0x69, 0x08, 0x23, 0x07, 0xe0, 0x07, 0xe0, 0x07, 0xe0, 0x07, 0xe0, 
    0x08, 0x23, 0x12, 0x69, 0x1b, 0x6a, 0x34, 0xc9, 0x34, 0xc9, 0x34, 0xc9, 0x1b, 0x6a, 0x12, 0x69, 
    0xd4, 0xee, 0x08, 0x23, 0x07, 0xe0, 0x07, 0xe0, 0x07, 0xe0, 0x08, 0x23, 0x12, 0x69, 0x1b, 0x6a, 
    0x1b, 0x6a, 0x34, 0xc9, 0x03, 0x55, 0x03, 0x55, 0x03, 0x55, 0xd4, 0xee, 0x08, 0x23, 0x07, 0xe0, 
    0x07, 0xe0, 0x07, 0xe0, 0x08, 0x23, 0x04, 0xdb, 0x04, 0xdb, 0x03, 0x55, 0x03, 0x55, 0x59, 0x65, 
    0x59, 0x65, 0x59, 0x65, 0x08, 0x23, 0x07, 0xe0, 0x07, 0xe0, 0x07, 0xe0, 0x07, 0xe0, 0x08, 0x23, 
    0x04, 0xdb, 0x03, 0x55, 0x03, 0x55, 0x08, 0x23, 0x59, 0x65, 0x59, 0x65, 0x59, 0x65, 0x08, 0x23, 
    0x07, 0xe0, 0x07, 0xe0, 0x07, 0xe0, 0x07, 0xe0, 0x08, 0x23, 0x04, 0xdb, 0x03, 0x55, 0x03, 0x55, 
    0x08, 0x23, 0x08, 0x23, 0x08, 0x23, 0x08, 0x23, 0x07, 0xe0, 0x07, 0xe0, 0x07, 0xe0, 0x07, 0xe0, 
    0x07, 0xe0, 0x07, 0xe0, 0x08, 0x23, 0x59, 0x65, 0x59, 0x65, 0x08, 0x23, 0x07, 0xe0, 0x07, 0xe0, 
    0x07, 0xe0, 0x07, 0xe0, 0x07, 0xe0, 0x07, 0xe0, 
};

hagl_bitmap_t playerWalkW2 = {
    .width = 13,
    .height = 20,
    .depth = 16, // RGB565 is 16-bit
    .buffer = playerWalkW2buf,
};

// Image: playerWalkW3.png (13x20)
static unsigned char playerWalkW3buf[] = {
    0x07, 0xe0, 0x07, 0xe0, 0x07, 0xe0, 0x07, 0xe0, 0x07, 0xe0, 0x07, 0xe0, 0x07, 0xe0, 0x07, 0xe0, 
    0x07, 0xe0, 0x07, 0xe0, 0x07, 0xe0, 0x07, 0xe0, 0x07, 0xe0, 0x07, 0xe0, 0x07, 0xe0, 0x07, 0xe0, 
    0x07, 0xe0, 0x07, 0xe0, 0x07, 0xe0, 0x07, 0xe0, 0x07, 0xe0, 0x07, 0xe0, 0x07, 0xe0, 0x07, 0xe0, 
    0x07, 0xe0, 0x07, 0xe0, 0x07, 0xe0, 0x07, 0xe0, 0x07, 0xe0, 0x08, 0x23, 0x08, 0x23, 0x08, 0x23, 
    0x08, 0x23, 0x08, 0x23, 0x08, 0x23, 0x08, 0x23, 0x07, 0xe0, 0x07, 0xe0, 0x07, 0xe0, 0x07, 0xe0, 
    0x07, 0xe0, 0x08, 0x23, 0x59, 0x65, 0x59, 0x65, 0x72, 0x28, 0x72, 0x28, 0x72, 0x28, 0x59, 0x65, 
    0x59, 0x65, 0x08, 0x23, 0x07, 0xe0, 0x07, 0xe0, 0x07, 0xe0, 0x08, 0x23, 0x59, 0x65, 0x72, 0x28, 
    0x72, 0x28, 0x72, 0x28, 0x72, 0x28, 0x72, 0x28, 0x72, 0x28, 0x72, 0x28, 0x59, 0x65, 0x08, 0x23, 
    0x07, 0xe0, 0x07, 0xe0, 0x08, 0x23, 0x72, 0x28, 0x72, 0x28, 0x72, 0x28, 0x72, 0x28, 0x72, 0x28, 
    0x72, 0x28, 0x72, 0x28, 0x72, 0x28, 0x72, 0x28, 0x08, 0x23, 0x07, 0xe0, 0x08, 0x23, 0x72, 0x28, 
    0x72, 0x28, 0x72, 0x28, 0x72, 0x28, 0x72, 0x28, 0x72, 0x28, 0x72, 0x28, 0x72, 0x28, 0x72, 0x28, 
    0x72, 0x28, 0x72, 0x28, 0x08, 0x23, 0x08, 0x23, 0x72, 0x28, 0x72, 0x28, 0x72, 0x28, 0x72, 0x28, 
    0x72, 0x28, 0x72, 0x28, 0x72, 0x28, 0x72, 0x28, 0x72, 0x28, 0x72, 0x28, 0x72, 0x28, 0x08, 0x23, 
    0x08, 0x23, 0x59, 0x65, 0x72, 0x28, 0x72, 0x28, 0x72, 0x28, 0x72, 0x28, 0x72, 0x28, 0x72, 0x28, 
    0x72, 0x28, 0x72, 0x28, 0x72, 0x28, 0x59, 0x65, 0x08, 0x23, 0x08, 0x23, 0x59, 0x65, 0x59, 0x65, 
    0x59, 0x65, 0x72, 0x28, 0x72, 0x28, 0x72, 0x28, 0x72, 0x28, 0x72, 0x28, 0x59, 0x65, 0x59, 0x65, 
    0x59, 0x65, 0x08, 0x23, 0x07, 0xe0, 0x08, 0x23, 0x59, 0x65, 0x59, 0x65, 0x59, 0x65, 0x59, 0x65, 
    0x59, 0x65, 0x59, 0x65, 0x59, 0x65, 0x59, 0x65, 0x59, 0x65, 0x08, 0x23, 0x07, 0xe0, 0x07, 0xe0, 
    0x08, 0x23, 0x59, 0x65, 0x59, 0x65, 0x59, 0x65, 0x59, 0x65, 0x59, 0x65, 0x59, 0x65, 0x59, 0x65, 
    0x59, 0x65, 0x59, 0x65, 0x08, 0x23, 0x07, 0xe0, 0x07, 0xe0, 0x07, 0xe0, 0x08, 0x23, 0x08, 0x23, 
    0x59, 0x65, 0x59, 0x65, 0x59, 0x65, 0x59, 0x65, 0x59, 0x65, 0x08, 0x23, 0x08, 0x23, 0x07, 0xe0, 
    0x07, 0xe0, 0x07, 0xe0, 0x07, 0xe0, 0x08, 0x23, 0x12, 0x69, 0x08, 0x23, 0x08, 0x23, 0x08, 0x23, 
    0x08, 0x23, 0x08, 0x23, 0x12, 0x69, 0x08, 0x23, 0x07, 0xe0, 0x07, 0xe0, 0x07, 0xe0, 0x07, 0xe0, 
    0x08, 0x23, 0x12, 0x69, 0x1b, 0x6a, 0x34, 0xc9, 0x34, 0xc9, 0x1b, 0x6a, 0x1b, 0x6a, 0x12, 0x69, 
    0x08, 0x23, 0x07, 0xe0, 0x07, 0xe0, 0x07, 0xe0, 0x08, 0x23, 0xd4, 0xee, 0x12, 0x69, 0x1b, 0x6a, 
    0x34, 0xc9, 0x34, 0xc9, 0x34, 0xc9, 0x1b, 0x6a, 0x12, 0x69, 0xd4, 0xee, 0x08, 0x23, 0x07, 0xe0, 
    0x07, 0xe0, 0x08, 0x23, 0xd4, 0xee, 0x12, 0x69, 0x1b, 0x6a, 0x1b, 0x6a, 0x34, 0xc9, 0x34, 0xc9, 
    0x1b, 0x6a, 0x12, 0x69, 0xd4, 0xee, 0x08, 0x23, 0x07, 0xe0, 0x07, 0xe0, 0x07, 0xe0, 0x08, 0x23, 
    0x04, 0xdb, 0x03, 0x55, 0x03, 0x55, 0x03, 0x55, 0x03, 0x55, 0x03, 0x55, 0x03, 0x55, 0x08, 0x23, 
    0x07, 0xe0, 0x07, 0xe0, 0x07, 0xe0, 0x07, 0xe0, 0x08, 0x23, 0x04, 0xdb, 0x03, 0x55, 0x03, 0x55, 
    0x08, 0x23, 0x08, 0x23, 0x59, 0x65, 0x59, 0x65, 0x08, 0x23, 0x07, 0xe0, 0x07, 0xe0, 0x07, 0xe0, 
    0x07, 0xe0, 0x08, 0x23, 0x59, 0x65, 0x59, 0x65, 0x59, 0x65, 0x08, 0x23, 0x07, 0xe0, 0x07, 0xe0, 
    0x07, 0xe0, 0x07, 0xe0, 0x07, 0xe0, 0x07, 0xe0, 
};

hagl_bitmap_t playerWalkW3 = {
    .width = 13,
    .height = 20,
    .depth = 16, // RGB565 is 16-bit
    .buffer = playerWalkW3buf,
};

// Image: playerWalkW4.png (13x20)
static unsigned char playerWalkW4buf[] = {
    0x07, 0xe0, 0x07, 0xe0, 0x07, 0xe0, 0x08, 0x23, 0x08, 0x23, 0x08, 0x23, 0x08, 0x23, 0x08, 0x23, 
    0x08, 0x23, 0x08, 0x23, 0x07, 0xe0, 0x07, 0xe0, 0x07, 0xe0, 0x07, 0xe0, 0x07, 0xe0, 0x08, 0x23, 
    0x59, 0x65, 0x59, 0x65, 0x72, 0x28, 0x72, 0x28, 0x72, 0x28, 0x59, 0x65, 0x59, 0x65, 0x08, 0x23, 
    0x07, 0xe0, 0x07, 0xe0, 0x07, 0xe0, 0x08, 0x23, 0x59, 0x65, 0x72, 0x28, 0x72, 0x28, 0x72, 0x28, 
    0x72, 0x28, 0x72, 0x28, 0x72, 0x28, 0x72, 0x28, 0x59, 0x65, 0x08, 0x23, 0x07, 0xe0, 0x07, 0xe0, 
    0x08, 0x23, 0x72, 0x28, 0x72, 0x28, 0x72, 0x28, 0x72, 0x28, 0x72, 0x28, 0x72, 0x28, 0x72, 0x28, 
    0x72, 0x28, 0x72, 0x28, 0x08, 0x23, 0x07, 0xe0, 0x08, 0x23, 0x72, 0x28, 0x72, 0x28, 0x72, 0x28, 
    0x72, 0x28, 0x72, 0x28, 0x72, 0x28, 0x72, 0x28, 0x72, 0x28, 0x72, 0x28, 0x72, 0x28, 0x72, 0x28, 
    0x08, 0x23, 0x08, 0x23, 0x72, 0x28, 0x72, 0x28, 0x72, 0x28, 0x72, 0x28, 0x72, 0x28, 0x72, 0x28, 
    0x72, 0x28, 0x72, 0x28, 0x72, 0x28, 0x72, 0x28, 0x72, 0x28, 0x08, 0x23, 0x08, 0x23, 0x59, 0x65, 
    0x72, 0x28, 0x72, 0x28, 0x72, 0x28, 0x72, 0x28, 0x72, 0x28, 0x72, 0x28, 0x72, 0x28, 0x72, 0x28, 
    0x72, 0x28, 0x59, 0x65, 0x08, 0x23, 0x08, 0x23, 0x59, 0x65, 0x59, 0x65, 0x59, 0x65, 0x72, 0x28, 
    0x72, 0x28, 0x72, 0x28, 0x72, 0x28, 0x72, 0x28, 0x59, 0x65, 0x59, 0x65, 0x59, 0x65, 0x08, 0x23, 
    0x07, 0xe0, 0x08, 0x23, 0x59, 0x65, 0x59, 0x65, 0x59, 0x65, 0x59, 0x65, 0x59, 0x65, 0x59, 0x65, 
    0x59, 0x65, 0x59, 0x65, 0x59, 0x65, 0x08, 0x23, 0x07, 0xe0, 0x07, 0xe0, 0x08, 0x23, 0x59, 0x65, 
    0x59, 0x65, 0x59, 0x65, 0x59, 0x65, 0x59, 0x65, 0x59, 0x65, 0x59, 0x65, 0x59, 0x65, 0x59, 0x65, 
    0x08, 0x23, 0x07, 0xe0, 0x07, 0xe0, 0x07, 0xe0, 0x08, 0x23, 0x08, 0x23, 0x59, 0x65, 0x59, 0x65, 
    0x59, 0x65, 0x59, 0x65, 0x59, 0x65, 0x08, 0x23, 0x08, 0x23, 0x07, 0xe0, 0x07, 0xe0, 0x07, 0xe0, 
    0x07, 0xe0, 0x08, 0x23, 0x12, 0x69, 0x08, 0x23, 0x08, 0x23, 0x08, 0x23, 0x08, 0x23, 0x08, 0x23, 
    0x12, 0x69, 0x08, 0x23, 0x07, 0xe0, 0x07, 0xe0, 0x07, 0xe0, 0x08, 0x23, 0x08, 0x23, 0x12, 0x69, 
    0x1b, 0x6a, 0x34, 0xc9, 0x34, 0xc9, 0x1b, 0x6a, 0x1b, 0x6a, 0x12, 0x69, 0x08, 0x23, 0x07, 0xe0, 
    0x07, 0xe0, 0x08, 0x23, 0xd4, 0xee, 0xd4, 0xee, 0x12, 0x69, 0x1b, 0x6a, 0x34, 0xc9, 0x34, 0xc9, 
    0x34, 0xc9, 0x1b, 0x6a, 0x12, 0x69, 0x08, 0x23, 0x07, 0xe0, 0x07, 0xe0, 0x08, 0x23, 0xd4, 0xee, 
    0xd4, 0xee, 0x12, 0x69, 0x1b, 0x6a, 0x1b, 0x6a, 0x34, 0xc9, 0x34, 0xc9, 0x1b, 0x6a, 0x12, 0x69, 
    0x08, 0x23, 0x07, 0xe0, 0x07, 0xe0, 0x07, 0xe0, 0x08, 0x23, 0x08, 0x23, 0x04, 0xdb, 0x04, 0xdb, 
    0x03, 0x55, 0x03, 0x55, 0x03, 0x55, 0x03, 0x55, 0x03, 0x55, 0x08, 0x23, 0x07, 0xe0, 0x07, 0xe0, 
    0x07, 0xe0, 0x07, 0xe0, 0x08, 0x23, 0x04, 0xdb, 0x03, 0x55, 0x59, 0x65, 0x59, 0x65, 0x59, 0x65, 
    0x59, 0x65, 0x59, 0x65, 0x08, 0x23, 0x07, 0xe0, 0x07, 0xe0, 0x07, 0xe0, 0x07, 0xe0, 0x08, 0x23, 
    0x04, 0xdb, 0x59, 0x65, 0x59, 0x65, 0x59, 0x65, 0x08, 0x23, 0x08, 0x23, 0x08, 0x23, 0x08, 0x23, 
    0x07, 0xe0, 0x07, 0xe0, 0x07, 0xe0, 0x07, 0xe0, 0x07, 0xe0, 0x08, 0x23, 0x59, 0x65, 0x59, 0x65, 
    0x59, 0x65, 0x08, 0x23, 0x07, 0xe0, 0x07, 0xe0, 0x07, 0xe0, 0x07, 0xe0, 0x07, 0xe0, 0x07, 0xe0, 
    0x07, 0xe0, 0x07, 0xe0, 0x07, 0xe0, 0x08, 0x23, 0x08, 0x23, 0x08, 0x23, 0x07, 0xe0, 0x07, 0xe0, 
    0x07, 0xe0, 0x07, 0xe0, 0x07, 0xe0, 0x07, 0xe0, 
};

hagl_bitmap_t playerWalkW4 = {
    .width = 13,
    .height = 20,
    .depth = 16, // RGB565 is 16-bit
    .buffer = playerWalkW4buf,
};

// Image: playerWalkW5.png (13x20)
static unsigned char playerWalkW5buf[] = {
    0x07, 0xe0, 0x07, 0xe0, 0x07, 0xe0, 0x07, 0xe0, 0x07, 0xe0, 0x07, 0xe0, 0x07, 0xe0, 0x07, 0xe0, 
    0x07, 0xe0, 0x07, 0xe0, 0x07, 0xe0, 0x07, 0xe0, 0x07, 0xe0, 0x07, 0xe0, 0x07, 0xe0, 0x07, 0xe0, 
    0x08, 0x23, 0x08, 0x23, 0x08, 0x23, 0x08, 0x23, 0x08, 0x23, 0x08, 0x23, 0x08, 0x23, 0x07, 0xe0, 
    0x07, 0xe0, 0x07, 0xe0, 0x07, 0xe0, 0x07, 0xe0, 0x08, 0x23, 0x59, 0x65, 0x59, 0x65, 0x72, 0x28, 
    0x72, 0x28, 0x72, 0x28, 0x59, 0x65, 0x59, 0x65, 0x08, 0x23, 0x07, 0xe0, 0x07, 0xe0, 0x07, 0xe0, 
    0x08, 0x23, 0x59, 0x65, 0x72, 0x28, 0x72, 0x28, 0x72, 0x28, 0x72, 0x28, 0x72, 0x28, 0x72, 0x28, 
    0x72, 0x28, 0x59, 0x65, 0x08, 0x23, 0x07, 0xe0, 0x07, 0xe0, 0x08, 0x23, 0x72, 0x28, 0x72, 0x28, 
    0x72, 0x28, 0x72, 0x28, 0x72, 0x28, 0x72, 0x28, 0x72, 0x28, 0x72, 0x28, 0x72, 0x28, 0x08, 0x23, 
    0x07, 0xe0, 0x08, 0x23, 0x72, 0x28, 0x72, 0x28, 0x72, 0x28, 0x72, 0x28, 0x72, 0x28, 0x72, 0x28, 
    0x72, 0x28, 0x72, 0x28, 0x72, 0x28, 0x72, 0x28, 0x72, 0x28, 0x08, 0x23, 0x08, 0x23, 0x72, 0x28, 
    0x72, 0x28, 0x72, 0x28, 0x72, 0x28, 0x72, 0x28, 0x72, 0x28, 0x72, 0x28, 0x72, 0x28, 0x72, 0x28, 
    0x72, 0x28, 0x72, 0x28, 0x08, 0x23, 0x08, 0x23, 0x59, 0x65, 0x72, 0x28, 0x72, 0x28, 0x72, 0x28, 
    0x72, 0x28, 0x72, 0x28, 0x72, 0x28, 0x72, 0x28, 0x72, 0x28, 0x72, 0x28, 0x59, 0x65, 0x08, 0x23, 
    0x08, 0x23, 0x59, 0x65, 0x59, 0x65, 0x59, 0x65, 0x72, 0x28, 0x72, 0x28, 0x72, 0x28, 0x72, 0x28, 
    0x72, 0x28, 0x59, 0x65, 0x59, 0x65, 0x59, 0x65, 0x08, 0x23, 0x07, 0xe0, 0x08, 0x23, 0x59, 0x65, 
    0x59, 0x65, 0x59, 0x65, 0x59, 0x65, 0x59, 0x65, 0x59, 0x65, 0x59, 0x65, 0x59, 0x65, 0x59, 0x65, 
    0x08, 0x23, 0x07, 0xe0, 0x07, 0xe0, 0x08, 0x23, 0x59, 0x65, 0x59, 0x65, 0x59, 0x65, 0x59, 0x65, 
    0x59, 0x65, 0x59, 0x65, 0x59, 0x65, 0x59, 0x65, 0x59, 0x65, 0x08, 0x23, 0x07, 0xe0, 0x07, 0xe0, 
    0x07, 0xe0, 0x08, 0x23, 0x08, 0x23, 0x59, 0x65, 0x59, 0x65, 0x59, 0x65, 0x59, 0x65, 0x59, 0x65, 
    0x08, 0x23, 0x08, 0x23, 0x07, 0xe0, 0x07, 0xe0, 0x07, 0xe0, 0x07, 0xe0, 0x08, 0x23, 0x12, 0x69, 
    0x08, 0x23, 0x08, 0x23, 0x08, 0x23, 0x08, 0x23, 0x08, 0x23, 0x12, 0x69, 0x08, 0x23, 0x07, 0xe0, 
    0x07, 0xe0, 0x07, 0xe0, 0x07, 0xe0, 0x08, 0x23, 0x12, 0x69, 0x1b, 0x6a, 0x34, 0xc9, 0x34, 0xc9, 
    0x1b, 0x6a, 0x1b, 0x6a, 0x12, 0x69, 0x08, 0x23, 0x07, 0xe0, 0x07, 0xe0, 0x07, 0xe0, 0x08, 0x23, 
    0xd4, 0xee, 0x12, 0x69, 0x1b, 0x6a, 0x34, 0xc9, 0x34, 0xc9, 0x34, 0xc9, 0x1b, 0x6a, 0x12, 0x69, 
    0x08, 0x23, 0x07, 0xe0, 0x07, 0xe0, 0x07, 0xe0, 0x08, 0x23, 0xd4, 0xee, 0x04, 0xdb, 0x04, 0xdb, 
    0x03, 0x55, 0x34, 0xc9, 0x34, 0xc9, 0x1b, 0x6a, 0x12, 0x69, 0x08, 0x23, 0x07, 0xe0, 0x07, 0xe0, 
    0x07, 0xe0, 0x07, 0xe0, 0x08, 0x23, 0x59, 0x65, 0x59, 0x65, 0x59, 0x65, 0x03, 0x55, 0x03, 0x55, 
    0x03, 0x55, 0x03, 0x55, 0x08, 0x23, 0x07, 0xe0, 0x07, 0xe0, 0x07, 0xe0, 0x07, 0xe0, 0x08, 0x23, 
    0x59, 0x65, 0x59, 0x65, 0x59, 0x65, 0x08, 0x23, 0x03, 0x55, 0x03, 0x55, 0x03, 0x55, 0x08, 0x23, 
    0x07, 0xe0, 0x07, 0xe0, 0x07, 0xe0, 0x07, 0xe0, 0x08, 0x23, 0x08, 0x23, 0x08, 0x23, 0x08, 0x23, 
    0x08, 0x23, 0x03, 0x55, 0x03, 0x55, 0x03, 0x55, 0x08, 0x23, 0x07, 0xe0, 0x07, 0xe0, 0x07, 0xe0, 
    0x07, 0xe0, 0x07, 0xe0, 0x07, 0xe0, 0x07, 0xe0, 0x07, 0xe0, 0x08, 0x23, 0x59, 0x65, 0x59, 0x65, 
    0x08, 0x23, 0x07, 0xe0, 0x07, 0xe0, 0x07, 0xe0, 
};

hagl_bitmap_t playerWalkW5 = {
    .width = 13,
    .height = 20,
    .depth = 16, // RGB565 is 16-bit
    .buffer = playerWalkW5buf,
};

// Image: playerWalkW6.png (13x20)
static unsigned char playerWalkW6buf[] = {
    0x07, 0xe0, 0x07, 0xe0, 0x07, 0xe0, 0x07, 0xe0, 0x07, 0xe0, 0x07, 0xe0, 0x07, 0xe0, 0x07, 0xe0, 
    0x07, 0xe0, 0x07, 0xe0, 0x07, 0xe0, 0x07, 0xe0, 0x07, 0xe0, 0x07, 0xe0, 0x07, 0xe0, 0x07, 0xe0, 
    0x07, 0xe0, 0x07, 0xe0, 0x07, 0xe0, 0x07, 0xe0, 0x07, 0xe0, 0x07, 0xe0, 0x07, 0xe0, 0x07, 0xe0, 
    0x07, 0xe0, 0x07, 0xe0, 0x07, 0xe0, 0x07, 0xe0, 0x07, 0xe0, 0x08, 0x23, 0x08, 0x23, 0x08, 0x23, 
    0x08, 0x23, 0x08, 0x23, 0x08, 0x23, 0x08, 0x23, 0x07, 0xe0, 0x07, 0xe0, 0x07, 0xe0, 0x07, 0xe0, 
    0x07, 0xe0, 0x08, 0x23, 0x59, 0x65, 0x59, 0x65, 0x72, 0x28, 0x72, 0x28, 0x72, 0x28, 0x59, 0x65, 
    0x59, 0x65, 0x08, 0x23, 0x07, 0xe0, 0x07, 0xe0, 0x07, 0xe0, 0x08, 0x23, 0x59, 0x65, 0x72, 0x28, 
    0x72, 0x28, 0x72, 0x28, 0x72, 0x28, 0x72, 0x28, 0x72, 0x28, 0x72, 0x28, 0x59, 0x65, 0x08, 0x23, 
    0x07, 0xe0, 0x07, 0xe0, 0x08, 0x23, 0x72, 0x28, 0x72, 0x28, 0x72, 0x28, 0x72, 0x28, 0x72, 0x28, 
    0x72, 0x28, 0x72, 0x28, 0x72, 0x28, 0x72, 0x28, 0x08, 0x23, 0x07, 0xe0, 0x08, 0x23, 0x72, 0x28, 
    0x72, 0x28, 0x72, 0x28, 0x72, 0x28, 0x72, 0x28, 0x72, 0x28, 0x72, 0x28, 0x72, 0x28, 0x72, 0x28, 
    0x72, 0x28, 0x72, 0x28, 0x08, 0x23, 0x08, 0x23, 0x72, 0x28, 0x72, 0x28, 0x72, 0x28, 0x72, 0x28, 
    0x72, 0x28, 0x72, 0x28, 0x72, 0x28, 0x72, 0x28, 0x72, 0x28, 0x72, 0x28, 0x72, 0x28, 0x08, 0x23, 
    0x08, 0x23, 0x59, 0x65, 0x72, 0x28, 0x72, 0x28, 0x72, 0x28, 0x72, 0x28, 0x72, 0x28, 0x72, 0x28, 
    0x72, 0x28, 0x72, 0x28, 0x72, 0x28, 0x59, 0x65, 0x08, 0x23, 0x08, 0x23, 0x59, 0x65, 0x59, 0x65, 
    0x59, 0x65, 0x72, 0x28, 0x72, 0x28, 0x72, 0x28, 0x72, 0x28, 0x72, 0x28, 0x59, 0x65, 0x59, 0x65, 
    0x59, 0x65, 0x08, 0x23, 0x07, 0xe0, 0x08, 0x23, 0x59, 0x65, 0x59, 0x65, 0x59, 0x65, 0x59, 0x65, 
    0x59, 0x65, 0x59, 0x65, 0x59, 0x65, 0x59, 0x65, 0x59, 0x65, 0x08, 0x23, 0x07, 0xe0, 0x07, 0xe0, 
    0x08, 0x23, 0x59, 0x65, 0x59, 0x65, 0x59, 0x65, 0x59, 0x65, 0x59, 0x65, 0x59, 0x65, 0x59, 0x65, 
    0x59, 0x65, 0x59, 0x65, 0x08, 0x23, 0x07, 0xe0, 0x07, 0xe0, 0x07, 0xe0, 0x08, 0x23, 0x08, 0x23, 
    0x59, 0x65, 0x59, 0x65, 0x59, 0x65, 0x59, 0x65, 0x59, 0x65, 0x08, 0x23, 0x08, 0x23, 0x07, 0xe0, 
    0x07, 0xe0, 0x07, 0xe0, 0x07, 0xe0, 0x08, 0x23, 0x12, 0x69, 0x08, 0x23, 0x08, 0x23, 0x08, 0x23, 
    0x08, 0x23, 0x08, 0x23, 0x12, 0x69, 0x08, 0x23, 0x07, 0xe0, 0x07, 0xe0, 0x07, 0xe0, 0x07, 0xe0, 
    0x08, 0x23, 0x12, 0x69, 0x1b, 0x6a, 0x1b, 0x6a, 0x34, 0xc9, 0x34, 0xc9, 0x1b, 0x6a, 0x12, 0x69, 
    0x08, 0x23, 0x07, 0xe0, 0x07, 0xe0, 0x07, 0xe0, 0x08, 0x23, 0xd4, 0xee, 0x12, 0x69, 0x1b, 0x6a, 
    0x34, 0xc9, 0x34, 0xc9, 0x34, 0xc9, 0x1b, 0x6a, 0x12, 0x69, 0xd4, 0xee, 0x08, 0x23, 0x07, 0xe0, 
    0x07, 0xe0, 0x08, 0x23, 0xd4, 0xee, 0x12, 0x69, 0x1b, 0x6a, 0x34, 0xc9, 0x34, 0xc9, 0x1b, 0x6a, 
    0x1b, 0x6a, 0x12, 0x69, 0xd4, 0xee, 0x08, 0x23, 0x07, 0xe0, 0x07, 0xe0, 0x07, 0xe0, 0x08, 0x23, 
    0x04, 0xdb, 0x03, 0x55, 0x03, 0x55, 0x03, 0x55, 0x03, 0x55, 0x03, 0x55, 0x03, 0x55, 0x08, 0x23, 
    0x07, 0xe0, 0x07, 0xe0, 0x07, 0xe0, 0x07, 0xe0, 0x08, 0x23, 0x59, 0x65, 0x59, 0x65, 0x08, 0x23, 
    0x08, 0x23, 0x03, 0x55, 0x03, 0x55, 0x03, 0x55, 0x08, 0x23, 0x07, 0xe0, 0x07, 0xe0, 0x07, 0xe0, 
    0x07, 0xe0, 0x07, 0xe0, 0x07, 0xe0, 0x07, 0xe0, 0x07, 0xe0, 0x08, 0x23, 0x59, 0x65, 0x59, 0x65, 
    0x59, 0x65, 0x08, 0x23, 0x07, 0xe0, 0x07, 0xe0, 
};

hagl_bitmap_t playerWalkW6 = {
    .width = 13,
    .height = 20,
    .depth = 16, // RGB565 is 16-bit
    .buffer = playerWalkW6buf,
};

// Image: rock.png (14x14)
static unsigned char rockbuf[] = {
    0x07, 0xe0, 0x07, 0xe0, 0x07, 0xe0, 0x07, 0xe0, 0x07, 0xe0, 0x07, 0xe0, 0x07, 0xe0, 0x21, 0x48, 
    0x21, 0x48, 0x07, 0xe0, 0x07, 0xe0, 0x07, 0xe0, 0x07, 0xe0, 0x07, 0xe0, 0x07, 0xe0, 0x07, 0xe0, 
    0x07, 0xe0, 0x07, 0xe0, 0x07, 0xe0, 0x07, 0xe0, 0x21, 0x48, 0xc6, 0x5b, 0xc6, 0x5b, 0x21, 0x48, 
    0x07, 0xe0, 0x07, 0xe0, 0x07, 0xe0, 0x07, 0xe0, 0x21, 0x48, 0x21, 0x48, 0x21, 0x48, 0x07, 0xe0, 
    0x07, 0xe0, 0x21, 0x48, 0xc6, 0x5b, 0x8c, 0xd6, 0x8c, 0xd6, 0xc6, 0x5b, 0x21, 0x48, 0x07, 0xe0, 
    0x21, 0x48, 0x21, 0x48, 0x21, 0x48, 0xc6, 0x5b, 0xc6, 0x5b, 0x21, 0x48, 0x21, 0x48, 0xc6, 0x5b, 
    0x8c, 0xd6, 0x8c, 0xd6, 0xc6, 0x5b, 0x42, 0x6d, 0x21, 0x48, 0x21, 0x48, 0xc6, 0x5b, 0x21, 0x48, 
    0x21, 0x48, 0xc6, 0x5b, 0x8c, 0xd6, 0x6b, 0xf3, 0x21, 0x48, 0x6b, 0xf3, 0xc6, 0x5b, 0xc6, 0x5b, 
    0x42, 0x6d, 0x42, 0x6d, 0x21, 0x48, 0xc6, 0x5b, 0x8c, 0xd6, 0x21, 0x48, 0x21, 0x48, 0xc6, 0x5b, 
    0x6b, 0xf3, 0x6b, 0xf3, 0x21, 0x48, 0x6b, 0xf3, 0x6b, 0xf3, 0xc6, 0x5b, 0x42, 0x6d, 0x42, 0x6d, 
    0x21, 0x48, 0x6b, 0xf3, 0x21, 0x48, 0x07, 0xe0, 0x07, 0xe0, 0x21, 0x48, 0xc6, 0x5b, 0x6b, 0xf3, 
    0x21, 0x48, 0x6b, 0xf3, 0x6b, 0xf3, 0xc6, 0x5b, 0x42, 0x6d, 0x42, 0x6d, 0x21, 0x48, 0x21, 0x48, 
    0x21, 0x48, 0x21, 0x48, 0x07, 0xe0, 0x07, 0xe0, 0x21, 0x48, 0xc6, 0x5b, 0x21, 0x48, 0x8c, 0xd6, 
    0x6b, 0xf3, 0x8c, 0xd6, 0x42, 0x6d, 0x42, 0x6d, 0x21, 0x48, 0xc6, 0x5b, 0xc6, 0x5b, 0x21, 0x48, 
    0x07, 0xe0, 0x21, 0x48, 0x21, 0x48, 0x21, 0x48, 0x21, 0x48, 0x6b, 0xf3, 0x8c, 0xd6, 0xc6, 0x5b, 
    0x42, 0x6d, 0x21, 0x48, 0x6b, 0xf3, 0x8c, 0xd6, 0xc6, 0x5b, 0x21, 0x48, 0x07, 0xe0, 0x21, 0x48, 
    0xc6, 0x5b, 0xc6, 0x5b, 0x21, 0x48, 0x6b, 0xf3, 0x6b, 0xf3, 0x8c, 0xd6, 0x42, 0x6d, 0x21, 0x48, 
    0x6b, 0xf3, 0xc6, 0x5b, 0x21, 0x48, 0x2a, 0xc6, 0x07, 0xe0, 0x21, 0x48, 0x8c, 0xd6, 0xc6, 0x5b, 
    0x8c, 0xd6, 0x21, 0x48, 0x6b, 0xf3, 0xc6, 0x5b, 0x21, 0x48, 0x6b, 0xf3, 0xc6, 0x5b, 0x6b, 0xf3, 
    0x21, 0x48, 0x2a, 0xc6, 0x07, 0xe0, 0x2a, 0xc6, 0x21, 0x48, 0x6b, 0xf3, 0x8c, 0xd6, 0x21, 0x48, 
    0x6b, 0xf3, 0x8c, 0xd6, 0x21, 0x48, 0x6b, 0xf3, 0x6b, 0xf3, 0x21, 0x48, 0x2a, 0xc6, 0x2a, 0xc6, 
    0x07, 0xe0, 0x2a, 0xc6, 0x2a, 0xc6, 0x2a, 0xc6, 0x2a, 0xc6, 0x2a, 0xc6, 0x2a, 0xc6, 0x2a, 0xc6, 
    0x2a, 0xc6, 0x2a, 0xc6, 0x2a, 0xc6, 0x2a, 0xc6, 0x2a, 0xc6, 0x2a, 0xc6, 0x07, 0xe0, 0x07, 0xe0, 
    0x2a, 0xc6, 0x2a, 0xc6, 0x2a, 0xc6, 0x2a, 0xc6, 0x2a, 0xc6, 0x2a, 0xc6, 0x2a, 0xc6, 0x2a, 0xc6, 
    0x2a, 0xc6, 0x2a, 0xc6, 0x2a, 0xc6, 0x07, 0xe0, 
};

hagl_bitmap_t rock = {
    .width = 14,
    .height = 14,
    .depth = 16, // RGB565 is 16-bit
    .buffer = rockbuf,
};

// Image: selector.png (4x7)
static unsigned char selectorbuf[] = {
    0xff, 0xff, 0x00, 0x00, 0x00, 0x00, 0x00, 0x00, 0xff, 0xff, 0xff, 0xff, 0x00, 0x00, 0x00, 0x00, 
    0xff, 0xff, 0xff, 0xff, 0xff, 0xff, 0x00, 0x00, 0xff, 0xff, 0xff, 0xff, 0xff, 0xff, 0xff, 0xff, 
    0xff, 0xff, 0xff, 0xff, 0xff, 0xff, 0x00, 0x00, 0xff, 0xff, 0xff, 0xff, 0x00, 0x00, 0x00, 0x00, 
    0xff, 0xff, 0x00, 0x00, 0x00, 0x00, 0x00, 0x00, 
};

hagl_bitmap_t selector = {
    .width = 4,
    .height = 7,
    .depth = 16, // RGB565 is 16-bit
    .buffer = selectorbuf,
};

// Image: sign.png (20x20)
static unsigned char signbuf[] = {
    0x07, 0xe0, 0x00, 0x00, 0x00, 0x00, 0x00, 0x00, 0x00, 0x00, 0x00, 0x00, 0x00, 0x00, 0x00, 0x00, 
    0x00, 0x00, 0x00, 0x00, 0x00, 0x00, 0x00, 0x00, 0x00, 0x00, 0x00, 0x00, 0x00, 0x00, 0x00, 0x00, 
    0x00, 0x00, 0x00, 0x00, 0x00, 0x00, 0x07, 0xe0, 0x00, 0x00, 0xa3, 0x4a, 0xa3, 0x4a, 0xa3, 0x4a, 
    0xa3, 0x4a, 0xa3, 0x4a, 0xa3, 0x4a, 0xa3, 0x4a, 0xa3, 0x4a, 0xa3, 0x4a, 0xa3, 0x4a, 0xa3, 0x4a, 
    0xa3, 0x4a, 0xa3, 0x4a, 0xa3, 0x4a, 0xa3, 0x4a, 0xa3, 0x4a, 0xa3, 0x4a, 0xa3, 0x4a, 0x00, 0x00, 
    0x00, 0x00, 0xa3, 0x4a, 0xb4, 0xb5, 0xb4, 0xb5, 0xb4, 0xb5, 0xb4, 0xb5, 0xb4, 0xb5, 0xb4, 0xb5, 
    0xb4, 0xb5, 0xb4, 0xb5, 0xb4, 0xb5, 0xb4, 0xb5, 0xb4, 0xb5, 0xb4, 0xb5, 0xb4, 0xb5, 0xb4, 0xb5, 
    0xb4, 0xb5, 0xb4, 0xb5, 0xa3, 0x4a, 0x00, 0x00, 0x00, 0x00, 0xa3, 0x4a, 0xb4, 0xb5, 0xb4, 0xb5, 
    0xb4, 0xb5, 0xb4, 0xb5, 0xb4, 0xb5, 0xb4, 0xb5, 0xb4, 0xb5, 0xb4, 0xb5, 0xb4, 0xb5, 0xb4, 0xb5, 
    0xb4, 0xb5, 0xb4, 0xb5, 0xb4, 0xb5, 0xb4, 0xb5, 0xb4, 0xb5, 0xb4, 0xb5, 0xa3, 0x4a, 0x00, 0x00, 
    0x00, 0x00, 0xa3, 0x4a, 0xb4, 0xb5, 0x72, 0x2d, 0x72, 0x2d, 0xb4, 0xb5, 0x72, 0x2d, 0x72, 0x2d, 
    0x72, 0x2d, 0x72, 0x2d, 0x72, 0x2d, 0x72, 0x2d, 0x72, 0x2d, 0x72, 0x2d, 0xb4, 0xb5, 0x72, 0x2d, 
    0x72, 0x2d, 0xb4, 0xb5, 0xa3, 0x4a, 0x00, 0x00, 0x00, 0x00, 0xa3, 0x4a, 0xb4, 0xb5, 0xb4, 0xb5, 
    0xb4, 0xb5, 0xb4, 0xb5, 0xb4, 0xb5, 0xb4, 0xb5, 0xb4, 0xb5, 0xb4, 0xb5, 0xb4, 0xb5, 0xb4, 0xb5, 
    0xb4, 0xb5, 0xb4, 0xb5, 0xb4, 0xb5, 0xb4, 0xb5, 0xb4, 0xb5, 0xb4, 0xb5, 0xa3, 0x4a, 0x00, 0x00, 
    0x00, 0x00, 0xa3, 0x4a, 0xb4, 0xb5, 0xb4, 0xb5, 0xb4, 0xb5, 0xb4, 0xb5, 0x72, 0x2d, 0x72, 0x2d, 
    0x72, 0x2d, 0xb4, 0xb5, 0x72, 0x2d, 0xb4, 0xb5, 0xb4, 0xb5, 0xb4, 0xb5, 0xb4, 0xb5, 0xb4, 0xb5, 
    0xb4, 0xb5, 0xb4, 0xb5, 0xa3, 0x4a, 0x00, 0x00, 0x00, 0x00, 0xa3, 0x4a, 0xb4, 0xb5, 0xb4, 0xb5, 
    0xb4, 0xb5, 0xb4, 0xb5, 0xb4, 0xb5, 0xb4, 0xb5, 0xb4, 0xb5, 0xb4, 0xb5, 0xb4, 0xb5, 0xb4, 0xb5, 
    0xb4, 0xb5, 0xb4, 0xb5, 0xb4, 0xb5, 0xb4, 0xb5, 0xb4, 0xb5, 0xb4, 0xb5, 0xa3, 0x4a, 0x00, 0x00, 
    0x00, 0x00, 0xa3, 0x4a, 0xb4, 0xb5, 0xb4, 0xb5, 0xb4, 0xb5, 0xb4, 0xb5, 0xb4, 0xb5, 0xb4, 0xb5, 
    0xb4, 0xb5, 0xb4, 0xb5, 0xb4, 0xb5, 0xb4, 0xb5, 0xb4, 0xb5, 0xb4, 0xb5, 0xb4, 0xb5, 0xb4, 0xb5, 
    0xb4, 0xb5, 0xb4, 0xb5, 0xa3, 0x4a, 0x00, 0x00, 0x00, 0x00, 0xa3, 0x4a, 0xb4, 0xb5, 0xb4, 0xb5, 
    0xb4, 0xb5, 0xb4, 0xb5, 0xb4, 0xb5, 0xb4, 0xb5, 0xb4, 0xb5, 0xb4, 0xb5, 0xb4, 0xb5, 0xb4, 0xb5, 
    0xb4, 0xb5, 0xb4, 0xb5, 0xb4, 0xb5, 0xb4, 0xb5, 0xb4, 0xb5, 0xb4, 0xb5, 0xa3, 0x4a, 0x00, 0x00, 
    0x00, 0x00, 0xa3, 0x4a, 0xb4, 0xb5, 0xb4, 0xb5, 0xb4, 0xb5, 0xb4, 0xb5, 0xb4, 0xb5, 0xb4, 0xb5, 
    0xb4, 0xb5, 0xb4, 0xb5, 0xb4, 0xb5, 0xb4, 0xb5, 0xb4, 0xb5, 0xb4, 0xb5, 0xb4, 0xb5, 0xb4, 0xb5, 
    0xb4, 0xb5, 0xb4, 0xb5, 0xa3, 0x4a, 0x00, 0x00, 0x00, 0x00, 0xa3, 0x4a, 0xa3, 0x4a, 0xa3, 0x4a, 
    0xa3, 0x4a, 0xa3, 0x4a, 0xa3, 0x4a, 0xa3, 0x4a, 0xa3, 0x4a, 0xa3, 0x4a, 0xa3, 0x4a, 0xa3, 0x4a, 
    0xa3, 0x4a, 0xa3, 0x4a, 0xa3, 0x4a, 0xa3, 0x4a, 0xa3, 0x4a, 0xa3, 0x4a, 0xa3, 0x4a, 0x00, 0x00, 
    0x07, 0xe0, 0x00, 0x00, 0x00, 0x00, 0x00, 0x00, 0x00, 0x00, 0x00, 0x00, 0x00, 0x00, 0x00, 0x00, 
    0x00, 0x00, 0x00, 0x00, 0x00, 0x00, 0x00, 0x00, 0x00, 0x00, 0x00, 0x00, 0x00, 0x00, 0x00, 0x00, 
    0x00, 0x00, 0x00, 0x00, 0x00, 0x00, 0x07, 0xe0, 0x07, 0xe0, 0x07, 0xe0, 0x07, 0xe0, 0x07, 0xe0, 
    0x07, 0xe0, 0x07, 0xe0, 0x07, 0xe0, 0x07, 0xe0, 0x00, 0x00, 0x72, 0x2d, 0x72, 0x2d, 0x00, 0x00, 
    0x07, 0xe0, 0x07, 0xe0, 0x07, 0xe0, 0x07, 0xe0, 0x07, 0xe0, 0x07, 0xe0, 0x07, 0xe0, 0x07, 0xe0, 
    0x07, 0xe0, 0x07, 0xe0, 0x07, 0xe0, 0x07, 0xe0, 0x07, 0xe0, 0x07, 0xe0, 0x07, 0xe0, 0x07, 0xe0, 
    0x00, 0x00, 0x72, 0x2d, 0x72, 0x2d, 0x00, 0x00, 0x07, 0xe0, 0x07, 0xe0, 0x07, 0xe0, 0x07, 0xe0, 
    0x07, 0xe0, 0x07, 0xe0, 0x07, 0xe0, 0x07, 0xe0, 0x07, 0xe0, 0x07, 0xe0, 0x07, 0xe0, 0x07, 0xe0, 
    0x07, 0xe0, 0x07, 0xe0, 0x07, 0xe0, 0x07, 0xe0, 0x00, 0x00, 0x72, 0x2d, 0x72, 0x2d, 0x00, 0x00, 
    0x07, 0xe0, 0x07, 0xe0, 0x07, 0xe0, 0x07, 0xe0, 0x07, 0xe0, 0x07, 0xe0, 0x07, 0xe0, 0x07, 0xe0, 
    0x07, 0xe0, 0x07, 0xe0, 0x07, 0xe0, 0x07, 0xe0, 0x07, 0xe0, 0x07, 0xe0, 0x07, 0xe0, 0x07, 0xe0, 
    0x00, 0x00, 0x72, 0x2d, 0x72, 0x2d, 0x00, 0x00, 0x07, 0xe0, 0x07, 0xe0, 0x07, 0xe0, 0x07, 0xe0, 
    0x07, 0xe0, 0x07, 0xe0, 0x07, 0xe0, 0x07, 0xe0, 0x07, 0xe0, 0x07, 0xe0, 0x07, 0xe0, 0x07, 0xe0, 
    0x07, 0xe0, 0x07, 0xe0, 0x07, 0xe0, 0x07, 0xe0, 0x00, 0x00, 0x72, 0x2d, 0x72, 0x2d, 0x00, 0x00, 
    0x07, 0xe0, 0x07, 0xe0, 0x07, 0xe0, 0x07, 0xe0, 0x07, 0xe0, 0x07, 0xe0, 0x07, 0xe0, 0x07, 0xe0, 
    0x07, 0xe0, 0x07, 0xe0, 0x07, 0xe0, 0x07, 0xe0, 0x07, 0xe0, 0x07, 0xe0, 0x07, 0xe0, 0x07, 0xe0, 
    0x00, 0x00, 0xa3, 0x4a, 0xa3, 0x4a, 0x00, 0x00, 0x07, 0xe0, 0x07, 0xe0, 0x07, 0xe0, 0x07, 0xe0, 
    0x07, 0xe0, 0x07, 0xe0, 0x07, 0xe0, 0x07, 0xe0, 0x07, 0xe0, 0x07, 0xe0, 0x07, 0xe0, 0x07, 0xe0, 
    0x07, 0xe0, 0x07, 0xe0, 0x07, 0xe0, 0x07, 0xe0, 0x07, 0xe0, 0x00, 0x00, 0x00, 0x00, 0x07, 0xe0, 
    0x07, 0xe0, 0x07, 0xe0, 0x07, 0xe0, 0x07, 0xe0, 0x07, 0xe0, 0x07, 0xe0, 0x07, 0xe0, 0x07, 0xe0, 
};

hagl_bitmap_t sign = {
    .width = 20,
    .height = 20,
    .depth = 16, // RGB565 is 16-bit
    .buffer = signbuf,
};

// Image: sprigDino.png (51x74)
static unsigned char sprigDinobuf[] = {
    0x07, 0xe0, 0x07, 0xe0, 0x07, 0xe0, 0x07, 0xe0, 0x07, 0xe0, 0x07, 0xe0, 0x07, 0xe0, 0x07, 0xe0, 
    0x07, 0xe0, 0x07, 0xe0, 0x07, 0xe0, 0x07, 0xe0, 0x07, 0xe0, 0x07, 0xe0, 0x07, 0xe0, 0x8c, 0x51, 
    0x73, 0x8e, 0x63, 0x0c, 0x52, 0xaa, 0x5a, 0xcb, 0x6b, 0x4d, 0x7b, 0xef, 0x07, 0xe0, 0x07, 0xe0, 
    0x07, 0xe0, 0x07, 0xe0, 0x07, 0xe0, 0x07, 0xe0, 0x07, 0xe0, 0x07, 0xe0, 0x07, 0xe0, 0x07, 0xe0, 
    0x07, 0xe0, 0x07, 0xe0, 0x07, 0xe0, 0x07, 0xe0, 0x07, 0xe0, 0x07, 0xe0, 0x07, 0xe0, 0x07, 0xe0, 
    0x07, 0xe0, 0x07, 0xe0, 0x07, 0xe0, 0x07, 0xe0, 0x07, 0xe0, 0x07, 0xe0, 0x07, 0xe0, 0x07, 0xe0, 
    0x07, 0xe0, 0x07, 0xe0, 0x07, 0xe0, 0x07, 0xe0, 0x07, 0xe0, 0x07, 0xe0, 0x07, 0xe0, 0x07, 0xe0, 
    0x07, 0xe0, 0x07, 0xe0, 0x07, 0xe0, 0x07, 0xe0, 0x07, 0xe0, 0x07, 0xe0, 0x07, 0xe0, 0x07, 0xe0, 
    0x63, 0x0c, 0x10, 0x82, 0x00, 0x00, 0x00, 0x00, 0x00, 0x00, 0x00, 0x00, 0x00, 0x00, 0x00, 0x00, 
    0x00, 0x00, 0x00, 0x00, 0x39, 0xe7, 0x6b, 0x6d, 0x8c, 0x71, 0x07, 0xe0, 0x07, 0xe0, 0x07, 0xe0, 
    0x07, 0xe0, 0x07, 0xe0, 0x07, 0xe0, 0x07, 0xe0, 0x07, 0xe0, 0x07, 0xe0, 0x07, 0xe0, 0x07, 0xe0, 
    0x07, 0xe0, 0x07, 0xe0, 0x07, 0xe0, 0x07, 0xe0, 0x07, 0xe0, 0x07, 0xe0, 0x07, 0xe0, 0x07, 0xe0, 
    0x07, 0xe0, 0x07, 0xe0, 0x07, 0xe0, 0x07, 0xe0, 0x07, 0xe0, 0x07, 0xe0, 0x07, 0xe0, 0x07, 0xe0, 
    0x07, 0xe0, 0x07, 0xe0, 0x07, 0xe0, 0x07, 0xe0, 0x07, 0xe0, 0x07, 0xe0, 0x07, 0xe0, 0x07, 0xe0, 
    0x07, 0xe0, 0x63, 0x0c, 0x00, 0x00, 0x00, 0x00, 0x18, 0xe3, 0x42, 0x66, 0x5b, 0x87, 0x6c, 0x08, 
    0x6c, 0x28, 0x63, 0x88, 0x42, 0x67, 0x21, 0x04, 0x00, 0x00, 0x00, 0x00, 0x00, 0x00, 0x00, 0x00, 
    0x29, 0x65, 0x6b, 0x6d, 0x7e, 0x0f, 0x07, 0xe0, 0x07, 0xe0, 0x07, 0xe0, 0x07, 0xe0, 0x07, 0xe0, 
    0x07, 0xe0, 0x07, 0xe0, 0x07, 0xe0, 0x07, 0xe0, 0x07, 0xe0, 0x07, 0xe0, 0x07, 0xe0, 0x07, 0xe0, 
    0x07, 0xe0, 0x07, 0xe0, 0x07, 0xe0, 0x07, 0xe0, 0x07, 0xe0, 0x07, 0xe0, 0x07, 0xe0, 0x07, 0xe0, 
    0x07, 0xe0, 0x07, 0xe0, 0x07, 0xe0, 0x07, 0xe0, 0x07, 0xe0, 0x07, 0xe0, 0x07, 0xe0, 0x07, 0xe0, 
    0x07, 0xe0, 0x07, 0xe0, 0x85, 0x70, 0x29, 0x45, 0x00, 0x00, 0x21, 0x62, 0x7c, 0x88, 0xae, 0x8c, 
    0xae, 0x8c, 0xae, 0x8c, 0xae, 0x8c, 0xae, 0x8c, 0xae, 0x8c, 0xae, 0x8c, 0xae, 0x6c, 0x74, 0x88, 
    0x21, 0x43, 0x00, 0x00, 0x00, 0x00, 0x00, 0x00, 0x00, 0x00, 0x00, 0x00, 0x42, 0x28, 0x84, 0x10, 
    0x07, 0xe0, 0x07, 0xe0, 0x07, 0xe0, 0x07, 0xe0, 0x07, 0xe0, 0x07, 0xe0, 0x07, 0xe0, 0x07, 0xe0, 
    0x07, 0xe0, 0x07, 0xe0, 0x07, 0xe0, 0x07, 0xe0, 0x07, 0xe0, 0x07, 0xe0, 0x07, 0xe0, 0x07, 0xe0, 
    0x07, 0xe0, 0x07, 0xe0, 0x07, 0xe0, 0x07, 0xe0, 0x07, 0xe0, 0x07, 0xe0, 0x07, 0xe0, 0x07, 0xe0, 
    0x07, 0xe0, 0x07, 0xe0, 0x07, 0xe0, 0x07, 0xe0, 0x84, 0x0f, 0x08, 0x40, 0x08, 0x60, 0x63, 0xc7, 
    0xae, 0x8c, 0xae, 0x8c, 0xae, 0x8c, 0xae, 0x8c, 0x8d, 0x4a, 0x5b, 0x87, 0x6c, 0x07, 0xa6, 0x4c, 
    0xae, 0x8c, 0xae, 0x8c, 0xae, 0x8c, 0xae, 0x8c, 0x63, 0xc7, 0x08, 0x61, 0x00, 0x00, 0x00, 0x00, 
    0x00, 0x00, 0x00, 0x00, 0x00, 0x00, 0x29, 0x65, 0x73, 0xae, 0x07, 0xe0, 0x07, 0xe0, 0x07, 0xe0, 
    0x07, 0xe0, 0x07, 0xe0, 0x07, 0xe0, 0x07, 0xe0, 0x07, 0xe0, 0x07, 0xe0, 0x07, 0xe0, 0x07, 0xe0, 
    0x07, 0xe0, 0x07, 0xe0, 0x07, 0xe0, 0x07, 0xe0, 0x07, 0xe0, 0x07, 0xe0, 0x07, 0xe0, 0x07, 0xe0, 
    0x07, 0xe0, 0x07, 0xe0, 0x07, 0xe0, 0x07, 0xe0, 0x07, 0xe0, 0x07, 0xe0, 0x7c, 0x0f, 0x00, 0x00, 
    0x10, 0xe1, 0x95, 0xab, 0xae, 0x8c, 0xae, 0x8c, 0xae, 0x8c, 0xae, 0x8c, 0x8d, 0x4a, 0x00, 0x00, 
    0x18, 0xe1, 0x10, 0xc1, 0x21, 0x42, 0xae, 0x8c, 0xae, 0x8c, 0xae, 0x8c, 0xae, 0x8c, 0xae, 0x8c, 
    0x7c, 0xc9, 0x00, 0x20, 0x00, 0x00, 0x00, 0x00, 0x00, 0x00, 0x00, 0x00, 0x00, 0x00, 0x00, 0x00, 
    0x10, 0xa2, 0x63, 0x0c, 0x8c, 0x71, 0x07, 0xe0, 0x07, 0xe0, 0x07, 0xe0, 0x07, 0xe0, 0x07, 0xe0, 
    0x07, 0xe0, 0x07, 0xe0, 0x07, 0xe0, 0x07, 0xe0, 0x07, 0xe0, 0x07, 0xe0, 0x07, 0xe0, 0x07, 0xe0, 
    0x07, 0xe0, 0x07, 0xe0, 0x07, 0xe0, 0x07, 0xe0, 0x07, 0xe0, 0x07, 0xe0, 0x07, 0xe0, 0x07, 0xe0, 
    0x8c, 0xb0, 0x00, 0x40, 0x19, 0x22, 0x9d, 0xeb, 0xae, 0x8c, 0xae, 0x8c, 0xae, 0x8c, 0xae, 0x8c, 
    0xae, 0x8c, 0x5b, 0x66, 0x00, 0x00, 0xa6, 0x2c, 0x8d, 0x4a, 0x00, 0x00, 0x95, 0x8a, 0xae, 0x8c, 
    0xae, 0x8c, 0xae, 0x8c, 0xae, 0x8c, 0xae, 0x8c, 0x3a, 0x07, 0x00, 0x00, 0x00, 0x00, 0x00, 0x00, 
    0x00, 0x00, 0x00, 0x00, 0x00, 0x00, 0x00, 0x00, 0x00, 0x00, 0x00, 0x00, 0x39, 0xc7, 0x84, 0x10, 
    0x07, 0xe0, 0x07, 0xe0, 0x07, 0xe0, 0x07, 0xe0, 0x07, 0xe0, 0x07, 0xe0, 0x07, 0xe0, 0x07, 0xe0, 
    0x07, 0xe0, 0x07, 0xe0, 0x07, 0xe0, 0x07, 0xe0, 0x07, 0xe0, 0x07, 0xe0, 0x07, 0xe0, 0x07, 0xe0, 
    0x07, 0xe0, 0x07, 0xe0, 0x07, 0xe0, 0x21, 0x43, 0x08, 0x60, 0x9d, 0xcb, 0xae, 0x8c, 0xae, 0x8c, 
    0xae, 0x8c, 0xae, 0x8c, 0xae, 0x8c, 0xae, 0x8c, 0x21, 0x42, 0x00, 0x00, 0x4a, 0xe5, 0x3a, 0x24, 
    0x00, 0x00, 0x9d, 0xeb, 0xae, 0x8c, 0xae, 0x8c, 0xae, 0x8c, 0xae, 0x8c, 0xae, 0x8c, 0x42, 0x46, 
    0x00, 0x00, 0x00, 0x00, 0x00, 0x00, 0x00, 0x00, 0x00, 0x00, 0x00, 0x00, 0x00, 0x00, 0x00, 0x00, 
    0x00, 0x00, 0x00, 0x00, 0x00, 0x00, 0x7b, 0xef, 0x07, 0xe0, 0x07, 0xe0, 0x07, 0xe0, 0x07, 0xe0, 
    0x07, 0xe0, 0x07, 0xe0, 0x07, 0xe0, 0x07, 0xe0, 0x07, 0xe0, 0x07, 0xe0, 0x07, 0xe0, 0x07, 0xe0, 
    0x07, 0xe0, 0x07, 0xe0, 0x07, 0xe0, 0x07, 0xe0, 0x07, 0xe0, 0x63, 0x6b, 0x00, 0x00, 0x7c, 0xa9, 
    0xae, 0x8c, 0xae, 0x8c, 0xae, 0x8c, 0xae, 0x8c, 0xae, 0x8c, 0xae, 0x8c, 0x63, 0xe7, 0x00, 0x00, 
    0x00, 0x00, 0x00, 0x00, 0x00, 0x20, 0x5b, 0x86, 0xae, 0x8c, 0xae, 0x8c, 0xae, 0x8c, 0xae, 0x8c, 
    0xae, 0x8c, 0xae, 0x8c, 0x18, 0xe3, 0x00, 0x00, 0x21, 0x24, 0x6e, 0x6d, 0x07, 0xe0, 0x85, 0x70, 
    0x4a, 0x49, 0x00, 0x00, 0x00, 0x00, 0x00, 0x00, 0x00, 0x00, 0x00, 0x00, 0x8c, 0x51, 0x07, 0xe0, 
    0x07, 0xe0, 0x07, 0xe0, 0x07, 0xe0, 0x07, 0xe0, 0x07, 0xe0, 0x07, 0xe0, 0x07, 0xe0, 0x07, 0xe0, 
    0x07, 0xe0, 0x07, 0xe0, 0x07, 0xe0, 0x07, 0xe0, 0x07, 0xe0, 0x07, 0xe0, 0x07, 0xe0, 0x07, 0xe0, 
    0x10, 0xa1, 0x31, 0xe3, 0xae, 0x8c, 0xae, 0x8c, 0xae, 0x8c, 0xae, 0x8c, 0xae, 0x8c, 0xae, 0x8c, 
    0x85, 0x09, 0x00, 0x40, 0x00, 0x00, 0x00, 0x20, 0x42, 0x84, 0x95, 0xab, 0xae, 0x8c, 0xae, 0x8c, 
    0xae, 0x8c, 0xae, 0x8c, 0xae, 0x8c, 0xae, 0x8c, 0x6c, 0x48, 0x00, 0x00, 0x00, 0x00, 0x84, 0x30, 
    0x07, 0xe0, 0x07, 0xe0, 0x07, 0xe0, 0x07, 0xe0, 0x21, 0x24, 0x00, 0x00, 0x00, 0x00, 0x00, 0x00, 
    0x7b, 0xcf, 0x07, 0xe0, 0x07, 0xe0, 0x07, 0xe0, 0x07, 0xe0, 0x07, 0xe0, 0x07, 0xe0, 0x07, 0xe0, 
    0x07, 0xe0, 0x07, 0xe0, 0x07, 0xe0, 0x07, 0xe0, 0x07, 0xe0, 0x07, 0xe0, 0x07, 0xe0, 0x07, 0xe0, 
    0x07, 0xe0, 0x07, 0xe0, 0x7b, 0xee, 0x00, 0x00, 0x85, 0x09, 0xae, 0x8c, 0xae, 0x8c, 0xae, 0x8c, 
    0xae, 0x8c, 0xae, 0x8c, 0x85, 0x09, 0x08, 0x40, 0x00, 0x00, 0x3a, 0x64, 0x95, 0xab, 0xae, 0x8c, 
    0xae, 0x8c, 0xae, 0x8c, 0xae, 0x8c, 0xae, 0x8c, 0xae, 0x8c, 0xae, 0x8c, 0xae, 0x8c, 0x21, 0x22, 
    0x00, 0x00, 0x52, 0xaa, 0x07, 0xe0, 0x07, 0xe0, 0x07, 0xe0, 0x07, 0xe0, 0x84, 0x10, 0x00, 0x00, 
    0x00, 0x00, 0x08, 0x41, 0x84, 0x10, 0x07, 0xe0, 0x07, 0xe0, 0x07, 0xe0, 0x07, 0xe0, 0x07, 0xe0, 
    0x07, 0xe0, 0x07, 0xe0, 0x07, 0xe0, 0x07, 0xe0, 0x07, 0xe0, 0x07, 0xe0, 0x07, 0xe0, 0x07, 0xe0, 
    0x07, 0xe0, 0x07, 0xe0, 0x07, 0xe0, 0x07, 0xe0, 0x07, 0xe0, 0x4a, 0x68, 0x10, 0xc1, 0xae, 0x8c, 
    0xae, 0x8c, 0xae, 0x8c, 0xae, 0x8c, 0xae, 0x8c, 0x84, 0xe9, 0x00, 0x40, 0x10, 0xa1, 0x7c, 0xa9, 
    0xae, 0x8c, 0xae, 0x8c, 0xae, 0x8c, 0xae, 0x8c, 0xae, 0x8c, 0xae, 0x8c, 0xae, 0x8c, 0xae, 0x8c, 
    0xae, 0x8c, 0x63, 0xa7, 0x00, 0x00, 0x08, 0x61, 0x07, 0xe0, 0x07, 0xe0, 0x07, 0xe0, 0x07, 0xe0, 
    0x07, 0xe0, 0x08, 0x41, 0x00, 0x00, 0x00, 0x00, 0x73, 0xae, 0x07, 0xe0, 0x07, 0xe0, 0x07, 0xe0, 
    0x07, 0xe0, 0x07, 0xe0, 0x07, 0xe0, 0x07, 0xe0, 0x07, 0xe0, 0x07, 0xe0, 0x07, 0xe0, 0x07, 0xe0, 
    0x07, 0xe0, 0x07, 0xe0, 0x07, 0xe0, 0x07, 0xe0, 0x07, 0xe0, 0x07, 0xe0, 0x07, 0xe0, 0x07, 0xe0, 
    0x18, 0xe3, 0x42, 0x84, 0xae, 0x8c, 0xae, 0x8c, 0xae, 0x8c, 0xae, 0x8c, 0x7c, 0xa9, 0x00, 0x20, 
    0x3a, 0x64, 0xa6, 0x2c, 0xae, 0x8c, 0xae, 0x8c, 0xae, 0x8c, 0xae, 0x8c, 0xae, 0x8c, 0xae, 0x8c, 
    0xae, 0x8c, 0xae, 0x8c, 0xae, 0x8c, 0x95, 0x8a, 0x08, 0x61, 0x00, 0x00, 0x73, 0xae, 0x07, 0xe0, 
    0x07, 0xe0, 0x07, 0xe0, 0x07, 0xe0, 0x63, 0x0c, 0x00, 0x00, 0x00, 0x00, 0x42, 0x08, 0x07, 0xe0, 
    0x07, 0xe0, 0x07, 0xe0, 0x07, 0xe0, 0x07, 0xe0, 0x07, 0xe0, 0x07, 0xe0, 0x07, 0xe0, 0x07, 0xe0, 
    0x07, 0xe0, 0x07, 0xe0, 0x07, 0xe0, 0x07, 0xe0, 0x07, 0xe0, 0x07, 0xe0, 0x07, 0xe0, 0x07, 0xe0, 
    0x07, 0xe0, 0x07, 0xe0, 0x07, 0xe0, 0x00, 0x00, 0x74, 0x48, 0xae, 0x8c, 0xae, 0x8c, 0xae, 0x8c, 
    0x74, 0x88, 0x00, 0x20, 0x63, 0xa7, 0xae, 0x8c, 0xae, 0x8c, 0xae, 0x8c, 0xae, 0x8c, 0xae, 0x8c, 
    0xae, 0x8c, 0xae, 0x8c, 0xae, 0x8c, 0xae, 0x8c, 0xae, 0x8c, 0x8d, 0x6a, 0x21, 0x24, 0x00, 0x00, 
    0x5a, 0xeb, 0x07, 0xe0, 0x07, 0xe0, 0x07, 0xe0, 0x07, 0xe0, 0x07, 0xe0, 0x00, 0x20, 0x00, 0x00, 
    0x00, 0x00, 0x7b, 0xef, 0x07, 0xe0, 0x07, 0xe0, 0x07, 0xe0, 0x07, 0xe0, 0x07, 0xe0, 0x07, 0xe0, 
    0x07, 0xe0, 0x07, 0xe0, 0x07, 0xe0, 0x07, 0xe0, 0x07, 0xe0, 0x07, 0xe0, 0x07, 0xe0, 0x07, 0xe0, 
    0x07, 0xe0, 0x07, 0xe0, 0x07, 0xe0, 0x07, 0xe0, 0x07, 0xe0, 0x8c, 0x51, 0x00, 0x00, 0x95, 0xcb, 
    0xae, 0x8c, 0xae, 0x8c, 0x74, 0x68, 0x00, 0x20, 0x63, 0xe7, 0xae, 0x8c, 0xae, 0x8c, 0xae, 0x8c, 
    0xae, 0x8c, 0xae, 0x8c, 0xae, 0x8c, 0xae, 0x8c, 0xae, 0x8c, 0xae, 0x8c, 0xa6, 0x6c, 0x63, 0x89, 
    0x19, 0x03, 0x00, 0x00, 0x52, 0xaa, 0x07, 0xe0, 0x07, 0xe0, 0x07, 0xe0, 0x07, 0xe0, 0x07, 0xe0, 
    0x6b, 0x4d, 0x00, 0x00, 0x00, 0x00, 0x00, 0x00, 0x66, 0xec, 0x07, 0xe0, 0x07, 0xe0, 0x07, 0xe0, 
    0x07, 0xe0, 0x07, 0xe0, 0x07, 0xe0, 0x07, 0xe0, 0x07, 0xe0, 0x07, 0xe0, 0x07, 0xe0, 0x07, 0xe0, 
    0x07, 0xe0, 0x07, 0xe0, 0x07, 0xe0, 0x07, 0xe0, 0x07, 0xe0, 0x07, 0xe0, 0x07, 0xe0, 0x07, 0xe0, 
    0x7b, 0xcf, 0x00, 0x20, 0xae, 0x6c, 0xae, 0x8c, 0x6c, 0x28, 0x00, 0x00, 0x63, 0xa7, 0xae, 0x8c, 
    0xae, 0x8c, 0xae, 0x8c, 0xae, 0x8c, 0xae, 0x8c, 0xae, 0x8c, 0xae, 0x8c, 0xae, 0x8c, 0x85, 0x09, 
    0x4a, 0xa7, 0x21, 0x24, 0x00, 0x00, 0x00, 0x00, 0x6b, 0x4d, 0x07, 0xe0, 0x07, 0xe0, 0x07, 0xe0, 
    0x07, 0xe0, 0x07, 0xe0, 0x07, 0xe0, 0x29, 0x65, 0x00, 0x00, 0x00, 0x00, 0x00, 0x20, 0x07, 0xe0, 
    0x07, 0xe0, 0x07, 0xe0, 0x07, 0xe0, 0x07, 0xe0, 0x07, 0xe0, 0x07, 0xe0, 0x07, 0xe0, 0x07, 0xe0, 
    0x07, 0xe0, 0x07, 0xe0, 0x07, 0xe0, 0x07, 0xe0, 0x07, 0xe0, 0x07, 0xe0, 0x07, 0xe0, 0x07, 0xe0, 
    0x07, 0xe0, 0x07, 0xe0, 0x07, 0xe0, 0x73, 0x8e, 0x29, 0x45, 0xae, 0x8c, 0x85, 0x09, 0x00, 0x20, 
    0x3a, 0x64, 0xae, 0x8c, 0xae, 0x8c, 0xae, 0x8c, 0xae, 0x8c, 0xae, 0x8c, 0xae, 0x8c, 0x95, 0x6a, 
    0x53, 0x26, 0x21, 0x23, 0x00, 0x00, 0x00, 0x00, 0x00, 0x00, 0x39, 0xe7, 0x8c, 0x51, 0x07, 0xe0, 
    0x07, 0xe0, 0x07, 0xe0, 0x07, 0xe0, 0x07, 0xe0, 0x07, 0xe0, 0x85, 0x70, 0x00, 0x00, 0x00, 0x00, 
    0x00, 0x00, 0x10, 0x82, 0x07, 0xe0, 0x07, 0xe0, 0x07, 0xe0, 0x07, 0xe0, 0x07, 0xe0, 0x07, 0xe0, 
    0x07, 0xe0, 0x07, 0xe0, 0x07, 0xe0, 0x07, 0xe0, 0x07, 0xe0, 0x07, 0xe0, 0x07, 0xe0, 0x07, 0xe0, 
    0x07, 0xe0, 0x07, 0xe0, 0x07, 0xe0, 0x07, 0xe0, 0x07, 0xe0, 0x07, 0xe0, 0x6b, 0x4d, 0x3a, 0x07, 
    0xae, 0x8c, 0x19, 0x22, 0x10, 0xc1, 0xa6, 0x2c, 0xae, 0x8c, 0xae, 0x8c, 0xae, 0x8c, 0xae, 0x8c, 
    0x7c, 0xa9, 0x29, 0xa3, 0x00, 0x00, 0x00, 0x00, 0x00, 0x00, 0x00, 0x00, 0x4a, 0x69, 0x84, 0x10, 
    0x07, 0xe0, 0x07, 0xe0, 0x07, 0xe0, 0x07, 0xe0, 0x07, 0xe0, 0x07, 0xe0, 0x07, 0xe0, 0x07, 0xe0, 
    0x6b, 0x6d, 0x00, 0x00, 0x00, 0x00, 0x00, 0x00, 0x00, 0x00, 0x07, 0xe0, 0x07, 0xe0, 0x07, 0xe0, 
    0x07, 0xe0, 0x07, 0xe0, 0x07, 0xe0, 0x07, 0xe0, 0x07, 0xe0, 0x07, 0xe0, 0x07, 0xe0, 0x07, 0xe0, 
    0x07, 0xe0, 0x07, 0xe0, 0x07, 0xe0, 0x07, 0xe0, 0x07, 0xe0, 0x07, 0xe0, 0x07, 0xe0, 0x07, 0xe0, 
    0x07, 0xe0, 0x63, 0x2c, 0x42, 0x28, 0x85, 0x09, 0x00, 0x00, 0x74, 0x88, 0xae, 0x8c, 0xae, 0x8c, 
    0xae, 0x8c, 0x85, 0x09, 0x21, 0x22, 0x00, 0x00, 0x00, 0x00, 0x00, 0x00, 0x39, 0xe7, 0x73, 0xae, 
    0x07, 0xe0, 0x07, 0xe0, 0x07, 0xe0, 0x07, 0xe0, 0x07, 0xe0, 0x07, 0xe0, 0x07, 0xe0, 0x07, 0xe0, 
    0x07, 0xe0, 0x07, 0xe0, 0x07, 0xe0, 0x31, 0xa6, 0x00, 0x00, 0x00, 0x00, 0x00, 0x00, 0x00, 0x00, 
    0x07, 0xe0, 0x07, 0xe0, 0x07, 0xe0, 0x07, 0xe0, 0x07, 0xe0, 0x07, 0xe0, 0x07, 0xe0, 0x07, 0xe0, 
    0x07, 0xe0, 0x07, 0xe0, 0x07, 0xe0, 0x07, 0xe0, 0x07, 0xe0, 0x07, 0xe0, 0x07, 0xe0, 0x07, 0xe0, 
    0x07, 0xe0, 0x07, 0xe0, 0x07, 0xe0, 0x07, 0xe0, 0x63, 0x2c, 0x39, 0xe7, 0x42, 0x84, 0x21, 0x42, 
    0xae, 0x8c, 0xae, 0x8c, 0xa6, 0x2c, 0x42, 0x64, 0x00, 0x00, 0x00, 0x00, 0x00, 0x00, 0x5a, 0xcb, 
    0x8c, 0x71, 0x07, 0xe0, 0x07, 0xe0, 0x07, 0xe0, 0x07, 0xe0, 0x07, 0xe0, 0x07, 0xe0, 0x07, 0xe0, 
    0x07, 0xe0, 0x07, 0xe0, 0x07, 0xe0, 0x07, 0xe0, 0x07, 0xe0, 0x6e, 0x6d, 0x00, 0x00, 0x00, 0x00, 
    0x00, 0x00, 0x00, 0x00, 0x00, 0x00, 0x7e, 0x0f, 0x07, 0xe0, 0x07, 0xe0, 0x07, 0xe0, 0x07, 0xe0, 
    0x07, 0xe0, 0x07, 0xe0, 0x07, 0xe0, 0x07, 0xe0, 0x07, 0xe0, 0x07, 0xe0, 0x07, 0xe0, 0x07, 0xe0, 
    0x07, 0xe0, 0x07, 0xe0, 0x07, 0xe0, 0x07, 0xe0, 0x07, 0xe0, 0x07, 0xe0, 0x07, 0xe0, 0x6b, 0x4d, 
    0x08, 0x41, 0x08, 0x81, 0x53, 0x26, 0xae, 0x8c, 0x95, 0xab, 0x21, 0x23, 0x00, 0x00, 0x00, 0x00, 
    0x52, 0x8a, 0x07, 0xe0, 0x07, 0xe0, 0x07, 0xe0, 0x07, 0xe0, 0x07, 0xe0, 0x07, 0xe0, 0x07, 0xe0, 
    0x07, 0xe0, 0x07, 0xe0, 0x07, 0xe0, 0x07, 0xe0, 0x07, 0xe0, 0x07, 0xe0, 0x07, 0xe0, 0x8c, 0x51, 
    0x39, 0xc7, 0x00, 0x00, 0x00, 0x00, 0x00, 0x00, 0x00, 0x00, 0x00, 0x00, 0x63, 0x0c, 0x07, 0xe0, 
    0x07, 0xe0, 0x07, 0xe0, 0x07, 0xe0, 0x07, 0xe0, 0x07, 0xe0, 0x07, 0xe0, 0x07, 0xe0, 0x07, 0xe0, 
    0x07, 0xe0, 0x07, 0xe0, 0x07, 0xe0, 0x07, 0xe0, 0x07, 0xe0, 0x07, 0xe0, 0x07, 0xe0, 0x07, 0xe0, 
    0x07, 0xe0, 0x07, 0xe0, 0x6b, 0x6d, 0x00, 0x00, 0x00, 0x00, 0x42, 0x84, 0x8d, 0x2a, 0x10, 0xa2, 
    0x00, 0x00, 0x29, 0x65, 0x8c, 0x51, 0x07, 0xe0, 0x07, 0xe0, 0x07, 0xe0, 0x07, 0xe0, 0x07, 0xe0, 
    0x07, 0xe0, 0x07, 0xe0, 0x84, 0x30, 0x6b, 0x6d, 0x5a, 0xcb, 0x42, 0x08, 0x10, 0xa2, 0x00, 0x00, 
    0x00, 0x00, 0x00, 0x00, 0x00, 0x00, 0x00, 0x00, 0x00, 0x00, 0x00, 0x00, 0x00, 0x00, 0x00, 0x00, 
    0x00, 0x00, 0x00, 0x00, 0x6b, 0x4d, 0x07, 0xe0, 0x07, 0xe0, 0x07, 0xe0, 0x07, 0xe0, 0x07, 0xe0, 
    0x07, 0xe0, 0x07, 0xe0, 0x07, 0xe0, 0x07, 0xe0, 0x07, 0xe0, 0x07, 0xe0, 0x07, 0xe0, 0x07, 0xe0, 
    0x07, 0xe0, 0x07, 0xe0, 0x07, 0xe0, 0x07, 0xe0, 0x07, 0xe0, 0x8c, 0xd1, 0x00, 0x00, 0x00, 0x00, 
    0x00, 0x00, 0x00, 0x00, 0x00, 0x00, 0x4a, 0x49, 0x07, 0xe0, 0x07, 0xe0, 0x07, 0xe0, 0x07, 0xe0, 
    0x07, 0xe0, 0x07, 0xe0, 0x73, 0xae, 0x42, 0x08, 0x00, 0x00, 0x00, 0x00, 0x00, 0x00, 0x00, 0x00, 
    0x00, 0x00, 0x00, 0x00, 0x00, 0x00, 0x00, 0x00, 0x00, 0x00, 0x00, 0x00, 0x00, 0x00, 0x00, 0x00, 
    0x00, 0x00, 0x00, 0x00, 0x00, 0x00, 0x00, 0x00, 0x00, 0x00, 0x00, 0x00, 0x00, 0x20, 0x52, 0x8a, 
    0x7b, 0xef, 0x07, 0xe0, 0x07, 0xe0, 0x07, 0xe0, 0x07, 0xe0, 0x07, 0xe0, 0x07, 0xe0, 0x07, 0xe0, 
    0x07, 0xe0, 0x07, 0xe0, 0x07, 0xe0, 0x07, 0xe0, 0x07, 0xe0, 0x07, 0xe0, 0x07, 0xe0, 0x07, 0xe0, 
    0x07, 0xe0, 0x84, 0x10, 0x21, 0x24, 0x00, 0x00, 0x08, 0x41, 0x6b, 0x6d, 0x07, 0xe0, 0x07, 0xe0, 
    0x07, 0xe0, 0x07, 0xe0, 0x4f, 0x49, 0x63, 0x0c, 0x08, 0x61, 0x00, 0x00, 0x00, 0x00, 0x00, 0x00, 
    0x00, 0x00, 0x08, 0x41, 0x42, 0x08, 0x73, 0x8e, 0x94, 0xb2, 0xb5, 0xb6, 0xc6, 0x38, 0xd6, 0xba, 
    0xd6, 0x9a, 0xce, 0x79, 0xc6, 0x18, 0xad, 0x75, 0x94, 0x92, 0x63, 0x2c, 0x39, 0xc7, 0x10, 0x82, 
    0x00, 0x00, 0x00, 0x00, 0x00, 0x00, 0x00, 0x00, 0x10, 0x82, 0x6b, 0x6d, 0x07, 0xe0, 0x07, 0xe0, 
    0x07, 0xe0, 0x07, 0xe0, 0x07, 0xe0, 0x07, 0xe0, 0x07, 0xe0, 0x07, 0xe0, 0x07, 0xe0, 0x07, 0xe0, 
    0x07, 0xe0, 0x07, 0xe0, 0x07, 0xe0, 0x07, 0xe0, 0x07, 0xe0, 0x07, 0xe0, 0x07, 0xe0, 0x07, 0xe0, 
    0x07, 0xe0, 0x07, 0xe0, 0x07, 0xe0, 0x07, 0xe0, 0x6b, 0x4d, 0x00, 0x20, 0x00, 0x00, 0x00, 0x00, 
    0x00, 0x00, 0x21, 0x24, 0x73, 0xae, 0xce, 0x59, 0xff, 0xdf, 0xff, 0xff, 0xff, 0xff, 0xff, 0xff, 
    0xff, 0xff, 0xff, 0xff, 0xff, 0xff, 0xff, 0xff, 0xff, 0xff, 0xff, 0xff, 0xff, 0xff, 0xff, 0xff, 
    0xff, 0xff, 0xff, 0xff, 0xff, 0xff, 0xde, 0xdb, 0x94, 0xb2, 0x42, 0x08, 0x00, 0x00, 0x00, 0x00, 
    0x00, 0x00, 0x29, 0x45, 0x8c, 0x51, 0x07, 0xe0, 0x07, 0xe0, 0x07, 0xe0, 0x07, 0xe0, 0x07, 0xe0, 
    0x07, 0xe0, 0x07, 0xe0, 0x07, 0xe0, 0x07, 0xe0, 0x07, 0xe0, 0x07, 0xe0, 0x07, 0xe0, 0x07, 0xe0, 
    0x07, 0xe0, 0x07, 0xe0, 0x07, 0xe0, 0x07, 0xe0, 0x07, 0xe0, 0x8c, 0x51, 0x29, 0x65, 0x00, 0x00, 
    0x00, 0x00, 0x00, 0x00, 0x52, 0x8a, 0xbd, 0xf7, 0xff, 0xff, 0xff, 0xff, 0xff, 0xff, 0xff, 0xff, 
    0xff, 0xff, 0xff, 0xff, 0xff, 0xff, 0xff, 0xff, 0xff, 0xff, 0xff, 0xff, 0xff, 0xff, 0xff, 0xff, 
    0xff, 0xff, 0xff, 0xff, 0xff, 0xff, 0xff, 0xff, 0xff, 0xff, 0xff, 0xff, 0xff, 0xff, 0xff, 0xff, 
    0xff, 0xff, 0xde, 0xfb, 0x6b, 0x4d, 0x00, 0x20, 0x00, 0x00, 0x00, 0x00, 0x73, 0x8e, 0x07, 0xe0, 
    0x07, 0xe0, 0x07, 0xe0, 0x07, 0xe0, 0x07, 0xe0, 0x07, 0xe0, 0x07, 0xe0, 0x07, 0xe0, 0x07, 0xe0, 
    0x07, 0xe0, 0x07, 0xe0, 0x07, 0xe0, 0x07, 0xe0, 0x07, 0xe0, 0x07, 0xe0, 0x07, 0xe0, 0x7b, 0xcf, 
    0x00, 0x20, 0x00, 0x00, 0x00, 0x00, 0x4a, 0x69, 0xd6, 0xba, 0xff, 0xff, 0xff, 0xff, 0xff, 0xff, 
    0xff, 0xff, 0xff, 0xff, 0xff, 0xff, 0xff, 0xff, 0xff, 0xff, 0xff, 0xff, 0xff, 0xff, 0xff, 0xff, 
    0xff, 0xff, 0xff, 0xff, 0xff, 0xff, 0xff, 0xff, 0xff, 0xff, 0xff, 0xff, 0xff, 0xff, 0xff, 0xff, 
    0xff, 0xff, 0xff, 0xff, 0xff, 0xff, 0xff, 0xff, 0xff, 0xff, 0xff, 0xff, 0xde, 0xdb, 0x39, 0xe7, 
    0x00, 0x00, 0x00, 0x00, 0x63, 0x2c, 0x07, 0xe0, 0x07, 0xe0, 0x07, 0xe0, 0x07, 0xe0, 0x07, 0xe0, 
    0x07, 0xe0, 0x07, 0xe0, 0x07, 0xe0, 0x07, 0xe0, 0x07, 0xe0, 0x07, 0xe0, 0x07, 0xe0, 0x07, 0xe0, 
    0x07, 0xe0, 0x73, 0x8e, 0x00, 0x00, 0x00, 0x00, 0x29, 0x45, 0xb5, 0xb6, 0xff, 0xff, 0xff, 0xff, 
    0xff, 0xff, 0xff, 0xff, 0xff, 0xff, 0xff, 0xff, 0xff, 0xff, 0xff, 0xff, 0xff, 0xff, 0xff, 0xff, 
    0xff, 0xff, 0xff, 0xff, 0xff, 0xff, 0xff, 0xff, 0xff, 0xff, 0xff, 0xff, 0xff, 0xff, 0xff, 0xff, 
    0xff, 0xff, 0xff, 0xff, 0xff, 0xff, 0xff, 0xff, 0xff, 0xff, 0xff, 0xff, 0xff, 0xff, 0xff, 0xff, 
    0xff, 0xff, 0xff, 0xff, 0xff, 0xff, 0x6b, 0x6d, 0x00, 0x00, 0x00, 0x00, 0x6b, 0x4d, 0x07, 0xe0, 
    0x07, 0xe0, 0x07, 0xe0, 0x07, 0xe0, 0x07, 0xe0, 0x07, 0xe0, 0x07, 0xe0, 0x07, 0xe0, 0x07, 0xe0, 
    0x07, 0xe0, 0x07, 0xe0, 0x07, 0xe0, 0x7b, 0xef, 0x00, 0x00, 0x00, 0x00, 0x42, 0x08, 0xe7, 0x3c, 
    0xff, 0xff, 0xff, 0xff, 0xff, 0xff, 0xff, 0xff, 0xff, 0xff, 0xff, 0xff, 0xff, 0xff, 0xff, 0xff, 
    0xff, 0xff, 0xff, 0xff, 0xff, 0xff, 0xff, 0xff, 0xff, 0xff, 0xff, 0xff, 0xff, 0xff, 0xff, 0xff, 
    0xff, 0xff, 0xff, 0xff, 0xff, 0xff, 0xff, 0xff, 0xff, 0xff, 0xff, 0xff, 0xff, 0xff, 0xff, 0xff, 
    0xff, 0xff, 0xff, 0xff, 0xff, 0xff, 0xff, 0xff, 0xff, 0xff, 0xff, 0xff, 0xff, 0xff, 0x73, 0xae, 
    0x00, 0x00, 0x00, 0x00, 0x73, 0xae, 0x07, 0xe0, 0x07, 0xe0, 0x07, 0xe0, 0x07, 0xe0, 0x07, 0xe0, 
    0x07, 0xe0, 0x07, 0xe0, 0x07, 0xe0, 0x07, 0xe0, 0x07, 0xe0, 0x3f, 0xa7, 0x10, 0xa2, 0x00, 0x00, 
    0x39, 0xc7, 0xde, 0xfb, 0xff, 0xff, 0xff, 0xff, 0xff, 0xff, 0xff, 0xff, 0xff, 0xff, 0xff, 0xff, 
    0xff, 0xff, 0xff, 0xff, 0xff, 0xff, 0xff, 0xff, 0xff, 0xff, 0xff, 0xff, 0xff, 0xff, 0xff, 0xff, 
    0xff, 0xff, 0xff, 0xff, 0xff, 0xff, 0xff, 0xff, 0xff, 0xff, 0xff, 0xff, 0xff, 0xff, 0xff, 0xff, 
    0xff, 0xff, 0xff, 0xff, 0xff, 0xff, 0xff, 0xff, 0xff, 0xff, 0xff, 0xff, 0xff, 0xff, 0xff, 0xff, 
    0xff, 0xff, 0xff, 0xff, 0xff, 0xff, 0x52, 0x8a, 0x00, 0x00, 0x00, 0x20, 0x8c, 0x71, 0x07, 0xe0, 
    0x07, 0xe0, 0x07, 0xe0, 0x07, 0xe0, 0x07, 0xe0, 0x07, 0xe0, 0x07, 0xe0, 0x07, 0xe0, 0x07, 0xe0, 
    0x42, 0x28, 0x00, 0x00, 0x08, 0x61, 0xbd, 0xf7, 0xff, 0xff, 0xff, 0xff, 0xff, 0xff, 0xff, 0xff, 
    0xff, 0xff, 0xff, 0xff, 0xff, 0xff, 0xff, 0xff, 0xff, 0xff, 0xff, 0xff, 0xff, 0xff, 0xff, 0xff, 
    0xff, 0xff, 0xff, 0xff, 0xff, 0xff, 0xff, 0xff, 0xff, 0xff, 0xff, 0xff, 0xff, 0xff, 0xff, 0xff, 
    0xff, 0xff, 0xff, 0xff, 0xff, 0xff, 0xff, 0xff, 0xff, 0xff, 0xff, 0xff, 0xff, 0xff, 0xff, 0xff, 
    0xff, 0xff, 0xff, 0xff, 0xff, 0xff, 0xff, 0xff, 0xff, 0xff, 0xff, 0xff, 0xef, 0x5d, 0x10, 0xa2, 
    0x00, 0x00, 0x31, 0xa6, 0x07, 0xe0, 0x07, 0xe0, 0x07, 0xe0, 0x07, 0xe0, 0x07, 0xe0, 0x07, 0xe0, 
    0x07, 0xe0, 0x07, 0xe0, 0x84, 0x10, 0x00, 0x00, 0x00, 0x00, 0x63, 0x2c, 0xff, 0xff, 0xff, 0xff, 
    0xff, 0xff, 0xff, 0xff, 0xff, 0xff, 0xff, 0xff, 0xff, 0xff, 0xff, 0xff, 0xff, 0xff, 0xff, 0xff, 
    0xff, 0xff, 0xff, 0xff, 0xff, 0xff, 0xff, 0xff, 0xff, 0xff, 0xff, 0xff, 0xff, 0xff, 0xff, 0xff, 
    0xff, 0xff, 0xff, 0xff, 0xff, 0xff, 0xff, 0xff, 0xff, 0xff, 0xff, 0xff, 0xff, 0xff, 0xff, 0xff, 
    0xff, 0xff, 0xff, 0xff, 0xff, 0xff, 0xff, 0xff, 0xff, 0xff, 0xff, 0xff, 0xff, 0xff, 0xff, 0xff, 
    0xff, 0xff, 0xff, 0xff, 0x9c, 0xf3, 0x00, 0x00, 0x00, 0x00, 0x73, 0xae, 0x07, 0xe0, 0x07, 0xe0, 
    0x07, 0xe0, 0x07, 0xe0, 0x07, 0xe0, 0x07, 0xe0, 0x07, 0xe0, 0x39, 0xc7, 0x00, 0x00, 0x18, 0xe3, 
    0xef, 0x7d, 0xff, 0xff, 0xff, 0xff, 0xff, 0xff, 0xff, 0xff, 0xff, 0xff, 0xff, 0xff, 0xff, 0xff, 
    0xff, 0xff, 0xff, 0xff, 0xff, 0xff, 0xff, 0xff, 0xff, 0xff, 0xff, 0xff, 0xff, 0xff, 0xff, 0xff, 
    0xff, 0xff, 0xff, 0xff, 0xff, 0xff, 0xff, 0xff, 0xff, 0xff, 0xff, 0xff, 0xff, 0xff, 0xff, 0xff, 
    0xff, 0xff, 0xff, 0xff, 0xff, 0xff, 0xff, 0xff, 0xff, 0xff, 0xff, 0xff, 0xff, 0xff, 0xff, 0xff, 
    0xff, 0xff, 0xff, 0xff, 0xff, 0xff, 0xff, 0xff, 0xff, 0xff, 0xff, 0xff, 0x31, 0xa6, 0x00, 0x00, 
    0x18, 0xe3, 0x07, 0xe0, 0x07, 0xe0, 0x07, 0xe0, 0x07, 0xe0, 0x07, 0xe0, 0x07, 0xe0, 0x8c, 0x51, 
    0x00, 0x00, 0x00, 0x00, 0x73, 0xae, 0xff, 0xff, 0xff, 0xff, 0xff, 0xff, 0xff, 0xff, 0xff, 0xff, 
    0xff, 0xff, 0xff, 0xff, 0xff, 0xff, 0xff, 0xff, 0xff, 0xff, 0xff, 0xff, 0xff, 0xff, 0xff, 0xff, 
    0xff, 0xff, 0xff, 0xff, 0xff, 0xff, 0xff, 0xff, 0xff, 0xff, 0xff, 0xff, 0xff, 0xff, 0xff, 0xff, 
    0xff, 0xff, 0xff, 0xff, 0xff, 0xff, 0xff, 0xff, 0xff, 0xff, 0xff, 0xff, 0xff, 0xff, 0xff, 0xff, 
    0xff, 0xff, 0xff, 0xff, 0xff, 0xff, 0xff, 0xff, 0xff, 0xff, 0xff, 0xff, 0xff, 0xff, 0xff, 0xff, 
    0xff, 0xff, 0xa5, 0x34, 0x00, 0x00, 0x00, 0x00, 0x7b, 0xcf, 0x07, 0xe0, 0x07, 0xe0, 0x07, 0xe0, 
    0x07, 0xe0, 0x07, 0xe0, 0x63, 0x2c, 0x00, 0x00, 0x00, 0x00, 0x6b, 0x6d, 0xce, 0x79, 0xce, 0x79, 
    0xd6, 0x9a, 0xef, 0x5d, 0xff, 0xff, 0xff, 0xff, 0xff, 0xff, 0xff, 0xff, 0xff, 0xff, 0xff, 0xff, 
    0xff, 0xff, 0xff, 0xff, 0xff, 0xff, 0xff, 0xff, 0xff, 0xff, 0xff, 0xff, 0xff, 0xff, 0xff, 0xff, 
    0xff, 0xff, 0xff, 0xff, 0xff, 0xff, 0xff, 0xff, 0xff, 0xff, 0xff, 0xff, 0xff, 0xff, 0xff, 0xff, 
    0xff, 0xff, 0xff, 0xff, 0xff, 0xff, 0xff, 0xff, 0xff, 0xff, 0xff, 0xff, 0xff, 0xff, 0xff, 0xff, 
    0xff, 0xff, 0xff, 0xff, 0xff, 0xff, 0xff, 0xff, 0xff, 0xdf, 0x21, 0x04, 0x00, 0x00, 0x4a, 0x49, 
    0x07, 0xe0, 0x07, 0xe0, 0x07, 0xe0, 0x07, 0xe0, 0x07, 0xe0, 0x29, 0x65, 0x00, 0x00, 0x00, 0x00, 
    0x00, 0x00, 0x00, 0x00, 0x00, 0x00, 0x00, 0x00, 0x00, 0x00, 0x18, 0xe3, 0x8c, 0x71, 0xff, 0xff, 
    0xff, 0xff, 0xff, 0xff, 0xff, 0xff, 0xff, 0xff, 0xff, 0xff, 0xff, 0xff, 0xff, 0xff, 0xff, 0xff, 
    0xff, 0xff, 0xff, 0xff, 0xff, 0xff, 0xef, 0x5d, 0xb5, 0xb6, 0x9c, 0xf3, 0x94, 0xb2, 0x8c, 0x51, 
    0x8c, 0x71, 0x9c, 0xd3, 0xa5, 0x34, 0xce, 0x59, 0xff, 0xff, 0xff, 0xff, 0xff, 0xff, 0xff, 0xff, 
    0xff, 0xff, 0xff, 0xff, 0xff, 0xff, 0xff, 0xff, 0xff, 0xff, 0xff, 0xff, 0xff, 0xff, 0xff, 0xff, 
    0x73, 0xae, 0x00, 0x00, 0x00, 0x20, 0x07, 0xe0, 0x07, 0xe0, 0x07, 0xe0, 0x07, 0xe0, 0x07, 0xe0, 
    0x00, 0x00, 0x00, 0x00, 0x00, 0x00, 0x00, 0x00, 0x00, 0x00, 0x00, 0x00, 0x00, 0x00, 0x00, 0x00, 
    0x00, 0x00, 0x00, 0x00, 0x63, 0x2c, 0xff, 0xff, 0xff, 0xff, 0xff, 0xff, 0xff, 0xff, 0xff, 0xff, 
    0xff, 0xff, 0xff, 0xff, 0xff, 0xff, 0xff, 0xff, 0xf7, 0xbe, 0x63, 0x2c, 0x00, 0x20, 0x00, 0x00, 
    0x00, 0x00, 0x00, 0x00, 0x00, 0x00, 0x00, 0x00, 0x00, 0x00, 0x00, 0x00, 0x00, 0x00, 0x18, 0xe3, 
    0xb5, 0xb6, 0xff, 0xff, 0xff, 0xff, 0xff, 0xff, 0xff, 0xff, 0xff, 0xff, 0xff, 0xff, 0xff, 0xff, 
    0xff, 0xff, 0xff, 0xff, 0xff, 0xff, 0xbd, 0xd7, 0x00, 0x00, 0x00, 0x00, 0x84, 0x30, 0x07, 0xe0, 
    0x07, 0xe0, 0x07, 0xe0, 0x84, 0x30, 0x00, 0x00, 0x00, 0x00, 0x00, 0x00, 0x00, 0x00, 0x00, 0x00, 
    0x00, 0x00, 0x00, 0x00, 0x00, 0x00, 0x00, 0x00, 0x00, 0x20, 0x00, 0x00, 0xd6, 0x9a, 0xff, 0xff, 
    0xff, 0xff, 0xff, 0xff, 0xff, 0xff, 0xff, 0xff, 0xff, 0xff, 0xff, 0xff, 0xff, 0xff, 0x5a, 0xcb, 
    0x00, 0x00, 0x00, 0x00, 0x00, 0x00, 0x00, 0x00, 0x00, 0x00, 0x00, 0x00, 0x00, 0x00, 0x00, 0x00, 
    0x00, 0x00, 0x00, 0x00, 0x00, 0x00, 0x00, 0x20, 0xc6, 0x38, 0xff, 0xff, 0xff, 0xff, 0xff, 0xff, 
    0xff, 0xff, 0xff, 0xff, 0xff, 0xff, 0xff, 0xff, 0xff, 0xff, 0xff, 0xff, 0xf7, 0x9e, 0x08, 0x61, 
    0x00, 0x00, 0x73, 0x8e, 0x07, 0xe0, 0x07, 0xe0, 0x07, 0xe0, 0x73, 0xae, 0x00, 0x00, 0x00, 0x00, 
    0x00, 0x00, 0x00, 0x00, 0x00, 0x00, 0x00, 0x00, 0x00, 0x00, 0x00, 0x00, 0x4a, 0x49, 0xb5, 0xb6, 
    0x00, 0x00, 0x8c, 0x51, 0xff, 0xff, 0xff, 0xff, 0xff, 0xff, 0xff, 0xff, 0xff, 0xff, 0xff, 0xff, 
    0xff, 0xff, 0xde, 0xdb, 0x00, 0x00, 0x00, 0x00, 0x00, 0x00, 0x00, 0x00, 0x00, 0x00, 0x00, 0x00, 
    0x00, 0x00, 0x00, 0x00, 0x00, 0x00, 0x00, 0x00, 0x00, 0x00, 0x73, 0x8e, 0x08, 0x41, 0x4a, 0x49, 
    0xff, 0xff, 0xff, 0xff, 0xff, 0xff, 0xff, 0xff, 0xff, 0xff, 0xff, 0xff, 0xff, 0xff, 0xff, 0xff, 
    0xff, 0xff, 0xff, 0xff, 0x31, 0xa6, 0x00, 0x00, 0x63, 0x0c, 0x07, 0xe0, 0x07, 0xe0, 0x07, 0xe0, 
    0x6b, 0x4d, 0x00, 0x00, 0x00, 0x00, 0x00, 0x00, 0x00, 0x00, 0x00, 0x00, 0x00, 0x00, 0x00, 0x00, 
    0x00, 0x00, 0xa5, 0x14, 0xff, 0xdf, 0x00, 0x00, 0x6b, 0x6d, 0xff, 0xff, 0xff, 0xff, 0xff, 0xff, 
    0xff, 0xff, 0xff, 0xff, 0xff, 0xff, 0xff, 0xff, 0x9c, 0xd3, 0x00, 0x00, 0x4a, 0x69, 0x00, 0x00, 
    0x00, 0x00, 0x00, 0x00, 0x00, 0x00, 0x00, 0x00, 0x00, 0x00, 0x00, 0x00, 0x00, 0x00, 0x00, 0x00, 
    0xff, 0xdf, 0x63, 0x2c, 0x08, 0x41, 0xff, 0xff, 0xff, 0xff, 0xff, 0xff, 0xff, 0xff, 0xff, 0xff, 
    0xff, 0xff, 0xff, 0xff, 0xff, 0xff, 0xff, 0xff, 0xff, 0xff, 0x52, 0xaa, 0x00, 0x00, 0x52, 0x8a, 
    0x07, 0xe0, 0x07, 0xe0, 0x07, 0xe0, 0x5a, 0xcb, 0x00, 0x00, 0x31, 0xa6, 0x42, 0x08, 0x00, 0x00, 
    0x00, 0x00, 0x00, 0x00, 0x00, 0x00, 0x21, 0x04, 0xf7, 0xbe, 0xe7, 0x3c, 0x00, 0x00, 0x73, 0x8e, 
    0xff, 0xff, 0xff, 0xff, 0xff, 0xff, 0xff, 0xff, 0xff, 0xff, 0xff, 0xff, 0xff, 0xff, 0x84, 0x10, 
    0x00, 0x00, 0xc6, 0x38, 0x00, 0x00, 0x00, 0x00, 0x00, 0x00, 0x00, 0x00, 0x00, 0x00, 0x00, 0x00, 
    0x00, 0x00, 0x00, 0x00, 0x29, 0x45, 0xff, 0xff, 0x94, 0x92, 0x00, 0x00, 0xef, 0x7d, 0xff, 0xff, 
    0xff, 0xff, 0xff, 0xff, 0xff, 0xff, 0xff, 0xff, 0xff, 0xff, 0xff, 0xff, 0xff, 0xff, 0xff, 0xff, 
    0x6b, 0x6d, 0x00, 0x00, 0x39, 0xe7, 0x07, 0xe0, 0x07, 0xe0, 0x07, 0xe0, 0x39, 0xc7, 0x00, 0x00, 
    0x31, 0x86, 0xe7, 0x1c, 0x4a, 0x69, 0x00, 0x00, 0x00, 0x00, 0x21, 0x04, 0xce, 0x79, 0xff, 0xff, 
    0xad, 0x75, 0x00, 0x00, 0x9c, 0xf3, 0xff, 0xff, 0xff, 0xff, 0xff, 0xff, 0xff, 0xff, 0xff, 0xff, 
    0xff, 0xff, 0xff, 0xff, 0x84, 0x30, 0x00, 0x00, 0xf7, 0x9e, 0x6b, 0x4d, 0x00, 0x00, 0x00, 0x00, 
    0x00, 0x00, 0x00, 0x00, 0x00, 0x00, 0x00, 0x00, 0x00, 0x00, 0x9c, 0xd3, 0xff, 0xff, 0x94, 0xb2, 
    0x00, 0x00, 0xf7, 0xbe, 0xff, 0xff, 0xff, 0xff, 0xff, 0xff, 0xff, 0xff, 0xff, 0xff, 0xff, 0xff, 
    0xff, 0xff, 0xff, 0xff, 0xff, 0xff, 0x8c, 0x51, 0x00, 0x00, 0x31, 0xa6, 0x07, 0xe0, 0x07, 0xe0, 
    0x75, 0xee, 0x00, 0x00, 0x00, 0x00, 0x00, 0x00, 0x8c, 0x51, 0xff, 0xff, 0xe7, 0x3c, 0xd6, 0x9a, 
    0xff, 0xdf, 0xff, 0xff, 0xe7, 0x1c, 0x21, 0x24, 0x08, 0x61, 0xef, 0x7d, 0xff, 0xff, 0xff, 0xff, 
    0xff, 0xff, 0xff, 0xff, 0xff, 0xff, 0xff, 0xff, 0xff, 0xff, 0xad, 0x55, 0x00, 0x00, 0xad, 0x55, 
    0xff, 0xff, 0x8c, 0x71, 0x31, 0xa6, 0x21, 0x04, 0x21, 0x04, 0x31, 0x86, 0x52, 0x8a, 0xad, 0x55, 
    0xff, 0xff, 0xff, 0xff, 0x42, 0x08, 0x18, 0xc3, 0xff, 0xff, 0xff, 0xff, 0xff, 0xff, 0xff, 0xff, 
    0xff, 0xff, 0xff, 0xff, 0xff, 0xff, 0xff, 0xff, 0xff, 0xff, 0xff, 0xff, 0x94, 0xb2, 0x00, 0x00, 
    0x29, 0x65, 0x07, 0xe0, 0x07, 0xe0, 0x39, 0xc7, 0x00, 0x00, 0x10, 0x82, 0x31, 0x86, 0x00, 0x00, 
    0x42, 0x28, 0x94, 0x92, 0xa5, 0x34, 0x94, 0x92, 0x52, 0xaa, 0x08, 0x61, 0x08, 0x41, 0xb5, 0x96, 
    0xff, 0xff, 0xff, 0xff, 0xff, 0xff, 0xff, 0xff, 0xff, 0xff, 0xff, 0xff, 0xff, 0xff, 0xff, 0xff, 
    0xf7, 0x9e, 0x08, 0x61, 0x08, 0x61, 0x9c, 0xf3, 0xff, 0xff, 0xff, 0xff, 0xff, 0xff, 0xff, 0xff, 
    0xff, 0xff, 0xff, 0xff, 0xff, 0xff, 0xe7, 0x1c, 0x5a, 0xcb, 0x00, 0x00, 0x6b, 0x6d, 0xff, 0xff, 
    0xff, 0xff, 0xff, 0xff, 0xff, 0xff, 0xff, 0xff, 0xff, 0xff, 0xff, 0xff, 0xff, 0xff, 0xff, 0xff, 
    0xff, 0xff, 0x94, 0xb2, 0x00, 0x00, 0x29, 0x45, 0x07, 0xe0, 0x5a, 0xcb, 0x00, 0x00, 0x18, 0xe3, 
    0xde, 0xdb, 0xff, 0xdf, 0x7b, 0xcf, 0x29, 0x65, 0x10, 0xa2, 0x18, 0xe3, 0x29, 0x65, 0x4a, 0x49, 
    0x7b, 0xef, 0xe7, 0x1c, 0xff, 0xff, 0xff, 0xff, 0xff, 0xff, 0xff, 0xff, 0xff, 0xff, 0xff, 0xff, 
    0xff, 0xff, 0xff, 0xff, 0xff, 0xff, 0xff, 0xff, 0xa5, 0x14, 0x00, 0x00, 0x00, 0x00, 0x18, 0xe3, 
    0x5a, 0xcb, 0x73, 0x8e, 0x84, 0x10, 0x7b, 0xcf, 0x63, 0x2c, 0x39, 0xe7, 0x00, 0x20, 0x00, 0x00, 
    0x21, 0x24, 0xef, 0x5d, 0xff, 0xff, 0xff, 0xff, 0xff, 0xff, 0xff, 0xff, 0xff, 0xff, 0xff, 0xff, 
    0xff, 0xff, 0xff, 0xff, 0xff, 0xff, 0xff, 0xff, 0x9c, 0xd3, 0x00, 0x00, 0x21, 0x04, 0x07, 0xe0, 
    0x00, 0x00, 0x00, 0x00, 0x94, 0xb2, 0xff, 0xff, 0xff, 0xff, 0xff, 0xff, 0xff, 0xff, 0xff, 0xff, 
    0xff, 0xff, 0xff, 0xff, 0xff, 0xff, 0xff, 0xff, 0xff, 0xff, 0xff, 0xff, 0xff, 0xff, 0xff, 0xff, 
    0xff, 0xff, 0xff, 0xff, 0xff, 0xff, 0xff, 0xff, 0xff, 0xff, 0xff, 0xff, 0xff, 0xff, 0xff, 0xff, 
    0xc6, 0x18, 0x4a, 0x69, 0x08, 0x61, 0x00, 0x00, 0x00, 0x00, 0x00, 0x00, 0x00, 0x00, 0x00, 0x00, 
    0x00, 0x00, 0x21, 0x04, 0x73, 0xae, 0xef, 0x7d, 0xff, 0xff, 0xff, 0xff, 0xff, 0xff, 0xff, 0xff, 
    0xff, 0xff, 0xff, 0xff, 0xff, 0xff, 0xff, 0xff, 0xff, 0xff, 0xff, 0xff, 0xff, 0xff, 0x9c, 0xd3, 
    0x00, 0x00, 0x18, 0xc3, 0x73, 0x8e, 0x00, 0x00, 0x10, 0x82, 0xf7, 0xbe, 0xff, 0xff, 0xff, 0xff, 
    0xff, 0xff, 0xff, 0xff, 0xff, 0xff, 0xff, 0xff, 0xff, 0xff, 0xff, 0xff, 0xff, 0xff, 0xff, 0xff, 
    0xff, 0xff, 0xff, 0xff, 0xff, 0xff, 0xff, 0xff, 0xff, 0xff, 0xff, 0xff, 0xff, 0xff, 0xff, 0xff, 
    0xff, 0xff, 0xff, 0xff, 0xff, 0xff, 0xff, 0xff, 0xff, 0xff, 0xff, 0xff, 0xff, 0xff, 0xef, 0x7d, 
    0xef, 0x7d, 0xef, 0x7d, 0xef, 0x7d, 0xf7, 0xbe, 0xff, 0xff, 0xff, 0xff, 0xff, 0xff, 0xff, 0xff, 
    0xff, 0xff, 0xff, 0xff, 0xff, 0xff, 0xff, 0xff, 0xff, 0xff, 0xff, 0xff, 0xff, 0xff, 0xff, 0xff, 
    0xff, 0xff, 0xff, 0xff, 0x9c, 0xd3, 0x00, 0x00, 0x00, 0x20, 0x4a, 0x49, 0x00, 0x00, 0x5a, 0xcb, 
    0xff, 0xff, 0xff, 0xff, 0xff, 0xff, 0xff, 0xff, 0xff, 0xff, 0xff, 0xff, 0xff, 0xff, 0xff, 0xff, 
    0xff, 0xff, 0xff, 0xff, 0xff, 0xff, 0xff, 0xff, 0xff, 0xff, 0xff, 0xff, 0xff, 0xff, 0xff, 0xff, 
    0xff, 0xff, 0xff, 0xff, 0xff, 0xff, 0xff, 0xff, 0xff, 0xff, 0xff, 0xff, 0xff, 0xff, 0xff, 0xff, 
    0xff, 0xff, 0xff, 0xff, 0xff, 0xff, 0xff, 0xff, 0xff, 0xff, 0xff, 0xff, 0xff, 0xff, 0xff, 0xff, 
    0xff, 0xff, 0xff, 0xff, 0xff, 0xff, 0xff, 0xff, 0xff, 0xff, 0xff, 0xff, 0xff, 0xff, 0xff, 0xff, 
    0xff, 0xff, 0xff, 0xff, 0xff, 0xff, 0xff, 0xff, 0xff, 0xff, 0x9c, 0xf3, 0x00, 0x00, 0x00, 0x00, 
    0x29, 0x45, 0x00, 0x00, 0x8c, 0x71, 0xff, 0xff, 0xff, 0xff, 0xff, 0xff, 0xff, 0xff, 0xff, 0xff, 
    0xff, 0xff, 0xff, 0xff, 0xff, 0xff, 0xff, 0xff, 0xff, 0xff, 0xff, 0xff, 0xff, 0xff, 0xff, 0xff, 
    0xff, 0xff, 0xff, 0xff, 0xff, 0xff, 0xff, 0xff, 0xff, 0xff, 0xff, 0xff, 0xff, 0xff, 0xff, 0xff, 
    0xff, 0xff, 0xff, 0xff, 0xff, 0xff, 0xff, 0xff, 0xff, 0xff, 0xff, 0xff, 0xff, 0xff, 0xff, 0xff, 
    0xff, 0xff, 0xff, 0xff, 0xff, 0xff, 0xff, 0xff, 0xff, 0xff, 0xff, 0xff, 0xff, 0xff, 0xff, 0xff, 
    0xff, 0xff, 0xff, 0xff, 0xff, 0xff, 0xff, 0xff, 0xff, 0xff, 0xff, 0xff, 0xff, 0xff, 0xff, 0xff, 
    0x9c, 0xf3, 0x00, 0x00, 0x08, 0x41, 0x18, 0xc3, 0x00, 0x00, 0xa5, 0x14, 0xff, 0xff, 0xff, 0xff, 
    0xff, 0xff, 0xff, 0xff, 0xff, 0xff, 0xff, 0xff, 0xff, 0xff, 0xff, 0xff, 0xff, 0xff, 0xff, 0xff, 
    0xff, 0xff, 0xff, 0xff, 0xff, 0xff, 0xff, 0xff, 0xff, 0xff, 0xff, 0xff, 0xff, 0xff, 0xff, 0xff, 
    0xff, 0xff, 0xff, 0xff, 0xff, 0xff, 0xff, 0xff, 0xff, 0xff, 0xff, 0xff, 0xff, 0xff, 0xff, 0xff, 
    0xff, 0xff, 0xff, 0xff, 0xff, 0xff, 0xff, 0xff, 0xff, 0xff, 0xff, 0xff, 0xff, 0xff, 0xff, 0xff, 
    0xff, 0xff, 0xff, 0xff, 0xff, 0xff, 0xff, 0xff, 0xff, 0xff, 0xff, 0xff, 0xff, 0xff, 0xff, 0xff, 
    0xff, 0xff, 0xff, 0xff, 0xff, 0xff, 0x9c, 0xf3, 0x00, 0x00, 0x08, 0x61, 0x42, 0x08, 0x00, 0x00, 
    0x94, 0x92, 0xff, 0xff, 0xff, 0xff, 0xff, 0xff, 0xff, 0xff, 0xff, 0xff, 0xff, 0xff, 0xff, 0xff, 
    0xff, 0xff, 0xff, 0xff, 0xff, 0xff, 0xff, 0xff, 0xff, 0xff, 0xff, 0xff, 0xff, 0xff, 0xff, 0xff, 
    0xff, 0xff, 0xff, 0xff, 0xff, 0xff, 0xff, 0xff, 0xff, 0xff, 0xff, 0xff, 0xff, 0xff, 0xff, 0xff, 
    0xff, 0xff, 0xff, 0xff, 0xff, 0xff, 0xff, 0xff, 0xff, 0xff, 0xff, 0xff, 0xff, 0xff, 0xff, 0xff, 
    0xff, 0xff, 0xff, 0xff, 0xff, 0xff, 0xff, 0xff, 0xff, 0xff, 0xff, 0xff, 0xff, 0xff, 0xff, 0xff, 
    0xff, 0xff, 0xff, 0xff, 0xff, 0xff, 0xff, 0xff, 0xff, 0xff, 0xff, 0xff, 0x9c, 0xf3, 0x00, 0x00, 
    0x10, 0xa2, 0x5a, 0xcb, 0x00, 0x00, 0x5a, 0xeb, 0xff, 0xff, 0xff, 0xff, 0xff, 0xff, 0xff, 0xff, 
    0xff, 0xff, 0xff, 0xff, 0xff, 0xff, 0xff, 0xff, 0xff, 0xff, 0xff, 0xff, 0xff, 0xff, 0xff, 0xff, 
    0xff, 0xff, 0xff, 0xff, 0xff, 0xff, 0xff, 0xff, 0xff, 0xff, 0xff, 0xff, 0xff, 0xff, 0xff, 0xff, 
    0xff, 0xff, 0xff, 0xff, 0xff, 0xff, 0xff, 0xff, 0xff, 0xff, 0xff, 0xff, 0xff, 0xff, 0xff, 0xff, 
    0xff, 0xff, 0xff, 0xff, 0xff, 0xff, 0xff, 0xff, 0xff, 0xff, 0xff, 0xff, 0x84, 0x30, 0x31, 0xa6, 
    0xde, 0xdb, 0xff, 0xff, 0xff, 0xff, 0xff, 0xff, 0xff, 0xff, 0xff, 0xff, 0xff, 0xff, 0xff, 0xff, 
    0xff, 0xff, 0xa5, 0x14, 0x00, 0x00, 0x18, 0xc3, 0x7b, 0xef, 0x00, 0x00, 0x18, 0xe3, 0xf7, 0x9e, 
    0xff, 0xff, 0xff, 0xff, 0xff, 0xff, 0xff, 0xff, 0xff, 0xff, 0xff, 0xff, 0xff, 0xff, 0xff, 0xff, 
    0xff, 0xff, 0xff, 0xff, 0xff, 0xff, 0xff, 0xff, 0xff, 0xff, 0xff, 0xff, 0xff, 0xff, 0xff, 0xff, 
    0xff, 0xff, 0xff, 0xff, 0xff, 0xff, 0xff, 0xff, 0xff, 0xff, 0xff, 0xff, 0xff, 0xff, 0xff, 0xff, 
    0xff, 0xff, 0xff, 0xff, 0xff, 0xff, 0xff, 0xff, 0xff, 0xff, 0xff, 0xff, 0xff, 0xff, 0xe7, 0x1c, 
    0x39, 0xe7, 0x00, 0x00, 0x00, 0x00, 0x42, 0x28, 0xff, 0xff, 0xff, 0xff, 0xff, 0xff, 0xff, 0xff, 
    0xff, 0xff, 0xff, 0xff, 0xff, 0xff, 0xff, 0xff, 0xa5, 0x14, 0x00, 0x00, 0x18, 0xe3, 0x07, 0xe0, 
    0x10, 0x82, 0x00, 0x00, 0x73, 0xae, 0xff, 0xff, 0xff, 0xff, 0xff, 0xff, 0xff, 0xff, 0xff, 0xff, 
    0xff, 0xff, 0xff, 0xff, 0xff, 0xff, 0xff, 0xff, 0xff, 0xff, 0xff, 0xff, 0xff, 0xff, 0xff, 0xff, 
    0xff, 0xff, 0xff, 0xff, 0xff, 0xff, 0xff, 0xff, 0xff, 0xff, 0xff, 0xff, 0xff, 0xff, 0xff, 0xff, 
    0xff, 0xff, 0xff, 0xff, 0xff, 0xff, 0xff, 0xff, 0xff, 0xff, 0xff, 0xff, 0xff, 0xff, 0xff, 0xff, 
    0xff, 0xff, 0x9c, 0xd3, 0x10, 0x82, 0x00, 0x00, 0x00, 0x00, 0x00, 0x00, 0x8c, 0x71, 0xff, 0xff, 
    0xff, 0xff, 0xff, 0xff, 0xff, 0xff, 0xff, 0xff, 0xff, 0xff, 0xff, 0xff, 0xff, 0xff, 0xa5, 0x14, 
    0x00, 0x00, 0x18, 0xe3, 0x07, 0xe0, 0x6b, 0x4d, 0x00, 0x00, 0x00, 0x00, 0xa5, 0x14, 0xff, 0xff, 
    0xff, 0xff, 0xff, 0xff, 0xff, 0xff, 0xff, 0xff, 0xff, 0xff, 0xff, 0xff, 0xff, 0xff, 0xff, 0xff, 
    0xff, 0xff, 0xff, 0xff, 0xff, 0xff, 0xff, 0xff, 0xff, 0xff, 0xff, 0xff, 0xff, 0xff, 0xff, 0xff, 
    0xff, 0xff, 0xff, 0xff, 0xff, 0xff, 0xff, 0xff, 0xff, 0xff, 0xff, 0xff, 0xff, 0xff, 0xff, 0xff, 
    0xff, 0xff, 0xff, 0xff, 0xce, 0x79, 0x31, 0xa6, 0x00, 0x00, 0x00, 0x00, 0x00, 0x00, 0x18, 0xc3, 
    0xad, 0x55, 0xff, 0xff, 0xff, 0xff, 0xff, 0xff, 0xff, 0xff, 0xff, 0xff, 0xff, 0xff, 0xff, 0xff, 
    0xff, 0xff, 0xff, 0xff, 0xa5, 0x14, 0x00, 0x00, 0x29, 0x45, 0x07, 0xe0, 0x07, 0xe0, 0x39, 0xc7, 
    0x00, 0x00, 0x00, 0x20, 0x63, 0x2c, 0xe7, 0x3c, 0xff, 0xff, 0xff, 0xff, 0xff, 0xff, 0xff, 0xff, 
    0xff, 0xff, 0xff, 0xff, 0xff, 0xff, 0xff, 0xff, 0xff, 0xff, 0xff, 0xff, 0xff, 0xff, 0xff, 0xff, 
    0xff, 0xff, 0xff, 0xff, 0xff, 0xff, 0xff, 0xff, 0xff, 0xff, 0xff, 0xff, 0xff, 0xff, 0xff, 0xff, 
    0xff, 0xff, 0xff, 0xff, 0xff, 0xff, 0xce, 0x59, 0x52, 0x8a, 0x00, 0x00, 0x00, 0x00, 0x00, 0x00, 
    0x31, 0xa6, 0xa5, 0x34, 0xff, 0xdf, 0xff, 0xff, 0xff, 0xff, 0xff, 0xff, 0xff, 0xff, 0xff, 0xff, 
    0xff, 0xff, 0xff, 0xff, 0xff, 0xff, 0xff, 0xff, 0xff, 0xff, 0xa5, 0x34, 0x00, 0x00, 0x31, 0xa6, 
    0x07, 0xe0, 0x07, 0xe0, 0x07, 0xe0, 0x31, 0x86, 0x00, 0x00, 0x00, 0x00, 0x10, 0xa2, 0x4a, 0x49, 
    0x84, 0x30, 0xce, 0x59, 0xff, 0xff, 0xff, 0xff, 0xff, 0xff, 0xff, 0xff, 0xff, 0xff, 0xff, 0xff, 
    0xff, 0xff, 0xff, 0xff, 0xff, 0xff, 0xff, 0xff, 0xff, 0xff, 0xff, 0xff, 0xff, 0xff, 0xff, 0xff, 
    0xff, 0xff, 0xff, 0xff, 0xff, 0xff, 0xef, 0x7d, 0x9c, 0xf3, 0x39, 0xe7, 0x00, 0x00, 0x00, 0x00, 
    0x10, 0xa2, 0x73, 0x8e, 0xd6, 0x9a, 0xff, 0xff, 0xff, 0xff, 0xff, 0xff, 0xff, 0xff, 0xff, 0xff, 
    0xff, 0xff, 0xff, 0xff, 0xff, 0xff, 0xff, 0xff, 0xff, 0xff, 0xff, 0xff, 0xff, 0xff, 0xff, 0xff, 
    0xa5, 0x34, 0x00, 0x00, 0x39, 0xe7, 0x07, 0xe0, 0x07, 0xe0, 0x07, 0xe0, 0x07, 0xe0, 0x5a, 0xcb, 
    0x00, 0x00, 0x00, 0x00, 0x00, 0x00, 0x00, 0x00, 0x00, 0x00, 0x10, 0xa2, 0x4a, 0x49, 0x73, 0x8e, 
    0x94, 0x92, 0xb5, 0x96, 0xd6, 0x9a, 0xef, 0x7d, 0xef, 0x7d, 0xef, 0x7d, 0xef, 0x7d, 0xef, 0x7d, 
    0xde, 0xdb, 0xbd, 0xf7, 0x9c, 0xf3, 0x84, 0x10, 0x63, 0x0c, 0x29, 0x65, 0x00, 0x00, 0x00, 0x00, 
    0x00, 0x20, 0x52, 0x8a, 0xb5, 0x96, 0xff, 0xdf, 0xff, 0xff, 0xff, 0xff, 0xff, 0xff, 0xff, 0xff, 
    0xff, 0xff, 0xff, 0xff, 0xff, 0xff, 0xff, 0xff, 0xff, 0xff, 0xff, 0xff, 0xff, 0xff, 0xff, 0xff, 
    0xff, 0xff, 0xff, 0xff, 0xff, 0xff, 0xa5, 0x14, 0x00, 0x00, 0x42, 0x28, 0x07, 0xe0, 0x07, 0xe0, 
    0x07, 0xe0, 0x07, 0xe0, 0x07, 0xe0, 0x85, 0x70, 0x6b, 0x4d, 0x39, 0xc7, 0x00, 0x00, 0x00, 0x00, 
    0x00, 0x00, 0x00, 0x00, 0x00, 0x00, 0x00, 0x00, 0x00, 0x00, 0x00, 0x00, 0x00, 0x00, 0x00, 0x00, 
    0x00, 0x00, 0x00, 0x00, 0x00, 0x00, 0x00, 0x00, 0x00, 0x00, 0x00, 0x00, 0x00, 0x00, 0x00, 0x00, 
    0x00, 0x00, 0x31, 0xa6, 0x94, 0x92, 0xef, 0x7d, 0xff, 0xff, 0xff, 0xff, 0xff, 0xff, 0xff, 0xff, 
    0xff, 0xff, 0xff, 0xff, 0xff, 0xff, 0xff, 0xff, 0xff, 0xff, 0xff, 0xff, 0xff, 0xff, 0xff, 0xff, 
    0xff, 0xff, 0xff, 0xff, 0xff, 0xff, 0xff, 0xff, 0xff, 0xff, 0xff, 0xff, 0x9c, 0xd3, 0x00, 0x00, 
    0x4a, 0x69, 0x07, 0xe0, 0x07, 0xe0, 0x07, 0xe0, 0x07, 0xe0, 0x07, 0xe0, 0x07, 0xe0, 0x07, 0xe0, 
    0x07, 0xe0, 0x07, 0xe0, 0x84, 0x30, 0x73, 0xae, 0x5a, 0xeb, 0x39, 0xe7, 0x18, 0xe3, 0x00, 0x00, 
    0x00, 0x00, 0x00, 0x00, 0x00, 0x00, 0x00, 0x00, 0x00, 0x00, 0x00, 0x00, 0x00, 0x00, 0x00, 0x00, 
    0x00, 0x00, 0x10, 0x82, 0x73, 0xae, 0xd6, 0xba, 0xff, 0xff, 0xff, 0xff, 0xff, 0xff, 0xff, 0xff, 
    0xff, 0xff, 0xff, 0xff, 0xff, 0xff, 0xff, 0xff, 0xff, 0xff, 0xff, 0xff, 0xff, 0xff, 0xff, 0xff, 
    0xff, 0xff, 0xff, 0xff, 0xff, 0xff, 0xff, 0xff, 0xff, 0xff, 0xff, 0xff, 0xff, 0xff, 0xff, 0xff, 
    0xff, 0xff, 0x94, 0x92, 0x00, 0x00, 0x5a, 0xcb, 0x07, 0xe0, 0x07, 0xe0, 0x07, 0xe0, 0x07, 0xe0, 
    0x07, 0xe0, 0x07, 0xe0, 0x07, 0xe0, 0x07, 0xe0, 0x07, 0xe0, 0x07, 0xe0, 0x07, 0xe0, 0x07, 0xe0, 
    0x07, 0xe0, 0x07, 0xe0, 0x07, 0xe0, 0x07, 0xe0, 0x07, 0xe0, 0x3f, 0xa7, 0x3f, 0xa7, 0x7e, 0x0f, 
    0x73, 0xae, 0x00, 0x00, 0x00, 0x00, 0x08, 0x61, 0xde, 0xfb, 0xff, 0xff, 0xff, 0xff, 0xff, 0xff, 
    0xff, 0xff, 0xff, 0xff, 0xff, 0xff, 0xff, 0xff, 0xff, 0xff, 0xff, 0xff, 0xff, 0xff, 0xff, 0xff, 
    0xff, 0xff, 0xff, 0xff, 0xff, 0xff, 0xff, 0xff, 0xff, 0xff, 0xff, 0xff, 0xff, 0xff, 0xff, 0xff, 
    0xff, 0xff, 0xff, 0xff, 0xff, 0xff, 0xff, 0xff, 0x84, 0x30, 0x00, 0x00, 0x63, 0x2c, 0x07, 0xe0, 
    0x07, 0xe0, 0x07, 0xe0, 0x07, 0xe0, 0x07, 0xe0, 0x07, 0xe0, 0x07, 0xe0, 0x07, 0xe0, 0x07, 0xe0, 
    0x07, 0xe0, 0x07, 0xe0, 0x07, 0xe0, 0x07, 0xe0, 0x07, 0xe0, 0x07, 0xe0, 0x07, 0xe0, 0x07, 0xe0, 
    0x07, 0xe0, 0x07, 0xe0, 0x07, 0xe0, 0x07, 0xe0, 0x00, 0x00, 0x00, 0x00, 0x73, 0x8e, 0xff, 0xff, 
    0xff, 0xff, 0xff, 0xff, 0xff, 0xff, 0xff, 0xff, 0xff, 0xff, 0xff, 0xff, 0xff, 0xff, 0xff, 0xff, 
    0xff, 0xff, 0xff, 0xff, 0xff, 0xff, 0xff, 0xff, 0xff, 0xff, 0xff, 0xff, 0xff, 0xff, 0xff, 0xff, 
    0xff, 0xff, 0xff, 0xff, 0xff, 0xff, 0xff, 0xff, 0xff, 0xff, 0xff, 0xff, 0xff, 0xff, 0x6b, 0x4d, 
    0x00, 0x00, 0x73, 0xae, 0x07, 0xe0, 0x07, 0xe0, 0x07, 0xe0, 0x07, 0xe0, 0x07, 0xe0, 0x07, 0xe0, 
    0x07, 0xe0, 0x07, 0xe0, 0x07, 0xe0, 0x07, 0xe0, 0x07, 0xe0, 0x07, 0xe0, 0x07, 0xe0, 0x07, 0xe0, 
    0x07, 0xe0, 0x07, 0xe0, 0x07, 0xe0, 0x07, 0xe0, 0x07, 0xe0, 0x07, 0xe0, 0x8c, 0x51, 0x00, 0x00, 
    0x00, 0x00, 0xc6, 0x18, 0xff, 0xff, 0xff, 0xff, 0xff, 0xff, 0xff, 0xff, 0xff, 0xff, 0xff, 0xff, 
    0xff, 0xff, 0xff, 0xff, 0xff, 0xff, 0xff, 0xff, 0xff, 0xff, 0xff, 0xff, 0xff, 0xff, 0xff, 0xff, 
    0xff, 0xff, 0xff, 0xff, 0xff, 0xff, 0xff, 0xff, 0xff, 0xff, 0xff, 0xff, 0xff, 0xff, 0xff, 0xff, 
    0xff, 0xff, 0xff, 0xff, 0x42, 0x08, 0x00, 0x00, 0x7b, 0xef, 0x07, 0xe0, 0x07, 0xe0, 0x07, 0xe0, 
    0x07, 0xe0, 0x07, 0xe0, 0x07, 0xe0, 0x07, 0xe0, 0x07, 0xe0, 0x07, 0xe0, 0x07, 0xe0, 0x07, 0xe0, 
    0x07, 0xe0, 0x07, 0xe0, 0x07, 0xe0, 0x07, 0xe0, 0x07, 0xe0, 0x07, 0xe0, 0x07, 0xe0, 0x07, 0xe0, 
    0x07, 0xe0, 0x6b, 0x6d, 0x00, 0x00, 0x08, 0x61, 0xff, 0xdf, 0xff, 0xff, 0xff, 0xff, 0xff, 0xff, 
    0xff, 0xff, 0xff, 0xff, 0xff, 0xff, 0xff, 0xff, 0xff, 0xff, 0xff, 0xff, 0xff, 0xff, 0xff, 0xff, 
    0xff, 0xff, 0xff, 0xff, 0xff, 0xff, 0xff, 0xff, 0xff, 0xff, 0xff, 0xff, 0xff, 0xff, 0xff, 0xff, 
    0xff, 0xff, 0xff, 0xff, 0xff, 0xff, 0xff, 0xff, 0xff, 0xff, 0x18, 0xe3, 0x00, 0x00, 0x8c, 0x51, 
    0x07, 0xe0, 0x07, 0xe0, 0x07, 0xe0, 0x07, 0xe0, 0x07, 0xe0, 0x07, 0xe0, 0x07, 0xe0, 0x07, 0xe0, 
    0x07, 0xe0, 0x07, 0xe0, 0x07, 0xe0, 0x07, 0xe0, 0x07, 0xe0, 0x07, 0xe0, 0x07, 0xe0, 0x07, 0xe0, 
    0x07, 0xe0, 0x07, 0xe0, 0x07, 0xe0, 0x07, 0xe0, 0x31, 0xa6, 0x00, 0x00, 0x4a, 0x69, 0xff, 0xff, 
    0xff, 0xff, 0xff, 0xff, 0xff, 0xff, 0xff, 0xff, 0xff, 0xff, 0xff, 0xff, 0xff, 0xff, 0xff, 0xff, 
    0xff, 0xff, 0xff, 0xff, 0xff, 0xff, 0xff, 0xff, 0xff, 0xff, 0xff, 0xff, 0xff, 0xff, 0xff, 0xff, 
    0xff, 0xff, 0xff, 0xff, 0xff, 0xff, 0xff, 0xff, 0xff, 0xff, 0xff, 0xff, 0xff, 0xff, 0xef, 0x7d, 
    0x00, 0x00, 0x00, 0x00, 0x7e, 0x0f, 0x07, 0xe0, 0x07, 0xe0, 0x07, 0xe0, 0x07, 0xe0, 0x07, 0xe0, 
    0x07, 0xe0, 0x07, 0xe0, 0x07, 0xe0, 0x07, 0xe0, 0x07, 0xe0, 0x07, 0xe0, 0x07, 0xe0, 0x07, 0xe0, 
    0x07, 0xe0, 0x07, 0xe0, 0x07, 0xe0, 0x07, 0xe0, 0x07, 0xe0, 0x07, 0xe0, 0x6e, 0x6d, 0x00, 0x00, 
    0x00, 0x00, 0x9c, 0xd3, 0xff, 0xff, 0xff, 0xff, 0xff, 0xff, 0xff, 0xff, 0xff, 0xff, 0xff, 0xff, 
    0xff, 0xff, 0xff, 0xff, 0xff, 0xff, 0xff, 0xff, 0xff, 0xff, 0xff, 0xff, 0xff, 0xff, 0xff, 0xff, 
    0xff, 0xff, 0xff, 0xff, 0xff, 0xff, 0xff, 0xff, 0xff, 0xff, 0xff, 0xff, 0xff, 0xff, 0xff, 0xff, 
    0xff, 0xff, 0xff, 0xff, 0xb5, 0xb6, 0x00, 0x00, 0x00, 0x00, 0x07, 0xe0, 0x07, 0xe0, 0x07, 0xe0, 
    0x07, 0xe0, 0x07, 0xe0, 0x07, 0xe0, 0x07, 0xe0, 0x07, 0xe0, 0x07, 0xe0, 0x07, 0xe0, 0x07, 0xe0, 
    0x07, 0xe0, 0x07, 0xe0, 0x07, 0xe0, 0x07, 0xe0, 0x07, 0xe0, 0x07, 0xe0, 0x07, 0xe0, 0x07, 0xe0, 
    0x07, 0xe0, 0x6b, 0x6d, 0x00, 0x00, 0x00, 0x00, 0xe7, 0x1c, 0xff, 0xff, 0xff, 0xff, 0xff, 0xff, 
    0xff, 0xff, 0xff, 0xff, 0xff, 0xff, 0xff, 0xff, 0xff, 0xff, 0xff, 0xff, 0xff, 0xff, 0xff, 0xff, 
    0xff, 0xff, 0xff, 0xff, 0xff, 0xff, 0xff, 0xff, 0xff, 0xff, 0xff, 0xff, 0xff, 0xff, 0xff, 0xff, 
    0xff, 0xff, 0xff, 0xff, 0xff, 0xff, 0xff, 0xff, 0xff, 0xff, 0x7b, 0xef, 0x00, 0x00, 0x39, 0xc7, 
    0x07, 0xe0, 0x07, 0xe0, 0x07, 0xe0, 0x07, 0xe0, 0x07, 0xe0, 0x07, 0xe0, 0x07, 0xe0, 0x07, 0xe0, 
    0x07, 0xe0, 0x07, 0xe0, 0x07, 0xe0, 0x07, 0xe0, 0x07, 0xe0, 0x07, 0xe0, 0x07, 0xe0, 0x07, 0xe0, 
    0x07, 0xe0, 0x07, 0xe0, 0x07, 0xe0, 0x07, 0xe0, 0x21, 0x24, 0x00, 0x00, 0x31, 0x86, 0xff, 0xff, 
    0xff, 0xff, 0xff, 0xff, 0xff, 0xff, 0xff, 0xff, 0xff, 0xff, 0xff, 0xff, 0xff, 0xff, 0xff, 0xff, 
    0xff, 0xff, 0xff, 0xff, 0xff, 0xff, 0xff, 0xff, 0xff, 0xff, 0xff, 0xff, 0xff, 0xff, 0xff, 0xff, 
    0xff, 0xff, 0xff, 0xff, 0xff, 0xff, 0xff, 0xff, 0xff, 0xff, 0xff, 0xff, 0xff, 0xff, 0xff, 0xff, 
    0x42, 0x28, 0x00, 0x00, 0x5a, 0xeb, 0x07, 0xe0, 0x07, 0xe0, 0x07, 0xe0, 0x07, 0xe0, 0x07, 0xe0, 
    0x07, 0xe0, 0x07, 0xe0, 0x07, 0xe0, 0x07, 0xe0, 0x07, 0xe0, 0x07, 0xe0, 0x07, 0xe0, 0x07, 0xe0, 
    0x07, 0xe0, 0x07, 0xe0, 0x07, 0xe0, 0x07, 0xe0, 0x07, 0xe0, 0x07, 0xe0, 0x7b, 0xef, 0x00, 0x00, 
    0x00, 0x00, 0x94, 0xb2, 0xff, 0xff, 0xff, 0xff, 0xff, 0xff, 0xff, 0xff, 0xff, 0xff, 0xff, 0xff, 
    0xff, 0xff, 0xff, 0xff, 0xff, 0xff, 0xff, 0xff, 0xff, 0xff, 0xff, 0xff, 0xff, 0xff, 0xff, 0xff, 
    0xff, 0xff, 0xff, 0xff, 0xff, 0xff, 0xff, 0xff, 0xff, 0xff, 0xff, 0xff, 0xff, 0xff, 0xff, 0xff, 
    0xff, 0xff, 0xff, 0xff, 0xff, 0xdf, 0x08, 0x41, 0x00, 0x00, 0x73, 0xae, 0x07, 0xe0, 0x07, 0xe0, 
    0x07, 0xe0, 0x07, 0xe0, 0x07, 0xe0, 0x07, 0xe0, 0x07, 0xe0, 0x07, 0xe0, 0x07, 0xe0, 0x07, 0xe0, 
    0x07, 0xe0, 0x07, 0xe0, 0x07, 0xe0, 0x07, 0xe0, 0x07, 0xe0, 0x07, 0xe0, 0x07, 0xe0, 0x07, 0xe0, 
    0x07, 0xe0, 0x42, 0x08, 0x00, 0x00, 0x10, 0x82, 0xf7, 0x9e, 0xff, 0xff, 0xff, 0xff, 0xff, 0xff, 
    0xff, 0xff, 0xff, 0xff, 0xff, 0xff, 0xff, 0xff, 0xff, 0xff, 0xff, 0xff, 0xff, 0xff, 0xff, 0xff, 
    0xff, 0xff, 0xff, 0xff, 0xff, 0xff, 0xff, 0xff, 0xff, 0xff, 0xff, 0xff, 0xff, 0xff, 0xff, 0xff, 
    0xff, 0xff, 0xff, 0xff, 0xff, 0xff, 0xff, 0xff, 0xff, 0xff, 0xc6, 0x18, 0x00, 0x00, 0x00, 0x00, 
    0x8c, 0x51, 0x07, 0xe0, 0x07, 0xe0, 0x07, 0xe0, 0x07, 0xe0, 0x07, 0xe0, 0x07, 0xe0, 0x07, 0xe0, 
    0x07, 0xe0, 0x07, 0xe0, 0x07, 0xe0, 0x07, 0xe0, 0x07, 0xe0, 0x07, 0xe0, 0x07, 0xe0, 0x07, 0xe0, 
    0x07, 0xe0, 0x07, 0xe0, 0x07, 0xe0, 0x84, 0x30, 0x00, 0x00, 0x00, 0x00, 0x7b, 0xef, 0xff, 0xff, 
    0xff, 0xff, 0xff, 0xff, 0xff, 0xff, 0xff, 0xff, 0xff, 0xff, 0xff, 0xff, 0xff, 0xff, 0xff, 0xff, 
    0xff, 0xff, 0xff, 0xff, 0xff, 0xff, 0xff, 0xff, 0xff, 0xff, 0xff, 0xff, 0xff, 0xff, 0xff, 0xff, 
    0xff, 0xff, 0xff, 0xff, 0xff, 0xff, 0xff, 0xff, 0xff, 0xff, 0xff, 0xff, 0xff, 0xff, 0xff, 0xff, 
    0x7b, 0xef, 0x00, 0x00, 0x08, 0x41, 0x07, 0xe0, 0x07, 0xe0, 0x07, 0xe0, 0x07, 0xe0, 0x07, 0xe0, 
    0x07, 0xe0, 0x07, 0xe0, 0x07, 0xe0, 0x07, 0xe0, 0x07, 0xe0, 0x07, 0xe0, 0x07, 0xe0, 0x07, 0xe0, 
    0x07, 0xe0, 0x07, 0xe0, 0x07, 0xe0, 0x07, 0xe0, 0x07, 0xe0, 0x07, 0xe0, 0x4a, 0x49, 0x00, 0x00, 
    0x10, 0xa2, 0xf7, 0x9e, 0xff, 0xff, 0xff, 0xff, 0xff, 0xff, 0xff, 0xff, 0xff, 0xff, 0xff, 0xff, 
    0xff, 0xff, 0xff, 0xff, 0xff, 0xff, 0xff, 0xff, 0xff, 0xff, 0xff, 0xff, 0xff, 0xff, 0xff, 0xff, 
    0xff, 0xff, 0xff, 0xff, 0xff, 0xff, 0xff, 0xff, 0xff, 0xff, 0xff, 0xff, 0xff, 0xff, 0xff, 0xff, 
    0xff, 0xff, 0xff, 0xff, 0xff, 0xff, 0x21, 0x24, 0x00, 0x00, 0x52, 0x8a, 0x07, 0xe0, 0x07, 0xe0, 
    0x07, 0xe0, 0x07, 0xe0, 0x07, 0xe0, 0x07, 0xe0, 0x07, 0xe0, 0x07, 0xe0, 0x07, 0xe0, 0x07, 0xe0, 
    0x07, 0xe0, 0x07, 0xe0, 0x07, 0xe0, 0x07, 0xe0, 0x07, 0xe0, 0x07, 0xe0, 0x07, 0xe0, 0x07, 0xe0, 
    0x8c, 0x51, 0x00, 0x00, 0x00, 0x00, 0x9c, 0xd3, 0xff, 0xff, 0xff, 0xff, 0xff, 0xff, 0xff, 0xff, 
    0xff, 0xff, 0xff, 0xff, 0xff, 0xff, 0xff, 0xff, 0xff, 0xff, 0xff, 0xff, 0xff, 0xff, 0xff, 0xff, 
    0xff, 0xff, 0xff, 0xff, 0xff, 0xff, 0xff, 0xff, 0xff, 0xff, 0xff, 0xff, 0xff, 0xff, 0xff, 0xff, 
    0xff, 0xff, 0xff, 0xff, 0xff, 0xff, 0xff, 0xff, 0xff, 0xff, 0xce, 0x59, 0x00, 0x00, 0x00, 0x00, 
    0x7b, 0xcf, 0x07, 0xe0, 0x07, 0xe0, 0x07, 0xe0, 0x07, 0xe0, 0x07, 0xe0, 0x07, 0xe0, 0x07, 0xe0, 
    0x07, 0xe0, 0x07, 0xe0, 0x07, 0xe0, 0x07, 0xe0, 0x07, 0xe0, 0x07, 0xe0, 0x07, 0xe0, 0x07, 0xe0, 
    0x07, 0xe0, 0x07, 0xe0, 0x07, 0xe0, 0x4a, 0x69, 0x00, 0x00, 0x10, 0xa2, 0xff, 0xdf, 0xff, 0xff, 
    0xff, 0xff, 0xff, 0xff, 0xff, 0xff, 0xff, 0xff, 0xff, 0xff, 0xff, 0xff, 0xff, 0xff, 0xff, 0xff, 
    0xff, 0xff, 0xff, 0xff, 0xff, 0xff, 0xff, 0xff, 0xff, 0xff, 0xff, 0xff, 0xff, 0xff, 0xff, 0xff, 
    0xff, 0xff, 0xff, 0xff, 0xff, 0xff, 0xff, 0xff, 0xff, 0xff, 0xff, 0xff, 0xff, 0xff, 0xff, 0xff, 
    0x8c, 0x71, 0x00, 0x00, 0x00, 0x00, 0x57, 0x4a, 0x07, 0xe0, 0x07, 0xe0, 
};

hagl_bitmap_t sprigDino = {
    .width = 51,
    .height = 74,
    .depth = 16, // RGB565 is 16-bit
    .buffer = sprigDinobuf,
};

// Image: water.png (16x16)
static unsigned char waterbuf[] = {
    0x04, 0xbd, 0x04, 0xbd, 0x04, 0xbd, 0x04, 0xbd, 0x04, 0xbd, 0x04, 0xbd, 0x04, 0xbd, 0x04, 0xbd, 
    0x04, 0xbd, 0x04, 0xbd, 0x04, 0xbd, 0x04, 0xbd, 0x04, 0xbd, 0x04, 0xbd, 0x04, 0xbd, 0x04, 0xbd, 
    0x04, 0xbd, 0x04, 0xbd, 0x04, 0xbd, 0x04, 0xbd, 0x04, 0xbd, 0x04, 0xbd, 0x04, 0xbd, 0x04, 0xbd, 
    0x04, 0xbd, 0x04, 0xbd, 0x04, 0xbd, 0x04, 0xbd, 0x04, 0xbd, 0x04, 0xbd, 0x04, 0xbd, 0x04, 0xbd, 
    0x04, 0xbd, 0x04, 0xbd, 0x04, 0xbd, 0x04, 0xbd, 0x04, 0xbd, 0x04, 0xbd, 0x04, 0xbd, 0x04, 0xbd, 
    0x04, 0xbd, 0x04, 0xbd, 0x04, 0xbd, 0x04, 0xbd, 0x04, 0xbd, 0x04, 0xbd, 0x04, 0xbd, 0x04, 0xbd, 
    0x04, 0xbd, 0x04, 0xbd, 0x04, 0xbd, 0x04, 0xbd, 0x04, 0xbd, 0x04, 0xbd, 0x04, 0xbd, 0x04, 0xbd, 
    0x04, 0xbd, 0x04, 0xbd, 0x04, 0xbd, 0x04, 0xbd, 0x04, 0xbd, 0x04, 0xbd, 0x04, 0xbd, 0x04, 0xbd, 
    0x04, 0xbd, 0x04, 0xbd, 0x04, 0xbd, 0x04, 0xbd, 0x04, 0xbd, 0x04, 0xbd, 0x04, 0xbd, 0x04, 0xbd, 
    0x04, 0xbd, 0x04, 0xbd, 0x04, 0xbd, 0x04, 0xbd, 0x04, 0xbd, 0x04, 0xbd, 0x04, 0xbd, 0x04, 0xbd, 
    0x04, 0xbd, 0x04, 0xbd, 0x04, 0xbd, 0x04, 0xbd, 0x04, 0xbd, 0x04, 0xbd, 0x04, 0xbd, 0x04, 0xbd, 
    0x04, 0xbd, 0x04, 0xbd, 0x04, 0xbd, 0x04, 0xbd, 0x04, 0xbd, 0x04, 0xbd, 0x04, 0xbd, 0x04, 0xbd, 
    0x04, 0xbd, 0x04, 0xbd, 0x04, 0xbd, 0x04, 0xbd, 0x04, 0xbd, 0x04, 0xbd, 0x04, 0xbd, 0x04, 0xbd, 
    0x04, 0xbd, 0x04, 0xbd, 0x04, 0xbd, 0x04, 0xbd, 0x04, 0xbd, 0x04, 0xbd, 0x04, 0xbd, 0x04, 0xbd, 
    0x04, 0xbd, 0x04, 0xbd, 0x04, 0xbd, 0x04, 0xbd, 0x04, 0xbd, 0x04, 0xbd, 0x04, 0xbd, 0x04, 0xbd, 
    0x04, 0xbd, 0x04, 0xbd, 0x04, 0xbd, 0x04, 0xbd, 0x04, 0xbd, 0x04, 0xbd, 0x04, 0xbd, 0x04, 0xbd, 
    0x04, 0xbd, 0x04, 0xbd, 0x04, 0xbd, 0x04, 0xbd, 0x04, 0xbd, 0x04, 0xbd, 0x04, 0xbd, 0x04, 0xbd, 
    0x04, 0xbd, 0x04, 0xbd, 0x04, 0xbd, 0x04, 0xbd, 0x04, 0xbd, 0x04, 0xbd, 0x04, 0xbd, 0x04, 0xbd, 
    0x04, 0xbd, 0x04, 0xbd, 0x04, 0xbd, 0x04, 0xbd, 0x04, 0xbd, 0x04, 0xbd, 0x04, 0xbd, 0x04, 0xbd, 
    0x04, 0xbd, 0x04, 0xbd, 0x04, 0xbd, 0x04, 0xbd, 0x04, 0xbd, 0x04, 0xbd, 0x04, 0xbd, 0x04, 0xbd, 
    0x04, 0xbd, 0x04, 0xbd, 0x04, 0xbd, 0x04, 0xbd, 0x04, 0xbd, 0x04, 0xbd, 0x04, 0xbd, 0x04, 0xbd, 
    0x04, 0xbd, 0x04, 0xbd, 0x04, 0xbd, 0x04, 0xbd, 0x04, 0xbd, 0x04, 0xbd, 0x04, 0xbd, 0x04, 0xbd, 
    0x04, 0xbd, 0x04, 0xbd, 0x04, 0xbd, 0x04, 0xbd, 0x04, 0xbd, 0x04, 0xbd, 0x04, 0xbd, 0x04, 0xbd, 
    0x04, 0xbd, 0x04, 0xbd, 0x04, 0xbd, 0x04, 0xbd, 0x04, 0xbd, 0x04, 0xbd, 0x04, 0xbd, 0x04, 0xbd, 
    0x04, 0xbd, 0x04, 0xbd, 0x04, 0xbd, 0x04, 0xbd, 0x04, 0xbd, 0x04, 0xbd, 0x04, 0xbd, 0x04, 0xbd, 
    0x04, 0xbd, 0x04, 0xbd, 0x04, 0xbd, 0x04, 0xbd, 0x04, 0xbd, 0x04, 0xbd, 0x04, 0xbd, 0x04, 0xbd, 
    0x04, 0xbd, 0x04, 0xbd, 0x04, 0xbd, 0x04, 0xbd, 0x04, 0xbd, 0x04, 0xbd, 0x04, 0xbd, 0x04, 0xbd, 
    0x04, 0xbd, 0x04, 0xbd, 0x04, 0xbd, 0x04, 0xbd, 0x04, 0xbd, 0x04, 0xbd, 0x04, 0xbd, 0x04, 0xbd, 
    0x04, 0xbd, 0x04, 0xbd, 0x04, 0xbd, 0x04, 0xbd, 0x04, 0xbd, 0x04, 0xbd, 0x04, 0xbd, 0x04, 0xbd, 
    0x04, 0xbd, 0x04, 0xbd, 0x04, 0xbd, 0x04, 0xbd, 0x04, 0xbd, 0x04, 0xbd, 0x04, 0xbd, 0x04, 0xbd, 
    0x04, 0xbd, 0x04, 0xbd, 0x04, 0xbd, 0x04, 0xbd, 0x04, 0xbd, 0x04, 0xbd, 0x04, 0xbd, 0x04, 0xbd, 
    0x04, 0xbd, 0x04, 0xbd, 0x04, 0xbd, 0x04, 0xbd, 0x04, 0xbd, 0x04, 0xbd, 0x04, 0xbd, 0x04, 0xbd, 
};

hagl_bitmap_t water = {
    .width = 16,
    .height = 16,
    .depth = 16, // RGB565 is 16-bit
    .buffer = waterbuf,
};

// Image: waterA1.png (16x16)
static unsigned char waterA1buf[] = {
    0x04, 0xbd, 0x04, 0xbd, 0x04, 0xbd, 0x04, 0xbd, 0x04, 0xbd, 0x04, 0xbd, 0x04, 0xbd, 0x04, 0xbd, 
    0x04, 0xbd, 0x04, 0xbd, 0x04, 0xbd, 0x04, 0xbd, 0x04, 0xbd, 0x04, 0xbd, 0x04, 0xbd, 0x04, 0xbd, 
    0x04, 0xbd, 0x04, 0xbd, 0x04, 0xbd, 0x04, 0xbd, 0x04, 0xbd, 0x04, 0xbd, 0x04, 0xbd, 0x04, 0xbd, 
    0x04, 0xbd, 0x04, 0xbd, 0x04, 0xbd, 0x04, 0xbd, 0x04, 0xbd, 0x04, 0xbd, 0x04, 0xbd, 0x04, 0xbd, 
    0x04, 0xbd, 0x04, 0xbd, 0x04, 0xbd, 0x04, 0xbd, 0x04, 0xbd, 0x04, 0xbd, 0x04, 0xbd, 0x04, 0xbd, 
    0x04, 0xbd, 0x04, 0xbd, 0x04, 0xbd, 0x04, 0xbd, 0x04, 0xbd, 0x04, 0xbd, 0x04, 0xbd, 0x04, 0xbd, 
    0x04, 0xbd, 0x04, 0xbd, 0x04, 0xbd, 0x04, 0xbd, 0x04, 0xbd, 0x04, 0xbd, 0x04, 0xbd, 0x04, 0xbd, 
    0x04, 0xbd, 0x04, 0xbd, 0x04, 0xbd, 0x04, 0xbd, 0x04, 0xbd, 0x04, 0xbd, 0x04, 0xbd, 0x04, 0xbd, 
    0x04, 0xbd, 0x04, 0xbd, 0x04, 0xbd, 0x04, 0xbd, 0x04, 0xbd, 0x04, 0xbd, 0x03, 0x75, 0x03, 0x75, 
    0x04, 0xbd, 0x04, 0xbd, 0x04, 0xbd, 0x04, 0xbd, 0x04, 0xbd, 0x04, 0xbd, 0x04, 0xbd, 0x04, 0xbd, 
    0x04, 0xbd, 0x04, 0xbd, 0x04, 0xbd, 0x04, 0xbd, 0x03, 0x75, 0x03, 0x75, 0x03, 0x75, 0x03, 0x75, 
    0x03, 0x75, 0x04, 0xbd, 0x04, 0xbd, 0x04, 0xbd, 0x04, 0xbd, 0x04, 0xbd, 0x04, 0xbd, 0x04, 0xbd, 
    0x04, 0xbd, 0x04, 0xbd, 0x04, 0xbd, 0x03, 0x75, 0x03, 0x75, 0x03, 0x75, 0x03, 0x75, 0x03, 0x75, 
    0x03, 0x75, 0x04, 0xbd, 0x04, 0xbd, 0x04, 0xbd, 0x04, 0xbd, 0x04, 0xbd, 0x04, 0xbd, 0x04, 0xbd, 
    0x04, 0xbd, 0x04, 0xbd, 0x04, 0xbd, 0x03, 0x75, 0x03, 0x75, 0x03, 0x75, 0x03, 0x75, 0x03, 0x75, 
    0x04, 0xbd, 0x04, 0xbd, 0x04, 0xbd, 0x04, 0xbd, 0x04, 0xbd, 0x04, 0xbd, 0x04, 0xbd, 0x04, 0xbd, 
    0x04, 0xbd, 0x04, 0xbd, 0x04, 0xbd, 0x04, 0xbd, 0x03, 0x75, 0x03, 0x75, 0x04, 0xbd, 0x04, 0xbd, 
    0x04, 0xbd, 0x04, 0xbd, 0x03, 0x75, 0x03, 0x75, 0x04, 0xbd, 0x04, 0xbd, 0x04, 0xbd, 0x04, 0xbd, 
    0x04, 0xbd, 0x04, 0xbd, 0x04, 0xbd, 0x04, 0xbd, 0x04, 0xbd, 0x04, 0xbd, 0x04, 0xbd, 0x04, 0xbd, 
    0x04, 0xbd, 0x04, 0xbd, 0x03, 0x75, 0x03, 0x75, 0x03, 0x75, 0x04, 0xbd, 0x04, 0xbd, 0x04, 0xbd, 
    0x04, 0xbd, 0x04, 0xbd, 0x04, 0xbd, 0x04, 0xbd, 0x04, 0xbd, 0x03, 0x75, 0x03, 0x75, 0x04, 0xbd, 
    0x04, 0xbd, 0x04, 0xbd, 0x04, 0xbd, 0x03, 0x75, 0x03, 0x75, 0x04, 0xbd, 0x04, 0xbd, 0x04, 0xbd, 
    0x04, 0xbd, 0x04, 0xbd, 0x04, 0xbd, 0x04, 0xbd, 0x04, 0xbd, 0x03, 0x75, 0x03, 0x75, 0x04, 0xbd, 
    0x04, 0xbd, 0x04, 0xbd, 0x04, 0xbd, 0x04, 0xbd, 0x04, 0xbd, 0x04, 0xbd, 0x04, 0xbd, 0x04, 0xbd, 
    0x04, 0xbd, 0x04, 0xbd, 0x04, 0xbd, 0x04, 0xbd, 0x04, 0xbd, 0x04, 0xbd, 0x04, 0xbd, 0x04, 0xbd, 
    0x04, 0xbd, 0x04, 0xbd, 0x04, 0xbd, 0x04, 0xbd, 0x04, 0xbd, 0x04, 0xbd, 0x04, 0xbd, 0x04, 0xbd, 
    0x04, 0xbd, 0x04, 0xbd, 0x04, 0xbd, 0x04, 0xbd, 0x04, 0xbd, 0x04, 0xbd, 0x04, 0xbd, 0x04, 0xbd, 
    0x04, 0xbd, 0x04, 0xbd, 0x04, 0xbd, 0x04, 0xbd, 0x04, 0xbd, 0x04, 0xbd, 0x04, 0xbd, 0x04, 0xbd, 
    0x04, 0xbd, 0x04, 0xbd, 0x04, 0xbd, 0x04, 0xbd, 0x04, 0xbd, 0x04, 0xbd, 0x04, 0xbd, 0x04, 0xbd, 
    0x04, 0xbd, 0x04, 0xbd, 0x04, 0xbd, 0x04, 0xbd, 0x04, 0xbd, 0x04, 0xbd, 0x04, 0xbd, 0x04, 0xbd, 
    0x04, 0xbd, 0x04, 0xbd, 0x04, 0xbd, 0x04, 0xbd, 0x04, 0xbd, 0x04, 0xbd, 0x04, 0xbd, 0x04, 0xbd, 
    0x04, 0xbd, 0x04, 0xbd, 0x04, 0xbd, 0x04, 0xbd, 0x04, 0xbd, 0x04, 0xbd, 0x04, 0xbd, 0x04, 0xbd, 
};

hagl_bitmap_t waterA1 = {
    .width = 16,
    .height = 16,
    .depth = 16, // RGB565 is 16-bit
    .buffer = waterA1buf,
};

// Image: waterA2.png (16x16)
static unsigned char waterA2buf[] = {
    0x04, 0xbd, 0x04, 0xbd, 0x04, 0xbd, 0x04, 0xbd, 0x04, 0xbd, 0x04, 0xbd, 0x04, 0xbd, 0x04, 0xbd, 
    0x04, 0xbd, 0x04, 0xbd, 0x04, 0xbd, 0x04, 0xbd, 0x04, 0xbd, 0x04, 0xbd, 0x04, 0xbd, 0x04, 0xbd, 
    0x04, 0xbd, 0x04, 0xbd, 0x04, 0xbd, 0x04, 0xbd, 0x04, 0xbd, 0x04, 0xbd, 0x04, 0xbd, 0x04, 0xbd, 
    0x04, 0xbd, 0x04, 0xbd, 0x04, 0xbd, 0x04, 0xbd, 0x04, 0xbd, 0x04, 0xbd, 0x04, 0xbd, 0x04, 0xbd, 
    0x04, 0xbd, 0x04, 0xbd, 0x04, 0xbd, 0x04, 0xbd, 0x04, 0xbd, 0x04, 0xbd, 0x04, 0xbd, 0x04, 0xbd, 
    0x04, 0xbd, 0x04, 0xbd, 0x04, 0xbd, 0x04, 0xbd, 0x04, 0xbd, 0x04, 0xbd, 0x04, 0xbd, 0x04, 0xbd, 
    0x04, 0xbd, 0x04, 0xbd, 0x04, 0xbd, 0x04, 0xbd, 0x04, 0xbd, 0x04, 0xbd, 0x03, 0x75, 0x03, 0x75, 
    0x03, 0x75, 0x03, 0x75, 0x04, 0xbd, 0x04, 0xbd, 0x04, 0xbd, 0x04, 0xbd, 0x04, 0xbd, 0x04, 0xbd, 
    0x04, 0xbd, 0x04, 0xbd, 0x04, 0xbd, 0x04, 0xbd, 0x03, 0x75, 0x03, 0x75, 0x03, 0x75, 0x03, 0x75, 
    0x03, 0x75, 0x03, 0x75, 0x03, 0x75, 0x04, 0xbd, 0x04, 0xbd, 0x04, 0xbd, 0x04, 0xbd, 0x04, 0xbd, 
    0x04, 0xbd, 0x04, 0xbd, 0x04, 0xbd, 0x03, 0x75, 0x03, 0x75, 0x03, 0x75, 0x03, 0x75, 0x03, 0x75, 
    0x03, 0x75, 0x03, 0x75, 0x03, 0x75, 0x04, 0xbd, 0x04, 0xbd, 0x04, 0xbd, 0x04, 0xbd, 0x04, 0xbd, 
    0x04, 0xbd, 0x04, 0xbd, 0x03, 0x75, 0x03, 0x75, 0x03, 0x75, 0x03, 0x75, 0x03, 0x75, 0x03, 0x75, 
    0x03, 0x75, 0x03, 0x75, 0x04, 0xbd, 0x04, 0xbd, 0x04, 0xbd, 0x04, 0xbd, 0x04, 0xbd, 0x04, 0xbd, 
    0x04, 0xbd, 0x04, 0xbd, 0x03, 0x75, 0x03, 0x75, 0x03, 0x75, 0x03, 0x75, 0x03, 0x75, 0x03, 0x75, 
    0x03, 0x75, 0x04, 0xbd, 0x04, 0xbd, 0x04, 0xbd, 0x04, 0xbd, 0x04, 0xbd, 0x04, 0xbd, 0x04, 0xbd, 
    0x04, 0xbd, 0x04, 0xbd, 0x04, 0xbd, 0x03, 0x75, 0x03, 0x75, 0x03, 0x75, 0x03, 0x75, 0x04, 0xbd, 
    0x04, 0xbd, 0x04, 0xbd, 0x03, 0x75, 0x03, 0x75, 0x04, 0xbd, 0x04, 0xbd, 0x04, 0xbd, 0x04, 0xbd, 
    0x04, 0xbd, 0x04, 0xbd, 0x04, 0xbd, 0x04, 0xbd, 0x04, 0xbd, 0x04, 0xbd, 0x04, 0xbd, 0x04, 0xbd, 
    0x03, 0x75, 0x03, 0x75, 0x03, 0x75, 0x03, 0x75, 0x03, 0x75, 0x04, 0xbd, 0x04, 0xbd, 0x04, 0xbd, 
    0x04, 0xbd, 0x04, 0xbd, 0x04, 0xbd, 0x04, 0xbd, 0x04, 0xbd, 0x04, 0xbd, 0x04, 0xbd, 0x03, 0x75, 
    0x03, 0x75, 0x03, 0x75, 0x03, 0x75, 0x03, 0x75, 0x03, 0x75, 0x04, 0xbd, 0x04, 0xbd, 0x04, 0xbd, 
    0x04, 0xbd, 0x04, 0xbd, 0x04, 0xbd, 0x04, 0xbd, 0x04, 0xbd, 0x04, 0xbd, 0x04, 0xbd, 0x03, 0x75, 
    0x03, 0x75, 0x03, 0x75, 0x03, 0x75, 0x03, 0x75, 0x04, 0xbd, 0x04, 0xbd, 0x04, 0xbd, 0x04, 0xbd, 
    0x04, 0xbd, 0x04, 0xbd, 0x04, 0xbd, 0x04, 0xbd, 0x04, 0xbd, 0x04, 0xbd, 0x04, 0xbd, 0x04, 0xbd, 
    0x03, 0x75, 0x03, 0x75, 0x04, 0xbd, 0x04, 0xbd, 0x04, 0xbd, 0x04, 0xbd, 0x04, 0xbd, 0x04, 0xbd, 
    0x04, 0xbd, 0x04, 0xbd, 0x04, 0xbd, 0x04, 0xbd, 0x04, 0xbd, 0x04, 0xbd, 0x04, 0xbd, 0x04, 0xbd, 
    0x04, 0xbd, 0x04, 0xbd, 0x04, 0xbd, 0x04, 0xbd, 0x04, 0xbd, 0x04, 0xbd, 0x04, 0xbd, 0x04, 0xbd, 
    0x04, 0xbd, 0x04, 0xbd, 0x04, 0xbd, 0x04, 0xbd, 0x04, 0xbd, 0x04, 0xbd, 0x04, 0xbd, 0x04, 0xbd, 
    0x04, 0xbd, 0x04, 0xbd, 0x04, 0xbd, 0x04, 0xbd, 0x04, 0xbd, 0x04, 0xbd, 0x04, 0xbd, 0x04, 0xbd, 
    0x04, 0xbd, 0x04, 0xbd, 0x04, 0xbd, 0x04, 0xbd, 0x04, 0xbd, 0x04, 0xbd, 0x04, 0xbd, 0x04, 0xbd, 
    0x04, 0xbd, 0x04, 0xbd, 0x04, 0xbd, 0x04, 0xbd, 0x04, 0xbd, 0x04, 0xbd, 0x04, 0xbd, 0x04, 0xbd, 
};

hagl_bitmap_t waterA2 = {
    .width = 16,
    .height = 16,
    .depth = 16, // RGB565 is 16-bit
    .buffer = waterA2buf,
};

// Image: waterGrassBL.png (16x16)
static unsigned char waterGrassBLbuf[] = {
    0x04, 0xbd, 0x04, 0xbd, 0x04, 0xbd, 0x04, 0xbd, 0x04, 0xbd, 0x04, 0xbd, 0x04, 0xbd, 0x04, 0xbd, 
    0x04, 0xbd, 0x04, 0xbd, 0x04, 0xbd, 0x04, 0xbd, 0x04, 0xbd, 0x04, 0xbd, 0x04, 0xbd, 0x04, 0xbd, 
    0x04, 0xbd, 0x04, 0xbd, 0x04, 0xbd, 0x04, 0xbd, 0x04, 0xbd, 0x04, 0xbd, 0x04, 0xbd, 0x04, 0xbd, 
    0x04, 0xbd, 0x04, 0xbd, 0x04, 0xbd, 0x04, 0xbd, 0x04, 0xbd, 0x04, 0xbd, 0x04, 0xbd, 0x04, 0xbd, 
    0x04, 0xbd, 0x04, 0xbd, 0x04, 0xbd, 0x04, 0xbd, 0x04, 0xbd, 0x04, 0xbd, 0x04, 0xbd, 0x04, 0xbd, 
    0x04, 0xbd, 0x04, 0xbd, 0x04, 0xbd, 0x04, 0xbd, 0x04, 0xbd, 0x04, 0xbd, 0x04, 0xbd, 0x04, 0xbd, 
    0x04, 0xbd, 0x04, 0xbd, 0x04, 0xbd, 0x04, 0xbd, 0x04, 0xbd, 0x04, 0xbd, 0x04, 0xbd, 0x04, 0xbd, 
    0x04, 0xbd, 0x04, 0xbd, 0x04, 0xbd, 0x04, 0xbd, 0x04, 0xbd, 0x04, 0xbd, 0x04, 0xbd, 0x04, 0xbd, 
    0x04, 0xbd, 0x04, 0xbd, 0x03, 0x75, 0x03, 0x75, 0x04, 0xbd, 0x04, 0xbd, 0x04, 0xbd, 0x04, 0xbd, 
    0x04, 0xbd, 0x04, 0xbd, 0x04, 0xbd, 0x04, 0xbd, 0x04, 0xbd, 0x04, 0xbd, 0x04, 0xbd, 0x04, 0xbd, 
    0x03, 0x75, 0x03, 0x75, 0x03, 0x75, 0x03, 0x75, 0x03, 0x75, 0x03, 0x75, 0x04, 0xbd, 0x04, 0xbd, 
    0x04, 0xbd, 0x04, 0xbd, 0x04, 0xbd, 0x04, 0xbd, 0x04, 0xbd, 0x04, 0xbd, 0x04, 0xbd, 0x04, 0xbd, 
    0x03, 0x75, 0x03, 0x75, 0x19, 0xe7, 0x19, 0xe7, 0x03, 0x75, 0x03, 0x75, 0x03, 0x75, 0x03, 0x75, 
    0x04, 0xbd, 0x04, 0xbd, 0x04, 0xbd, 0x04, 0xbd, 0x04, 0xbd, 0x04, 0xbd, 0x04, 0xbd, 0x04, 0xbd, 
    0x03, 0x75, 0x19, 0xe7, 0x22, 0xe8, 0x22, 0xe8, 0x19, 0xe7, 0x19, 0xe7, 0x03, 0x75, 0x03, 0x75, 
    0x03, 0x75, 0x04, 0xbd, 0x04, 0xbd, 0x04, 0xbd, 0x04, 0xbd, 0x04, 0xbd, 0x04, 0xbd, 0x04, 0xbd, 
    0x19, 0xe7, 0x22, 0xe8, 0x22, 0xe8, 0x22, 0xe8, 0x22, 0xe8, 0x19, 0xe7, 0x19, 0xe7, 0x19, 0xe7, 
    0x03, 0x75, 0x03, 0x75, 0x04, 0xbd, 0x04, 0xbd, 0x04, 0xbd, 0x04, 0xbd, 0x04, 0xbd, 0x04, 0xbd, 
    0x19, 0xe7, 0x22, 0xe8, 0x3c, 0x49, 0x3c, 0x49, 0x22, 0xe8, 0x19, 0xe7, 0x22, 0xe8, 0x22, 0xe8, 
    0x19, 0xe7, 0x03, 0x75, 0x03, 0x75, 0x04, 0xbd, 0x04, 0xbd, 0x04, 0xbd, 0x04, 0xbd, 0x04, 0xbd, 
    0x22, 0xe8, 0x3c, 0x49, 0x3c, 0x49, 0x3c, 0x49, 0x3c, 0x49, 0x22, 0xe8, 0x22, 0xe8, 0x22, 0xe8, 
    0x19, 0xe7, 0x39, 0x46, 0x03, 0x75, 0x03, 0x75, 0x04, 0xbd, 0x04, 0xbd, 0x04, 0xbd, 0x04, 0xbd, 
    0x3c, 0x49, 0x3c, 0x49, 0x3c, 0x49, 0x3c, 0x49, 0x3c, 0x49, 0x3c, 0x49, 0x3c, 0x49, 0x22, 0xe8, 
    0x19, 0xe7, 0x6a, 0x47, 0x39, 0x46, 0x03, 0x75, 0x03, 0x75, 0x04, 0xbd, 0x04, 0xbd, 0x04, 0xbd, 
    0x3c, 0x49, 0x3c, 0x49, 0x3c, 0x49, 0x3c, 0x49, 0x3c, 0x49, 0x3c, 0x49, 0x22, 0xe8, 0x19, 0xe7, 
    0x19, 0xe7, 0x9b, 0x2a, 0x39, 0x46, 0x03, 0x75, 0x03, 0x75, 0x04, 0xbd, 0x04, 0xbd, 0x04, 0xbd, 
    0x3c, 0x49, 0x3c, 0x49, 0x3c, 0x49, 0x3c, 0x49, 0x3c, 0x49, 0x3c, 0x49, 0x3c, 0x49, 0x22, 0xe8, 
    0x22, 0xe8, 0x19, 0xe7, 0x39, 0x46, 0x03, 0x75, 0x03, 0x75, 0x04, 0xbd, 0x04, 0xbd, 0x04, 0xbd, 
    0x3c, 0x49, 0x3c, 0x49, 0x3c, 0x49, 0x3c, 0x49, 0x3c, 0x49, 0x3c, 0x49, 0x3c, 0x49, 0x3c, 0x49, 
    0x22, 0xe8, 0x19, 0xe7, 0x39, 0x46, 0x03, 0x75, 0x03, 0x75, 0x04, 0xbd, 0x04, 0xbd, 0x04, 0xbd, 
    0x3c, 0x49, 0x3c, 0x49, 0x3c, 0x49, 0x3c, 0x49, 0x3c, 0x49, 0x3c, 0x49, 0x22, 0xe8, 0x22, 0xe8, 
    0x19, 0xe7, 0x6a, 0x47, 0x6a, 0x47, 0x39, 0x46, 0x03, 0x75, 0x03, 0x75, 0x04, 0xbd, 0x04, 0xbd, 
};

hagl_bitmap_t waterGrassBL = {
    .width = 16,
    .height = 16,
    .depth = 16, // RGB565 is 16-bit
    .buffer = waterGrassBLbuf,
};

// Image: waterGrassBR.png (16x16)
static unsigned char waterGrassBRbuf[] = {
    0x04, 0xbd, 0x04, 0xbd, 0x04, 0xbd, 0x04, 0xbd, 0x04, 0xbd, 0x04, 0xbd, 0x04, 0xbd, 0x04, 0xbd, 
    0x04, 0xbd, 0x04, 0xbd, 0x04, 0xbd, 0x04, 0xbd, 0x04, 0xbd, 0x04, 0xbd, 0x04, 0xbd, 0x04, 0xbd, 
    0x04, 0xbd, 0x04, 0xbd, 0x04, 0xbd, 0x04, 0xbd, 0x04, 0xbd, 0x04, 0xbd, 0x04, 0xbd, 0x04, 0xbd, 
    0x04, 0xbd, 0x04, 0xbd, 0x04, 0xbd, 0x04, 0xbd, 0x04, 0xbd, 0x04, 0xbd, 0x04, 0xbd, 0x04, 0xbd, 
    0x04, 0xbd, 0x04, 0xbd, 0x04, 0xbd, 0x04, 0xbd, 0x04, 0xbd, 0x04, 0xbd, 0x04, 0xbd, 0x04, 0xbd, 
    0x04, 0xbd, 0x04, 0xbd, 0x04, 0xbd, 0x04, 0xbd, 0x04, 0xbd, 0x04, 0xbd, 0x04, 0xbd, 0x04, 0xbd, 
    0x04, 0xbd, 0x04, 0xbd, 0x04, 0xbd, 0x04, 0xbd, 0x04, 0xbd, 0x04, 0xbd, 0x04, 0xbd, 0x04, 0xbd, 
    0x04, 0xbd, 0x04, 0xbd, 0x04, 0xbd, 0x04, 0xbd, 0x04, 0xbd, 0x04, 0xbd, 0x04, 0xbd, 0x04, 0xbd, 
    0x04, 0xbd, 0x04, 0xbd, 0x04, 0xbd, 0x04, 0xbd, 0x04, 0xbd, 0x04, 0xbd, 0x04, 0xbd, 0x04, 0xbd, 
    0x04, 0xbd, 0x04, 0xbd, 0x04, 0xbd, 0x04, 0xbd, 0x03, 0x75, 0x03, 0x75, 0x04, 0xbd, 0x04, 0xbd, 
    0x04, 0xbd, 0x04, 0xbd, 0x04, 0xbd, 0x04, 0xbd, 0x04, 0xbd, 0x04, 0xbd, 0x04, 0xbd, 0x04, 0xbd, 
    0x04, 0xbd, 0x04, 0xbd, 0x03, 0x75, 0x03, 0x75, 0x03, 0x75, 0x03, 0x75, 0x03, 0x75, 0x03, 0x75, 
    0x04, 0xbd, 0x04, 0xbd, 0x04, 0xbd, 0x04, 0xbd, 0x04, 0xbd, 0x04, 0xbd, 0x04, 0xbd, 0x04, 0xbd, 
    0x03, 0x75, 0x03, 0x75, 0x03, 0x75, 0x03, 0x75, 0x19, 0xe7, 0x19, 0xe7, 0x03, 0x75, 0x03, 0x75, 
    0x04, 0xbd, 0x04, 0xbd, 0x04, 0xbd, 0x04, 0xbd, 0x04, 0xbd, 0x04, 0xbd, 0x04, 0xbd, 0x03, 0x75, 
    0x03, 0x75, 0x03, 0x75, 0x19, 0xe7, 0x19, 0xe7, 0x22, 0xe8, 0x22, 0xe8, 0x19, 0xe7, 0x03, 0x75, 
    0x04, 0xbd, 0x04, 0xbd, 0x04, 0xbd, 0x04, 0xbd, 0x04, 0xbd, 0x04, 0xbd, 0x03, 0x75, 0x03, 0x75, 
    0x19, 0xe7, 0x19, 0xe7, 0x19, 0xe7, 0x22, 0xe8, 0x3c, 0x49, 0x22, 0xe8, 0x22, 0xe8, 0x19, 0xe7, 
    0x04, 0xbd, 0x04, 0xbd, 0x04, 0xbd, 0x04, 0xbd, 0x04, 0xbd, 0x03, 0x75, 0x03, 0x75, 0x19, 0xe7, 
    0x22, 0xe8, 0x22, 0xe8, 0x19, 0xe7, 0x22, 0xe8, 0x3c, 0x49, 0x3c, 0x49, 0x22, 0xe8, 0x19, 0xe7, 
    0x04, 0xbd, 0x04, 0xbd, 0x04, 0xbd, 0x04, 0xbd, 0x03, 0x75, 0x03, 0x75, 0x39, 0x46, 0x19, 0xe7, 
    0x22, 0xe8, 0x3c, 0x49, 0x22, 0xe8, 0x3c, 0x49, 0x3c, 0x49, 0x3c, 0x49, 0x3c, 0x49, 0x22, 0xe8, 
    0x04, 0xbd, 0x04, 0xbd, 0x04, 0xbd, 0x03, 0x75, 0x03, 0x75, 0x39, 0x46, 0x6a, 0x47, 0x19, 0xe7, 
    0x22, 0xe8, 0x3c, 0x49, 0x3c, 0x49, 0x3c, 0x49, 0x3c, 0x49, 0x3c, 0x49, 0x3c, 0x49, 0x3c, 0x49, 
    0x04, 0xbd, 0x04, 0xbd, 0x04, 0xbd, 0x03, 0x75, 0x03, 0x75, 0x39, 0x46, 0x9b, 0x2a, 0x19, 0xe7, 
    0x19, 0xe7, 0x22, 0xe8, 0x3c, 0x49, 0x3c, 0x49, 0x3c, 0x49, 0x3c, 0x49, 0x3c, 0x49, 0x3c, 0x49, 
    0x04, 0xbd, 0x04, 0xbd, 0x04, 0xbd, 0x03, 0x75, 0x03, 0x75, 0x39, 0x46, 0x19, 0xe7, 0x22, 0xe8, 
    0x22, 0xe8, 0x3c, 0x49, 0x3c, 0x49, 0x3c, 0x49, 0x3c, 0x49, 0x3c, 0x49, 0x3c, 0x49, 0x3c, 0x49, 
    0x04, 0xbd, 0x04, 0xbd, 0x04, 0xbd, 0x03, 0x75, 0x03, 0x75, 0x39, 0x46, 0x19, 0xe7, 0x22, 0xe8, 
    0x3c, 0x49, 0x3c, 0x49, 0x3c, 0x49, 0x3c, 0x49, 0x3c, 0x49, 0x3c, 0x49, 0x3c, 0x49, 0x3c, 0x49, 
    0x04, 0xbd, 0x04, 0xbd, 0x03, 0x75, 0x03, 0x75, 0x39, 0x46, 0x6a, 0x47, 0x6a, 0x47, 0x19, 0xe7, 
    0x22, 0xe8, 0x22, 0xe8, 0x3c, 0x49, 0x3c, 0x49, 0x3c, 0x49, 0x3c, 0x49, 0x3c, 0x49, 0x3c, 0x49, 
};

hagl_bitmap_t waterGrassBR = {
    .width = 16,
    .height = 16,
    .depth = 16, // RGB565 is 16-bit
    .buffer = waterGrassBRbuf,
};

// Image: waterGrassTL.png (16x16)
static unsigned char waterGrassTLbuf[] = {
    0x3c, 0x49, 0x3c, 0x49, 0x3c, 0x49, 0x3c, 0x49, 0x3c, 0x49, 0x3c, 0x49, 0x22, 0xe8, 0x22, 0xe8, 
    0x19, 0xe7, 0x6a, 0x47, 0x6a, 0x47, 0x39, 0x46, 0x03, 0x75, 0x03, 0x75, 0x04, 0xbd, 0x04, 0xbd, 
    0x3c, 0x49, 0x3c, 0x49, 0x3c, 0x49, 0x3c, 0x49, 0x3c, 0x49, 0x3c, 0x49, 0x3c, 0x49, 0x3c, 0x49, 
    0x22, 0xe8, 0x19, 0xe7, 0x9b, 0x2a, 0x39, 0x46, 0x03, 0x75, 0x03, 0x75, 0x04, 0xbd, 0x04, 0xbd, 
    0x3c, 0x49, 0x3c, 0x49, 0x3c, 0x49, 0x3c, 0x49, 0x3c, 0x49, 0x3c, 0x49, 0x3c, 0x49, 0x22, 0xe8, 
    0x22, 0xe8, 0x19, 0xe7, 0x9b, 0x2a, 0x39, 0x46, 0x03, 0x75, 0x03, 0x75, 0x04, 0xbd, 0x04, 0xbd, 
    0x3c, 0x49, 0x3c, 0x49, 0x3c, 0x49, 0x3c, 0x49, 0x3c, 0x49, 0x3c, 0x49, 0x22, 0xe8, 0x19, 0xe7, 
    0x19, 0xe7, 0x6a, 0x47, 0x9b, 0x2a, 0x39, 0x46, 0x03, 0x75, 0x03, 0x75, 0x04, 0xbd, 0x04, 0xbd, 
    0x3c, 0x49, 0x3c, 0x49, 0x3c, 0x49, 0x3c, 0x49, 0x3c, 0x49, 0x3c, 0x49, 0x22, 0xe8, 0x22, 0xe8, 
    0x19, 0xe7, 0x39, 0x46, 0x6a, 0x47, 0x39, 0x46, 0x03, 0x75, 0x03, 0x75, 0x04, 0xbd, 0x04, 0xbd, 
    0x22, 0xe8, 0x3c, 0x49, 0x3c, 0x49, 0x3c, 0x49, 0x3c, 0x49, 0x22, 0xe8, 0x22, 0xe8, 0x22, 0xe8, 
    0x19, 0xe7, 0x6a, 0x47, 0x39, 0x46, 0x03, 0x75, 0x03, 0x75, 0x04, 0xbd, 0x04, 0xbd, 0x04, 0xbd, 
    0x19, 0xe7, 0x22, 0xe8, 0x3c, 0x49, 0x3c, 0x49, 0x22, 0xe8, 0x19, 0xe7, 0x22, 0xe8, 0x22, 0xe8, 
    0x19, 0xe7, 0x6a, 0x47, 0x39, 0x46, 0x03, 0x75, 0x03, 0x75, 0x04, 0xbd, 0x04, 0xbd, 0x04, 0xbd, 
    0x19, 0xe7, 0x22, 0xe8, 0x22, 0xe8, 0x22, 0xe8, 0x22, 0xe8, 0x19, 0xe7, 0x19, 0xe7, 0x19, 0xe7, 
    0x6a, 0x47, 0x6a, 0x47, 0x39, 0x46, 0x03, 0x75, 0x03, 0x75, 0x04, 0xbd, 0x04, 0xbd, 0x04, 0xbd, 
    0x6a, 0x47, 0x19, 0xe7, 0x22, 0xe8, 0x22, 0xe8, 0x19, 0xe7, 0x19, 0xe7, 0x6a, 0x47, 0x6a, 0x47, 
    0x9b, 0x2a, 0x6a, 0x47, 0x39, 0x46, 0x03, 0x75, 0x03, 0x75, 0x04, 0xbd, 0x04, 0xbd, 0x04, 0xbd, 
    0x6a, 0x47, 0x6a, 0x47, 0x19, 0xe7, 0x19, 0xe7, 0x6a, 0x47, 0x39, 0x46, 0x6a, 0x47, 0x9b, 0x2a, 
    0x9b, 0x2a, 0x6a, 0x47, 0x39, 0x46, 0x03, 0x75, 0x03, 0x75, 0x04, 0xbd, 0x04, 0xbd, 0x04, 0xbd, 
    0x6a, 0x47, 0x9b, 0x2a, 0x6a, 0x47, 0x6a, 0x47, 0x6a, 0x47, 0x39, 0x46, 0x6a, 0x47, 0x9b, 0x2a, 
    0x39, 0x46, 0x39, 0x46, 0x03, 0x75, 0x03, 0x75, 0x04, 0xbd, 0x04, 0xbd, 0x04, 0xbd, 0x04, 0xbd, 
    0x6a, 0x47, 0x9b, 0x2a, 0x9b, 0x2a, 0x9b, 0x2a, 0x6a, 0x47, 0x39, 0x46, 0x39, 0x46, 0x39, 0x46, 
    0x03, 0x75, 0x03, 0x75, 0x03, 0x75, 0x04, 0xbd, 0x04, 0xbd, 0x04, 0xbd, 0x04, 0xbd, 0x04, 0xbd, 
    0x39, 0x46, 0x6a, 0x47, 0x9b, 0x2a, 0x9b, 0x2a, 0x39, 0x46, 0x03, 0x75, 0x03, 0x75, 0x03, 0x75, 
    0x03, 0x75, 0x03, 0x75, 0x04, 0xbd, 0x04, 0xbd, 0x04, 0xbd, 0x04, 0xbd, 0x04, 0xbd, 0x04, 0xbd, 
    0x03, 0x75, 0x39, 0x46, 0x39, 0x46, 0x39, 0x46, 0x03, 0x75, 0x03, 0x75, 0x03, 0x75, 0x03, 0x75, 
    0x04, 0xbd, 0x04, 0xbd, 0x04, 0xbd, 0x04, 0xbd, 0x04, 0xbd, 0x04, 0xbd, 0x04, 0xbd, 0x04, 0xbd, 
    0x03, 0x75, 0x03, 0x75, 0x03, 0x75, 0x03, 0x75, 0x03, 0x75, 0x04, 0xbd, 0x04, 0xbd, 0x04, 0xbd, 
    0x04, 0xbd, 0x04, 0xbd, 0x04, 0xbd, 0x04, 0xbd, 0x04, 0xbd, 0x04, 0xbd, 0x04, 0xbd, 0x04, 0xbd, 
    0x04, 0xbd, 0x03, 0x75, 0x03, 0x75, 0x03, 0x75, 0x04, 0xbd, 0x04, 0xbd, 0x04, 0xbd, 0x04, 0xbd, 
    0x04, 0xbd, 0x04, 0xbd, 0x04, 0xbd, 0x04, 0xbd, 0x04, 0xbd, 0x04, 0xbd, 0x04, 0xbd, 0x04, 0xbd, 
};

hagl_bitmap_t waterGrassTL = {
    .width = 16,
    .height = 16,
    .depth = 16, // RGB565 is 16-bit
    .buffer = waterGrassTLbuf,
};

// Image: waterGrassTR.png (16x16)
static unsigned char waterGrassTRbuf[] = {
    0x04, 0xbd, 0x04, 0xbd, 0x03, 0x75, 0x03, 0x75, 0x39, 0x46, 0x6a, 0x47, 0x6a, 0x47, 0x19, 0xe7, 
    0x22, 0xe8, 0x22, 0xe8, 0x3c, 0x49, 0x3c, 0x49, 0x3c, 0x49, 0x3c, 0x49, 0x3c, 0x49, 0x3c, 0x49, 
    0x04, 0xbd, 0x04, 0xbd, 0x03, 0x75, 0x03, 0x75, 0x39, 0x46, 0x9b, 0x2a, 0x19, 0xe7, 0x22, 0xe8, 
    0x3c, 0x49, 0x3c, 0x49, 0x3c, 0x49, 0x3c, 0x49, 0x3c, 0x49, 0x3c, 0x49, 0x3c, 0x49, 0x3c, 0x49, 
    0x04, 0xbd, 0x04, 0xbd, 0x03, 0x75, 0x03, 0x75, 0x39, 0x46, 0x9b, 0x2a, 0x19, 0xe7, 0x22, 0xe8, 
    0x22, 0xe8, 0x3c, 0x49, 0x3c, 0x49, 0x3c, 0x49, 0x3c, 0x49, 0x3c, 0x49, 0x3c, 0x49, 0x3c, 0x49, 
    0x04, 0xbd, 0x04, 0xbd, 0x03, 0x75, 0x03, 0x75, 0x39, 0x46, 0x9b, 0x2a, 0x6a, 0x47, 0x19, 0xe7, 
    0x19, 0xe7, 0x22, 0xe8, 0x3c, 0x49, 0x3c, 0x49, 0x3c, 0x49, 0x3c, 0x49, 0x3c, 0x49, 0x3c, 0x49, 
    0x04, 0xbd, 0x04, 0xbd, 0x03, 0x75, 0x03, 0x75, 0x39, 0x46, 0x6a, 0x47, 0x39, 0x46, 0x19, 0xe7, 
    0x22, 0xe8, 0x3c, 0x49, 0x3c, 0x49, 0x3c, 0x49, 0x3c, 0x49, 0x3c, 0x49, 0x3c, 0x49, 0x3c, 0x49, 
    0x04, 0xbd, 0x04, 0xbd, 0x04, 0xbd, 0x03, 0x75, 0x03, 0x75, 0x39, 0x46, 0x6a, 0x47, 0x19, 0xe7, 
    0x22, 0xe8, 0x3c, 0x49, 0x22, 0xe8, 0x3c, 0x49, 0x3c, 0x49, 0x3c, 0x49, 0x3c, 0x49, 0x22, 0xe8, 
    0x04, 0xbd, 0x04, 0xbd, 0x04, 0xbd, 0x03, 0x75, 0x03, 0x75, 0x39, 0x46, 0x6a, 0x47, 0x19, 0xe7, 
    0x22, 0xe8, 0x22, 0xe8, 0x19, 0xe7, 0x22, 0xe8, 0x3c, 0x49, 0x3c, 0x49, 0x22, 0xe8, 0x19, 0xe7, 
    0x04, 0xbd, 0x04, 0xbd, 0x04, 0xbd, 0x03, 0x75, 0x03, 0x75, 0x39, 0x46, 0x6a, 0x47, 0x6a, 0x47, 
    0x19, 0xe7, 0x19, 0xe7, 0x19, 0xe7, 0x22, 0xe8, 0x3c, 0x49, 0x22, 0xe8, 0x22, 0xe8, 0x19, 0xe7, 
    0x04, 0xbd, 0x04, 0xbd, 0x04, 0xbd, 0x03, 0x75, 0x03, 0x75, 0x39, 0x46, 0x6a, 0x47, 0x9b, 0x2a, 
    0x6a, 0x47, 0x6a, 0x47, 0x19, 0xe7, 0x19, 0xe7, 0x22, 0xe8, 0x22, 0xe8, 0x19, 0xe7, 0x6a, 0x47, 
    0x04, 0xbd, 0x04, 0xbd, 0x04, 0xbd, 0x03, 0x75, 0x03, 0x75, 0x39, 0x46, 0x6a, 0x47, 0x9b, 0x2a, 
    0x9b, 0x2a, 0x6a, 0x47, 0x39, 0x46, 0x6a, 0x47, 0x19, 0xe7, 0x19, 0xe7, 0x6a, 0x47, 0x6a, 0x47, 
    0x04, 0xbd, 0x04, 0xbd, 0x04, 0xbd, 0x04, 0xbd, 0x03, 0x75, 0x03, 0x75, 0x39, 0x46, 0x39, 0x46, 
    0x9b, 0x2a, 0x6a, 0x47, 0x39, 0x46, 0x6a, 0x47, 0x6a, 0x47, 0x6a, 0x47, 0x9b, 0x2a, 0x6a, 0x47, 
    0x04, 0xbd, 0x04, 0xbd, 0x04, 0xbd, 0x04, 0xbd, 0x04, 0xbd, 0x03, 0x75, 0x03, 0x75, 0x03, 0x75, 
    0x39, 0x46, 0x39, 0x46, 0x39, 0x46, 0x6a, 0x47, 0x9b, 0x2a, 0x9b, 0x2a, 0x9b, 0x2a, 0x6a, 0x47, 
    0x04, 0xbd, 0x04, 0xbd, 0x04, 0xbd, 0x04, 0xbd, 0x04, 0xbd, 0x04, 0xbd, 0x03, 0x75, 0x03, 0x75, 
    0x03, 0x75, 0x03, 0x75, 0x03, 0x75, 0x39, 0x46, 0x9b, 0x2a, 0x9b, 0x2a, 0x6a, 0x47, 0x39, 0x46, 
    0x04, 0xbd, 0x04, 0xbd, 0x04, 0xbd, 0x04, 0xbd, 0x04, 0xbd, 0x04, 0xbd, 0x04, 0xbd, 0x04, 0xbd, 
    0x03, 0x75, 0x03, 0x75, 0x03, 0x75, 0x03, 0x75, 0x39, 0x46, 0x39, 0x46, 0x39, 0x46, 0x03, 0x75, 
    0x04, 0xbd, 0x04, 0xbd, 0x04, 0xbd, 0x04, 0xbd, 0x04, 0xbd, 0x04, 0xbd, 0x04, 0xbd, 0x04, 0xbd, 
    0x04, 0xbd, 0x04, 0xbd, 0x04, 0xbd, 0x03, 0x75, 0x03, 0x75, 0x03, 0x75, 0x03, 0x75, 0x03, 0x75, 
    0x04, 0xbd, 0x04, 0xbd, 0x04, 0xbd, 0x04, 0xbd, 0x04, 0xbd, 0x04, 0xbd, 0x04, 0xbd, 0x04, 0xbd, 
    0x04, 0xbd, 0x04, 0xbd, 0x04, 0xbd, 0x04, 0xbd, 0x03, 0x75, 0x03, 0x75, 0x03, 0x75, 0x04, 0xbd, 
};

hagl_bitmap_t waterGrassTR = {
    .width = 16,
    .height = 16,
    .depth = 16, // RGB565 is 16-bit
    .buffer = waterGrassTRbuf,
};

// Image: wheat.png (13x14)
static unsigned char wheatbuf[] = {
    0x07, 0xe0, 0x39, 0x46, 0x39, 0x46, 0x07, 0xe0, 0x07, 0xe0, 0x07, 0xe0, 0x39, 0x46, 0x39, 0x46, 
    0x07, 0xe0, 0x07, 0xe0, 0x39, 0x46, 0x39, 0x46, 0x07, 0xe0, 0x39, 0x46, 0xfe, 0x44, 0xff, 0x2c, 
    0x39, 0x46, 0x07, 0xe0, 0x39, 0x46, 0xfe, 0x44, 0xff, 0x2c, 0x39, 0x46, 0x39, 0x46, 0xff, 0x2c, 
    0xfe, 0x44, 0x39, 0x46, 0x39, 0x46, 0xff, 0x2c, 0xfe, 0x44, 0xff, 0x2c, 0x39, 0x46, 0x39, 0x46, 
    0xff, 0x2c, 0xfe, 0x44, 0x39, 0x46, 0xff, 0x2c, 0xfe, 0x44, 0xff, 0x2c, 0x39, 0x46, 0x07, 0xe0, 
    0x39, 0x46, 0xff, 0x2c, 0xfd, 0x66, 0x39, 0x46, 0x39, 0x46, 0xfe, 0x44, 0xff, 0x2c, 0x39, 0x46, 
    0xfd, 0x66, 0xff, 0x2c, 0x39, 0x46, 0x07, 0xe0, 0x07, 0xe0, 0x07, 0xe0, 0x39, 0x46, 0xfd, 0x66, 
    0x39, 0x46, 0x39, 0x46, 0xfd, 0x66, 0x39, 0x46, 0x39, 0x46, 0x39, 0x46, 0x39, 0x46, 0x07, 0xe0, 
    0x07, 0xe0, 0x07, 0xe0, 0x07, 0xe0, 0x39, 0x46, 0x39, 0x46, 0x39, 0x46, 0x39, 0x46, 0xfd, 0x66, 
    0x39, 0x46, 0x39, 0x46, 0xff, 0x2c, 0xfe, 0x44, 0x39, 0x46, 0x07, 0xe0, 0x07, 0xe0, 0x07, 0xe0, 
    0x39, 0x46, 0xff, 0x2c, 0xfe, 0x44, 0x39, 0x46, 0xfd, 0x66, 0x39, 0x46, 0xff, 0x2c, 0xfe, 0x44, 
    0xff, 0x2c, 0x39, 0x46, 0x07, 0xe0, 0x07, 0xe0, 0x72, 0x47, 0x39, 0x46, 0xfe, 0x44, 0xff, 0x2c, 
    0x39, 0x46, 0xfd, 0x66, 0x39, 0x46, 0xfd, 0x66, 0xff, 0x2c, 0x39, 0x46, 0x39, 0x46, 0x07, 0xe0, 
    0x07, 0xe0, 0x72, 0x47, 0x72, 0x47, 0x39, 0x46, 0xfd, 0x66, 0x39, 0x46, 0x72, 0x47, 0x39, 0x46, 
    0xfd, 0x66, 0x39, 0x46, 0x72, 0x47, 0x72, 0x47, 0x07, 0xe0, 0x07, 0xe0, 0x07, 0xe0, 0x72, 0x47, 
    0x39, 0x46, 0xfd, 0x66, 0x39, 0x46, 0x72, 0x47, 0x39, 0x46, 0xfd, 0x66, 0x39, 0x46, 0x72, 0x47, 
    0x07, 0xe0, 0x07, 0xe0, 0x07, 0xe0, 0x07, 0xe0, 0x07, 0xe0, 0x39, 0x46, 0xfd, 0x66, 0x39, 0x46, 
    0x72, 0x47, 0x39, 0x46, 0xfd, 0x66, 0x39, 0x46, 0x07, 0xe0, 0x07, 0xe0, 0x07, 0xe0, 0x07, 0xe0, 
    0x07, 0xe0, 0x72, 0x47, 0x39, 0x46, 0xfd, 0x66, 0x39, 0x46, 0x72, 0x47, 0x39, 0x46, 0xfd, 0x66, 
    0x39, 0x46, 0x72, 0x47, 0x07, 0xe0, 0x07, 0xe0, 0x07, 0xe0, 0x07, 0xe0, 0x72, 0x47, 0x72, 0x47, 
    0x72, 0x47, 0x72, 0x47, 0x72, 0x47, 0x72, 0x47, 0x72, 0x47, 0x72, 0x47, 0x72, 0x47, 0x07, 0xe0, 
    0x07, 0xe0, 0x07, 0xe0, 0x07, 0xe0, 0x07, 0xe0, 0x72, 0x47, 0x72, 0x47, 0x72, 0x47, 0x72, 0x47, 
    0x72, 0x47, 0x72, 0x47, 0x72, 0x47, 0x07, 0xe0, 0x07, 0xe0, 0x07, 0xe0, 
};

hagl_bitmap_t wheat = {
    .width = 13,
    .height = 14,
    .depth = 16, // RGB565 is 16-bit
    .buffer = wheatbuf,
};

