// Image: fenceTile.png (16x16)
unsigned char fenceTilebuf[] = {
    0x32, 0x84, 0x32, 0xe0, 0x22, 0x24, 0x32, 0x84, 0x32, 0xe0, 0x43, 0x42, 0x32, 0x84, 0x3a, 0xe5, 
    0x32, 0x84, 0x32, 0xe0, 0x22, 0x24, 0x32, 0x84, 0x32, 0xe0, 0x43, 0x42, 0x32, 0x84, 0x3a, 0xe5, 
    0x3a, 0xe5, 0x32, 0x84, 0x3a, 0xe5, 0x3a, 0xe5, 0x3a, 0xe5, 0x3a, 0xe5, 0x3a, 0xe5, 0x32, 0x84, 
    0x3a, 0xe5, 0x32, 0x84, 0x3a, 0xe5, 0x3a, 0xe5, 0x3a, 0xe5, 0x3a, 0xe5, 0x3a, 0xe5, 0x32, 0x84, 
    0x3a, 0xe5, 0x32, 0x84, 0x32, 0x84, 0x22, 0x24, 0x32, 0x84, 0x3a, 0xe5, 0x32, 0x84, 0x43, 0x42, 
    0x3a, 0xe5, 0x32, 0x84, 0x32, 0x84, 0x22, 0x24, 0x32, 0x84, 0x3a, 0xe5, 0x32, 0x84, 0x43, 0x42, 
    0x22, 0x24, 0x32, 0xe0, 0x43, 0x42, 0x32, 0x84, 0x22, 0x24, 0xb5, 0x0f, 0xb5, 0x0f, 0xb5, 0x0f, 
    0xb5, 0x0f, 0xb5, 0x0f, 0xb5, 0x0f, 0x32, 0x84, 0x22, 0x24, 0x32, 0x84, 0x32, 0x84, 0x32, 0xe0, 
    0x22, 0x24, 0x32, 0x84, 0x32, 0xe0, 0x32, 0x84, 0xb5, 0x0f, 0xce, 0x79, 0xce, 0x79, 0xce, 0x79, 
    0xce, 0x79, 0xce, 0x79, 0xce, 0x79, 0xb5, 0x0f, 0x32, 0xe0, 0x3a, 0xe5, 0x3a, 0xe5, 0x32, 0x84, 
    0x32, 0x84, 0x32, 0x84, 0x22, 0x24, 0xb5, 0x0f, 0xce, 0x79, 0xce, 0x79, 0xff, 0xff, 0xff, 0xff, 
    0xff, 0xff, 0xff, 0xff, 0xce, 0x79, 0xce, 0x79, 0xb5, 0x0f, 0x3a, 0xe5, 0x32, 0x84, 0x32, 0x84, 
    0x22, 0x24, 0x3a, 0xe5, 0x3a, 0xe5, 0xb5, 0x0f, 0xce, 0x79, 0xff, 0xff, 0xff, 0xff, 0xff, 0xff, 
    0xff, 0xff, 0xff, 0xff, 0xff, 0xff, 0xce, 0x79, 0xb5, 0x0f, 0x32, 0x84, 0x22, 0x24, 0x3a, 0xe5, 
    0x32, 0x84, 0x32, 0x84, 0x3a, 0xe5, 0xb5, 0x0f, 0xce, 0x79, 0xff, 0xff, 0xff, 0xff, 0xff, 0xff, 
    0xff, 0xff, 0xff, 0xff, 0xff, 0xff, 0xce, 0x79, 0xb5, 0x0f, 0x32, 0xe0, 0x32, 0x84, 0x3a, 0xe5, 
    0x32, 0x84, 0x32, 0xe0, 0x22, 0x24, 0xb5, 0x0f, 0xce, 0x79, 0xff, 0xff, 0xff, 0xff, 0xff, 0xff, 
    0xff, 0xff, 0xff, 0xff, 0xff, 0xff, 0xce, 0x79, 0xb5, 0x0f, 0x43, 0x42, 0x32, 0x84, 0x3a, 0xe5, 
    0x3a, 0xe5, 0x32, 0x84, 0x3a, 0xe5, 0xb5, 0x0f, 0xce, 0x79, 0xff, 0xff, 0xff, 0xff, 0xff, 0xff, 
    0xff, 0xff, 0xff, 0xff, 0xff, 0xff, 0xce, 0x79, 0xb5, 0x0f, 0x3a, 0xe5, 0x3a, 0xe5, 0x32, 0x84, 
    0x3a, 0xe5, 0x32, 0x84, 0x32, 0x84, 0xb5, 0x0f, 0xce, 0x79, 0xce, 0x79, 0xff, 0xff, 0xff, 0xff, 
    0xff, 0xff, 0xff, 0xff, 0xce, 0x79, 0xce, 0x79, 0xb5, 0x0f, 0x3a, 0xe5, 0x32, 0x84, 0x43, 0x42, 
    0x22, 0x24, 0x32, 0xe0, 0x43, 0x42, 0x32, 0x84, 0xb5, 0x0f, 0xce, 0x79, 0xce, 0x79, 0xce, 0x79, 
    0xce, 0x79, 0xce, 0x79, 0xce, 0x79, 0xb5, 0x0f, 0x22, 0x24, 0x32, 0x84, 0x32, 0x84, 0x32, 0xe0, 
    0x22, 0x24, 0x32, 0x84, 0x32, 0xe0, 0x32, 0x84, 0x32, 0xe0, 0xb5, 0x0f, 0xb5, 0x0f, 0xb5, 0x0f, 
    0xb5, 0x0f, 0xb5, 0x0f, 0xb5, 0x0f, 0x32, 0x84, 0x32, 0xe0, 0x3a, 0xe5, 0x3a, 0xe5, 0x32, 0x84, 
    0x32, 0x84, 0x32, 0x84, 0x22, 0x24, 0x32, 0x84, 0x32, 0x84, 0x3a, 0xe5, 0x32, 0x84, 0x32, 0x84, 
    0x32, 0x84, 0x32, 0x84, 0x22, 0x24, 0x32, 0x84, 0x32, 0x84, 0x3a, 0xe5, 0x32, 0x84, 0x32, 0x84, 
    0x22, 0x24, 0x3a, 0xe5, 0x3a, 0xe5, 0x22, 0x24, 0x22, 0x24, 0x32, 0x84, 0x22, 0x24, 0x3a, 0xe5, 
    0x22, 0x24, 0x3a, 0xe5, 0x3a, 0xe5, 0x22, 0x24, 0x22, 0x24, 0x32, 0x84, 0x22, 0x24, 0x3a, 0xe5, 
    0x32, 0x84, 0x32, 0x84, 0x3a, 0xe5, 0x32, 0x84, 0x43, 0x42, 0x32, 0xe0, 0x32, 0x84, 0x3a, 0xe5, 
    0x32, 0x84, 0x32, 0x84, 0x3a, 0xe5, 0x32, 0x84, 0x43, 0x42, 0x32, 0xe0, 0x32, 0x84, 0x3a, 0xe5, 
};

hagl_bitmap_t fenceTile = {
    .width = 16,
    .height = 16,
    .depth = 16, // RGB565 is 16-bit
    .buffer = fenceTilebuf,
};

// Image: floorTile.png (16x16)
unsigned char floorTilebuf[] = {
    0x5a, 0x45, 0x5a, 0x45, 0x52, 0x05, 0x62, 0x86, 0x62, 0x86, 0x5a, 0x65, 0x5a, 0x65, 0x5a, 0x65, 
    0x5a, 0x65, 0x5a, 0x65, 0x5a, 0x65, 0x62, 0x86, 0x62, 0x86, 0x62, 0x86, 0x5a, 0x45, 0x5a, 0x45, 
    0x5a, 0x45, 0x62, 0x86, 0x52, 0x05, 0x62, 0x86, 0x62, 0x86, 0x62, 0x86, 0x5a, 0x45, 0x5a, 0x45, 
    0x5a, 0x45, 0x5a, 0x65, 0x5a, 0x65, 0x5a, 0x65, 0x5a, 0x45, 0x5a, 0x45, 0x5a, 0x45, 0x5a, 0x45, 
    0x62, 0x86, 0x62, 0x86, 0x39, 0x84, 0x62, 0x86, 0x5a, 0x45, 0x5a, 0x45, 0x5a, 0x45, 0x62, 0x86, 
    0x62, 0x86, 0x62, 0x86, 0x62, 0x86, 0x5a, 0x65, 0x5a, 0x65, 0x62, 0x86, 0x62, 0x86, 0x62, 0x86, 
    0x49, 0xc4, 0x39, 0x84, 0x39, 0x84, 0x39, 0x84, 0x49, 0xc4, 0x49, 0xc4, 0x52, 0x05, 0x52, 0x05, 
    0x49, 0xc4, 0x49, 0xc4, 0x49, 0xc4, 0x49, 0xc4, 0x49, 0xc4, 0x39, 0x84, 0x39, 0x84, 0x39, 0x84, 
    0x5a, 0x45, 0x5a, 0x65, 0x62, 0x86, 0x62, 0x86, 0x5a, 0x65, 0x5a, 0x45, 0x5a, 0x45, 0x5a, 0x45, 
    0x5a, 0x65, 0x5a, 0x65, 0x49, 0xc4, 0x62, 0x86, 0x62, 0x86, 0x5a, 0x65, 0x5a, 0x45, 0x5a, 0x45, 
    0x5a, 0x45, 0x5a, 0x45, 0x5a, 0x45, 0x5a, 0x45, 0x5a, 0x45, 0x5a, 0x45, 0x5a, 0x65, 0x5a, 0x65, 
    0x5a, 0x65, 0x62, 0x86, 0x52, 0x05, 0x62, 0x86, 0x62, 0x86, 0x62, 0x86, 0x62, 0x86, 0x5a, 0x45, 
    0x5a, 0x45, 0x5a, 0x65, 0x5a, 0x65, 0x5a, 0x65, 0x5a, 0x65, 0x62, 0x86, 0x62, 0x86, 0x62, 0x86, 
    0x62, 0x86, 0x62, 0x86, 0x39, 0x84, 0x62, 0x86, 0x5a, 0x65, 0x5a, 0x45, 0x5a, 0x45, 0x5a, 0x45, 
    0x49, 0xc4, 0x52, 0x05, 0x52, 0x05, 0x52, 0x05, 0x52, 0x05, 0x49, 0xc4, 0x49, 0xc4, 0x49, 0xc4, 
    0x39, 0x84, 0x39, 0x84, 0x39, 0x84, 0x39, 0x84, 0x49, 0xc4, 0x49, 0xc4, 0x39, 0x84, 0x39, 0x84, 
    0x5a, 0x65, 0x62, 0x86, 0x62, 0x86, 0x5a, 0x65, 0x5a, 0x65, 0x62, 0x86, 0x49, 0xc4, 0x62, 0x86, 
    0x62, 0x86, 0x62, 0x86, 0x62, 0x86, 0x62, 0x86, 0x62, 0x86, 0x62, 0x86, 0x62, 0x86, 0x62, 0x86, 
    0x5a, 0x65, 0x5a, 0x65, 0x62, 0x86, 0x62, 0x86, 0x5a, 0x65, 0x5a, 0x65, 0x39, 0x84, 0x5a, 0x65, 
    0x62, 0x86, 0x62, 0x86, 0x5a, 0x65, 0x5a, 0x65, 0x5a, 0x45, 0x5a, 0x45, 0x5a, 0x45, 0x5a, 0x65, 
    0x5a, 0x45, 0x5a, 0x45, 0x5a, 0x45, 0x62, 0x86, 0x62, 0x86, 0x62, 0x86, 0x39, 0x84, 0x5a, 0x65, 
    0x5a, 0x65, 0x5a, 0x65, 0x5a, 0x45, 0x5a, 0x45, 0x5a, 0x45, 0x5a, 0x65, 0x62, 0x86, 0x62, 0x86, 
    0x49, 0xc4, 0x49, 0xc4, 0x49, 0xc4, 0x39, 0x84, 0x39, 0x84, 0x39, 0x84, 0x39, 0x84, 0x39, 0x84, 
    0x49, 0xc4, 0x49, 0xc4, 0x52, 0x05, 0x52, 0x05, 0x49, 0xc4, 0x39, 0x84, 0x39, 0x84, 0x39, 0x84, 
    0x62, 0x86, 0x62, 0x86, 0x5a, 0x65, 0x5a, 0x65, 0x5a, 0x65, 0x5a, 0x65, 0x5a, 0x65, 0x62, 0x86, 
    0x62, 0x86, 0x62, 0x86, 0x5a, 0x45, 0x5a, 0x45, 0x5a, 0x45, 0x5a, 0x65, 0x39, 0x84, 0x5a, 0x65, 
    0x5a, 0x65, 0x5a, 0x65, 0x5a, 0x65, 0x5a, 0x45, 0x5a, 0x45, 0x5a, 0x45, 0x5a, 0x45, 0x5a, 0x45, 
    0x5a, 0x45, 0x5a, 0x45, 0x5a, 0x45, 0x5a, 0x65, 0x5a, 0x65, 0x5a, 0x65, 0x49, 0xc4, 0x5a, 0x65, 
    0x5a, 0x45, 0x5a, 0x45, 0x5a, 0x45, 0x5a, 0x45, 0x62, 0x86, 0x62, 0x86, 0x5a, 0x65, 0x5a, 0x65, 
    0x5a, 0x65, 0x5a, 0x45, 0x5a, 0x45, 0x5a, 0x45, 0x5a, 0x65, 0x5a, 0x65, 0x49, 0xc4, 0x5a, 0x45, 
    0x49, 0xc4, 0x49, 0xc4, 0x52, 0x05, 0x52, 0x05, 0x49, 0xc4, 0x49, 0xc4, 0x39, 0x84, 0x39, 0x84, 
    0x49, 0xc4, 0x49, 0xc4, 0x49, 0xc4, 0x39, 0x84, 0x39, 0x84, 0x39, 0x84, 0x39, 0x84, 0x49, 0xc4, 
};

hagl_bitmap_t floorTile = {
    .width = 16,
    .height = 16,
    .depth = 16, // RGB565 is 16-bit
    .buffer = floorTilebuf,
};

// Image: friskWalkA1.png (20x30)
unsigned char friskWalkA1buf[] = {
    0x07, 0xe0, 0x07, 0xe0, 0x07, 0xe0, 0x07, 0xe0, 0x07, 0xe0, 0x07, 0xe0, 0x07, 0xe0, 0x07, 0xe0, 
    0x07, 0xe0, 0x07, 0xe0, 0x07, 0xe0, 0x07, 0xe0, 0x07, 0xe0, 0x07, 0xe0, 0x07, 0xe0, 0x07, 0xe0, 
    0x07, 0xe0, 0x07, 0xe0, 0x07, 0xe0, 0x07, 0xe0, 0x07, 0xe0, 0x07, 0xe0, 0x07, 0xe0, 0x07, 0xe0, 
    0x07, 0xe0, 0x38, 0x81, 0x38, 0x81, 0x38, 0x81, 0x38, 0x81, 0x38, 0x81, 0x38, 0x81, 0x38, 0x81, 
    0x38, 0x81, 0x38, 0x81, 0x07, 0xe0, 0x07, 0xe0, 0x07, 0xe0, 0x07, 0xe0, 0x07, 0xe0, 0x07, 0xe0, 
    0x07, 0xe0, 0x07, 0xe0, 0x07, 0xe0, 0x38, 0x81, 0x38, 0x81, 0x38, 0x81, 0x38, 0x81, 0x38, 0x81, 
    0x38, 0x81, 0x38, 0x81, 0x38, 0x81, 0x38, 0x81, 0x38, 0x81, 0x38, 0x81, 0x38, 0x81, 0x07, 0xe0, 
    0x07, 0xe0, 0x07, 0xe0, 0x07, 0xe0, 0x07, 0xe0, 0x07, 0xe0, 0x07, 0xe0, 0x38, 0x81, 0x38, 0x81, 
    0x38, 0x81, 0x38, 0x81, 0x38, 0x81, 0x38, 0x81, 0x38, 0x81, 0x38, 0x81, 0x38, 0x81, 0x38, 0x81, 
    0x38, 0x81, 0x38, 0x81, 0x38, 0x81, 0x38, 0x81, 0x07, 0xe0, 0x07, 0xe0, 0x07, 0xe0, 0x07, 0xe0, 
    0x07, 0xe0, 0x38, 0x81, 0x38, 0x81, 0x38, 0x81, 0x38, 0x81, 0x38, 0x81, 0x38, 0x81, 0x38, 0x81, 
    0x38, 0x81, 0x38, 0x81, 0x38, 0x81, 0x38, 0x81, 0x38, 0x81, 0x38, 0x81, 0x38, 0x81, 0x38, 0x81, 
    0x38, 0x81, 0x07, 0xe0, 0x07, 0xe0, 0x07, 0xe0, 0x07, 0xe0, 0x38, 0x81, 0x38, 0x81, 0x38, 0x81, 
    0x38, 0x81, 0x38, 0x81, 0x38, 0x81, 0x38, 0x81, 0x38, 0x81, 0x38, 0x81, 0x38, 0x81, 0x38, 0x81, 
    0x38, 0x81, 0x38, 0x81, 0x38, 0x81, 0x38, 0x81, 0x38, 0x81, 0x07, 0xe0, 0x07, 0xe0, 0x07, 0xe0, 
    0x07, 0xe0, 0x38, 0x81, 0x38, 0x81, 0x38, 0x81, 0xfe, 0x41, 0x38, 0x81, 0xfe, 0x41, 0x38, 0x81, 
    0x38, 0x81, 0x38, 0x81, 0x38, 0x81, 0x38, 0x81, 0x38, 0x81, 0x38, 0x81, 0x38, 0x81, 0x38, 0x81, 
    0x38, 0x81, 0x38, 0x81, 0x07, 0xe0, 0x07, 0xe0, 0x07, 0xe0, 0x07, 0xe0, 0x38, 0x81, 0x38, 0x81, 
    0xfe, 0x41, 0x38, 0x81, 0xfe, 0x41, 0xfe, 0x41, 0x38, 0x81, 0x38, 0x81, 0x38, 0x81, 0x38, 0x81, 
    0x38, 0x81, 0x38, 0x81, 0x38, 0x81, 0x38, 0x81, 0x38, 0x81, 0x38, 0x81, 0x07, 0xe0, 0x07, 0xe0, 
    0x07, 0xe0, 0x07, 0xe0, 0x38, 0x81, 0xfe, 0x41, 0xfe, 0x41, 0xfe, 0x41, 0xfe, 0x41, 0xfe, 0x41, 
    0x38, 0x81, 0x38, 0x81, 0x38, 0x81, 0x38, 0x81, 0x38, 0x81, 0x38, 0x81, 0x38, 0x81, 0x38, 0x81, 
    0x38, 0x81, 0x38, 0x81, 0x07, 0xe0, 0x07, 0xe0, 0x07, 0xe0, 0x07, 0xe0, 0x38, 0x81, 0xfe, 0x41, 
    0xfe, 0x41, 0xfe, 0x41, 0xfe, 0x41, 0xfe, 0x41, 0x38, 0x81, 0x38, 0x81, 0xfe, 0x41, 0xfe, 0x41, 
    0x38, 0x81, 0x38, 0x81, 0x38, 0x81, 0x38, 0x81, 0x38, 0x81, 0x38, 0x81, 0x07, 0xe0, 0x07, 0xe0, 
    0x07, 0xe0, 0x07, 0xe0, 0x38, 0x81, 0xfe, 0x41, 0x00, 0x00, 0x00, 0x00, 0xfe, 0x41, 0xfe, 0x41, 
    0x38, 0x81, 0xfe, 0x41, 0xfe, 0x41, 0xfe, 0x41, 0x38, 0x81, 0x38, 0x81, 0x38, 0x81, 0x38, 0x81, 
    0x38, 0x81, 0x38, 0x81, 0x07, 0xe0, 0x07, 0xe0, 0x07, 0xe0, 0x38, 0x81, 0xfe, 0x41, 0xfe, 0x41, 
    0xfe, 0x41, 0xfe, 0x41, 0xfe, 0x41, 0xfe, 0x41, 0x38, 0x81, 0xfe, 0x41, 0xfe, 0x41, 0x38, 0x81, 
    0x38, 0x81, 0x38, 0x81, 0x38, 0x81, 0x38, 0x81, 0x38, 0x81, 0x38, 0x81, 0x07, 0xe0, 0x07, 0xe0, 
    0x07, 0xe0, 0x38, 0x81, 0xfe, 0x41, 0xfe, 0x41, 0xfe, 0x41, 0xfe, 0x41, 0xfe, 0x41, 0xfe, 0x41, 
    0xfe, 0x41, 0xfe, 0x41, 0x38, 0x81, 0x38, 0x81, 0x38, 0x81, 0x38, 0x81, 0x38, 0x81, 0x38, 0x81, 
    0x38, 0x81, 0x38, 0x81, 0x07, 0xe0, 0x07, 0xe0, 0x07, 0xe0, 0x38, 0x81, 0x00, 0x00, 0x00, 0x00, 
    0xfe, 0x41, 0xfe, 0x41, 0xfe, 0x41, 0xfe, 0x41, 0xfe, 0x41, 0x38, 0x81, 0x38, 0x81, 0x38, 0x81, 
    0x38, 0x81, 0x38, 0x81, 0x38, 0x81, 0x38, 0x81, 0x38, 0x81, 0x07, 0xe0, 0x07, 0xe0, 0x07, 0xe0, 
    0x07, 0xe0, 0x07, 0xe0, 0x38, 0x81, 0xfe, 0x41, 0xfe, 0x41, 0xfe, 0x41, 0xfe, 0x41, 0xfe, 0x41, 
    0xfe, 0x41, 0x38, 0x81, 0x38, 0x81, 0x38, 0x81, 0x38, 0x81, 0x38, 0x81, 0x38, 0x81, 0x07, 0xe0, 
    0x38, 0x81, 0x07, 0xe0, 0x07, 0xe0, 0x07, 0xe0, 0x07, 0xe0, 0x07, 0xe0, 0x07, 0xe0, 0x38, 0x81, 
    0x38, 0x81, 0x38, 0x81, 0x38, 0x81, 0x38, 0x81, 0xfe, 0x41, 0xfe, 0x41, 0x38, 0x81, 0x38, 0x81, 
    0x07, 0xe0, 0x38, 0x81, 0x07, 0xe0, 0x07, 0xe0, 0x07, 0xe0, 0x07, 0xe0, 0x07, 0xe0, 0x07, 0xe0, 
    0x07, 0xe0, 0x07, 0xe0, 0x07, 0xe0, 0x07, 0xe0, 0x07, 0xe0, 0x07, 0xe0, 0x07, 0xe0, 0x38, 0x81, 
    0xfe, 0x41, 0xfe, 0x41, 0x38, 0x81, 0x07, 0xe0, 0x07, 0xe0, 0x07, 0xe0, 0x07, 0xe0, 0x07, 0xe0, 
    0x07, 0xe0, 0x07, 0xe0, 0x07, 0xe0, 0x07, 0xe0, 0x07, 0xe0, 0x07, 0xe0, 0x07, 0xe0, 0x07, 0xe0, 
    0x07, 0xe0, 0x07, 0xe0, 0x07, 0xe0, 0x38, 0x81, 0x38, 0x81, 0x38, 0x81, 0x38, 0x81, 0x07, 0xe0, 
    0x07, 0xe0, 0x07, 0xe0, 0x07, 0xe0, 0x07, 0xe0, 0x07, 0xe0, 0x07, 0xe0, 0x07, 0xe0, 0x07, 0xe0, 
    0x07, 0xe0, 0x07, 0xe0, 0x07, 0xe0, 0x07, 0xe0, 0x07, 0xe0, 0x07, 0xe0, 0x38, 0x81, 0x38, 0x81, 
    0x38, 0x81, 0x65, 0x3c, 0x38, 0x81, 0x38, 0x81, 0x07, 0xe0, 0x07, 0xe0, 0x07, 0xe0, 0x07, 0xe0, 
    0x07, 0xe0, 0x07, 0xe0, 0x07, 0xe0, 0x07, 0xe0, 0x07, 0xe0, 0x07, 0xe0, 0x07, 0xe0, 0x07, 0xe0, 
    0x07, 0xe0, 0x38, 0x81, 0x65, 0x3c, 0x65, 0x3c, 0x65, 0x3c, 0x65, 0x3c, 0x38, 0x81, 0x65, 0x3c, 
    0x38, 0x81, 0x07, 0xe0, 0x07, 0xe0, 0x07, 0xe0, 0x07, 0xe0, 0x07, 0xe0, 0x07, 0xe0, 0x07, 0xe0, 
    0x07, 0xe0, 0x07, 0xe0, 0x07, 0xe0, 0x07, 0xe0, 0x07, 0xe0, 0x38, 0x81, 0xe0, 0x3f, 0xe0, 0x3f, 
    0x38, 0x81, 0x65, 0x3c, 0x38, 0x81, 0xe0, 0x3f, 0x38, 0x81, 0x07, 0xe0, 0x07, 0xe0, 0x07, 0xe0, 
    0x07, 0xe0, 0x07, 0xe0, 0x07, 0xe0, 0x07, 0xe0, 0x07, 0xe0, 0x07, 0xe0, 0x07, 0xe0, 0x07, 0xe0, 
    0x38, 0x81, 0x65, 0x3c, 0x65, 0x3c, 0x65, 0x3c, 0x38, 0x81, 0x65, 0x3c, 0x38, 0x81, 0x65, 0x3c, 
    0x38, 0x81, 0x07, 0xe0, 0x07, 0xe0, 0x07, 0xe0, 0x07, 0xe0, 0x07, 0xe0, 0x07, 0xe0, 0x07, 0xe0, 
    0x07, 0xe0, 0x07, 0xe0, 0x07, 0xe0, 0x07, 0xe0, 0x38, 0x81, 0xe0, 0x3f, 0xe0, 0x3f, 0xe0, 0x3f, 
    0x38, 0x81, 0x38, 0x81, 0x38, 0x81, 0xe0, 0x3f, 0x38, 0x81, 0x07, 0xe0, 0x07, 0xe0, 0x07, 0xe0, 
    0x07, 0xe0, 0x07, 0xe0, 0x07, 0xe0, 0x07, 0xe0, 0x07, 0xe0, 0x07, 0xe0, 0x07, 0xe0, 0x07, 0xe0, 
    0x38, 0x81, 0x65, 0x3c, 0x65, 0x3c, 0x38, 0x81, 0xfe, 0x41, 0xfe, 0x41, 0x38, 0x81, 0x65, 0x3c, 
    0x38, 0x81, 0x07, 0xe0, 0x07, 0xe0, 0x07, 0xe0, 0x07, 0xe0, 0x07, 0xe0, 0x07, 0xe0, 0x07, 0xe0, 
    0x07, 0xe0, 0x07, 0xe0, 0x07, 0xe0, 0x07, 0xe0, 0x38, 0x81, 0x65, 0x3c, 0x65, 0x3c, 0x38, 0x81, 
    0xfe, 0x41, 0xfe, 0x41, 0x38, 0x81, 0x65, 0x3c, 0x38, 0x81, 0x07, 0xe0, 0x07, 0xe0, 0x07, 0xe0, 
    0x07, 0xe0, 0x07, 0xe0, 0x07, 0xe0, 0x07, 0xe0, 0x07, 0xe0, 0x07, 0xe0, 0x07, 0xe0, 0x07, 0xe0, 
    0x07, 0xe0, 0x38, 0x81, 0x65, 0x3c, 0x65, 0x3c, 0x38, 0x81, 0x38, 0x81, 0x65, 0x3c, 0x65, 0x3c, 
    0x38, 0x81, 0x07, 0xe0, 0x07, 0xe0, 0x07, 0xe0, 0x07, 0xe0, 0x07, 0xe0, 0x07, 0xe0, 0x07, 0xe0, 
    0x07, 0xe0, 0x07, 0xe0, 0x07, 0xe0, 0x07, 0xe0, 0x07, 0xe0, 0x07, 0xe0, 0x38, 0x81, 0x65, 0x3c, 
    0x65, 0x3c, 0x65, 0x3c, 0x65, 0x3c, 0x38, 0x81, 0x07, 0xe0, 0x07, 0xe0, 0x07, 0xe0, 0x07, 0xe0, 
    0x07, 0xe0, 0x07, 0xe0, 0x07, 0xe0, 0x07, 0xe0, 0x07, 0xe0, 0x07, 0xe0, 0x07, 0xe0, 0x07, 0xe0, 
    0x07, 0xe0, 0x07, 0xe0, 0x38, 0x81, 0x38, 0x81, 0x38, 0x81, 0x38, 0x81, 0x38, 0x81, 0x38, 0x81, 
    0x07, 0xe0, 0x07, 0xe0, 0x07, 0xe0, 0x07, 0xe0, 0x07, 0xe0, 0x07, 0xe0, 0x07, 0xe0, 0x07, 0xe0, 
    0x07, 0xe0, 0x07, 0xe0, 0x07, 0xe0, 0x07, 0xe0, 0x07, 0xe0, 0x07, 0xe0, 0x07, 0xe0, 0x38, 0x81, 
    0x38, 0x81, 0x38, 0x81, 0x38, 0x81, 0x07, 0xe0, 0x07, 0xe0, 0x07, 0xe0, 0x07, 0xe0, 0x07, 0xe0, 
    0x07, 0xe0, 0x07, 0xe0, 0x07, 0xe0, 0x07, 0xe0, 0x07, 0xe0, 0x07, 0xe0, 0x07, 0xe0, 0x07, 0xe0, 
    0x07, 0xe0, 0x07, 0xe0, 0x38, 0x81, 0x38, 0x81, 0x38, 0x81, 0x38, 0x81, 0x38, 0x81, 0x07, 0xe0, 
    0x07, 0xe0, 0x07, 0xe0, 0x07, 0xe0, 0x07, 0xe0, 0x07, 0xe0, 0x07, 0xe0, 0x07, 0xe0, 0x07, 0xe0, 
};

hagl_bitmap_t friskWalkA1 = {
    .width = 20,
    .height = 30,
    .depth = 16, // RGB565 is 16-bit
    .buffer = friskWalkA1buf,
};

// Image: friskWalkA2.png (20x30)
unsigned char friskWalkA2buf[] = {
    0x07, 0xe0, 0x07, 0xe0, 0x07, 0xe0, 0x07, 0xe0, 0x07, 0xe0, 0x07, 0xe0, 0x07, 0xe0, 0x07, 0xe0, 
    0x07, 0xe0, 0x07, 0xe0, 0x07, 0xe0, 0x07, 0xe0, 0x07, 0xe0, 0x07, 0xe0, 0x07, 0xe0, 0x07, 0xe0, 
    0x07, 0xe0, 0x07, 0xe0, 0x07, 0xe0, 0x07, 0xe0, 0x07, 0xe0, 0x07, 0xe0, 0x07, 0xe0, 0x07, 0xe0, 
    0x07, 0xe0, 0x07, 0xe0, 0x07, 0xe0, 0x07, 0xe0, 0x07, 0xe0, 0x07, 0xe0, 0x07, 0xe0, 0x07, 0xe0, 
    0x07, 0xe0, 0x07, 0xe0, 0x07, 0xe0, 0x07, 0xe0, 0x07, 0xe0, 0x07, 0xe0, 0x07, 0xe0, 0x07, 0xe0, 
    0x07, 0xe0, 0x07, 0xe0, 0x07, 0xe0, 0x07, 0xe0, 0x07, 0xe0, 0x38, 0x81, 0x38, 0x81, 0x38, 0x81, 
    0x38, 0x81, 0x38, 0x81, 0x38, 0x81, 0x38, 0x81, 0x38, 0x81, 0x38, 0x81, 0x07, 0xe0, 0x07, 0xe0, 
    0x07, 0xe0, 0x07, 0xe0, 0x07, 0xe0, 0x07, 0xe0, 0x07, 0xe0, 0x07, 0xe0, 0x07, 0xe0, 0x38, 0x81, 
    0x38, 0x81, 0x38, 0x81, 0x38, 0x81, 0x38, 0x81, 0x38, 0x81, 0x38, 0x81, 0x38, 0x81, 0x38, 0x81, 
    0x38, 0x81, 0x38, 0x81, 0x38, 0x81, 0x07, 0xe0, 0x07, 0xe0, 0x07, 0xe0, 0x07, 0xe0, 0x07, 0xe0, 
    0x07, 0xe0, 0x07, 0xe0, 0x38, 0x81, 0x38, 0x81, 0x38, 0x81, 0x38, 0x81, 0x38, 0x81, 0x38, 0x81, 
    0x38, 0x81, 0x38, 0x81, 0x38, 0x81, 0x38, 0x81, 0x38, 0x81, 0x38, 0x81, 0x38, 0x81, 0x38, 0x81, 
    0x07, 0xe0, 0x07, 0xe0, 0x07, 0xe0, 0x07, 0xe0, 0x07, 0xe0, 0x38, 0x81, 0x38, 0x81, 0x38, 0x81, 
    0x38, 0x81, 0x38, 0x81, 0x38, 0x81, 0x38, 0x81, 0x38, 0x81, 0x38, 0x81, 0x38, 0x81, 0x38, 0x81, 
    0x38, 0x81, 0x38, 0x81, 0x38, 0x81, 0x38, 0x81, 0x38, 0x81, 0x07, 0xe0, 0x07, 0xe0, 0x07, 0xe0, 
    0x07, 0xe0, 0x38, 0x81, 0x38, 0x81, 0x38, 0x81, 0x38, 0x81, 0x38, 0x81, 0x38, 0x81, 0x38, 0x81, 
    0x38, 0x81, 0x38, 0x81, 0x38, 0x81, 0x38, 0x81, 0x38, 0x81, 0x38, 0x81, 0x38, 0x81, 0x38, 0x81, 
    0x38, 0x81, 0x07, 0xe0, 0x07, 0xe0, 0x07, 0xe0, 0x07, 0xe0, 0x38, 0x81, 0x38, 0x81, 0x38, 0x81, 
    0xfe, 0x41, 0x38, 0x81, 0xfe, 0x41, 0x38, 0x81, 0x38, 0x81, 0x38, 0x81, 0x38, 0x81, 0x38, 0x81, 
    0x38, 0x81, 0x38, 0x81, 0x38, 0x81, 0x38, 0x81, 0x38, 0x81, 0x38, 0x81, 0x07, 0xe0, 0x07, 0xe0, 
    0x07, 0xe0, 0x07, 0xe0, 0x38, 0x81, 0x38, 0x81, 0xfe, 0x41, 0x38, 0x81, 0xfe, 0x41, 0xfe, 0x41, 
    0x38, 0x81, 0x38, 0x81, 0x38, 0x81, 0x38, 0x81, 0x38, 0x81, 0x38, 0x81, 0x38, 0x81, 0x38, 0x81, 
    0x38, 0x81, 0x38, 0x81, 0x07, 0xe0, 0x07, 0xe0, 0x07, 0xe0, 0x07, 0xe0, 0x38, 0x81, 0xfe, 0x41, 
    0xfe, 0x41, 0xfe, 0x41, 0xfe, 0x41, 0xfe, 0x41, 0x38, 0x81, 0x38, 0x81, 0x38, 0x81, 0x38, 0x81, 
    0x38, 0x81, 0x38, 0x81, 0x38, 0x81, 0x38, 0x81, 0x38, 0x81, 0x38, 0x81, 0x07, 0xe0, 0x07, 0xe0, 
    0x07, 0xe0, 0x07, 0xe0, 0x38, 0x81, 0xfe, 0x41, 0xfe, 0x41, 0xfe, 0x41, 0xfe, 0x41, 0xfe, 0x41, 
    0x38, 0x81, 0x38, 0x81, 0xfe, 0x41, 0xfe, 0x41, 0x38, 0x81, 0x38, 0x81, 0x38, 0x81, 0x38, 0x81, 
    0x38, 0x81, 0x38, 0x81, 0x07, 0xe0, 0x07, 0xe0, 0x07, 0xe0, 0x07, 0xe0, 0x38, 0x81, 0xfe, 0x41, 
    0x00, 0x00, 0x00, 0x00, 0xfe, 0x41, 0xfe, 0x41, 0x38, 0x81, 0xfe, 0x41, 0xfe, 0x41, 0xfe, 0x41, 
    0x38, 0x81, 0x38, 0x81, 0x38, 0x81, 0x38, 0x81, 0x38, 0x81, 0x38, 0x81, 0x07, 0xe0, 0x07, 0xe0, 
    0x07, 0xe0, 0x38, 0x81, 0xfe, 0x41, 0xfe, 0x41, 0xfe, 0x41, 0xfe, 0x41, 0xfe, 0x41, 0xfe, 0x41, 
    0x38, 0x81, 0xfe, 0x41, 0xfe, 0x41, 0x38, 0x81, 0x38, 0x81, 0x38, 0x81, 0x38, 0x81, 0x38, 0x81, 
    0x38, 0x81, 0x38, 0x81, 0x07, 0xe0, 0x07, 0xe0, 0x07, 0xe0, 0x38, 0x81, 0xfe, 0x41, 0xfe, 0x41, 
    0xfe, 0x41, 0xfe, 0x41, 0xfe, 0x41, 0xfe, 0x41, 0xfe, 0x41, 0xfe, 0x41, 0x38, 0x81, 0x38, 0x81, 
    0x38, 0x81, 0x38, 0x81, 0x38, 0x81, 0x38, 0x81, 0x38, 0x81, 0x38, 0x81, 0x07, 0xe0, 0x07, 0xe0, 
    0x07, 0xe0, 0x38, 0x81, 0x00, 0x00, 0x00, 0x00, 0xfe, 0x41, 0xfe, 0x41, 0xfe, 0x41, 0xfe, 0x41, 
    0xfe, 0x41, 0x38, 0x81, 0x38, 0x81, 0x38, 0x81, 0x38, 0x81, 0x38, 0x81, 0x38, 0x81, 0x38, 0x81, 
    0x38, 0x81, 0x07, 0xe0, 0x07, 0xe0, 0x07, 0xe0, 0x07, 0xe0, 0x07, 0xe0, 0x38, 0x81, 0xfe, 0x41, 
    0xfe, 0x41, 0xfe, 0x41, 0xfe, 0x41, 0xfe, 0x41, 0xfe, 0x41, 0x38, 0x81, 0x38, 0x81, 0x38, 0x81, 
    0x38, 0x81, 0x38, 0x81, 0x38, 0x81, 0x07, 0xe0, 0x38, 0x81, 0x07, 0xe0, 0x07, 0xe0, 0x07, 0xe0, 
    0x07, 0xe0, 0x07, 0xe0, 0x07, 0xe0, 0x38, 0x81, 0x38, 0x81, 0x38, 0x81, 0x38, 0x81, 0x38, 0x81, 
    0xfe, 0x41, 0xfe, 0x41, 0x38, 0x81, 0x38, 0x81, 0x07, 0xe0, 0x38, 0x81, 0x07, 0xe0, 0x07, 0xe0, 
    0x07, 0xe0, 0x07, 0xe0, 0x07, 0xe0, 0x07, 0xe0, 0x07, 0xe0, 0x07, 0xe0, 0x07, 0xe0, 0x07, 0xe0, 
    0x07, 0xe0, 0x07, 0xe0, 0x07, 0xe0, 0x38, 0x81, 0xfe, 0x41, 0xfe, 0x41, 0x38, 0x81, 0x07, 0xe0, 
    0x07, 0xe0, 0x07, 0xe0, 0x07, 0xe0, 0x07, 0xe0, 0x07, 0xe0, 0x07, 0xe0, 0x07, 0xe0, 0x07, 0xe0, 
    0x07, 0xe0, 0x07, 0xe0, 0x07, 0xe0, 0x07, 0xe0, 0x07, 0xe0, 0x07, 0xe0, 0x07, 0xe0, 0x38, 0x81, 
    0x38, 0x81, 0x38, 0x81, 0x38, 0x81, 0x07, 0xe0, 0x07, 0xe0, 0x07, 0xe0, 0x07, 0xe0, 0x07, 0xe0, 
    0x07, 0xe0, 0x07, 0xe0, 0x07, 0xe0, 0x07, 0xe0, 0x07, 0xe0, 0x07, 0xe0, 0x07, 0xe0, 0x07, 0xe0, 
    0x07, 0xe0, 0x07, 0xe0, 0x38, 0x81, 0x38, 0x81, 0x38, 0x81, 0x65, 0x3c, 0x38, 0x81, 0x38, 0x81, 
    0x07, 0xe0, 0x07, 0xe0, 0x07, 0xe0, 0x07, 0xe0, 0x07, 0xe0, 0x07, 0xe0, 0x07, 0xe0, 0x07, 0xe0, 
    0x07, 0xe0, 0x07, 0xe0, 0x07, 0xe0, 0x07, 0xe0, 0x07, 0xe0, 0x38, 0x81, 0x65, 0x3c, 0x65, 0x3c, 
    0x65, 0x3c, 0x65, 0x3c, 0x38, 0x81, 0x65, 0x3c, 0x38, 0x81, 0x07, 0xe0, 0x07, 0xe0, 0x07, 0xe0, 
    0x07, 0xe0, 0x07, 0xe0, 0x07, 0xe0, 0x07, 0xe0, 0x07, 0xe0, 0x07, 0xe0, 0x07, 0xe0, 0x07, 0xe0, 
    0x07, 0xe0, 0x38, 0x81, 0xe0, 0x3f, 0xe0, 0x3f, 0x38, 0x81, 0x65, 0x3c, 0x38, 0x81, 0xe0, 0x3f, 
    0x38, 0x81, 0x07, 0xe0, 0x07, 0xe0, 0x07, 0xe0, 0x07, 0xe0, 0x07, 0xe0, 0x07, 0xe0, 0x07, 0xe0, 
    0x07, 0xe0, 0x07, 0xe0, 0x07, 0xe0, 0x07, 0xe0, 0x38, 0x81, 0x65, 0x3c, 0x65, 0x3c, 0x38, 0x81, 
    0x38, 0x81, 0x65, 0x3c, 0x38, 0x81, 0x65, 0x3c, 0x38, 0x81, 0x07, 0xe0, 0x07, 0xe0, 0x07, 0xe0, 
    0x07, 0xe0, 0x07, 0xe0, 0x07, 0xe0, 0x07, 0xe0, 0x07, 0xe0, 0x07, 0xe0, 0x07, 0xe0, 0x07, 0xe0, 
    0x38, 0x81, 0xe0, 0x3f, 0x38, 0x81, 0xfe, 0x41, 0xfe, 0x41, 0x38, 0x81, 0x38, 0x81, 0xe0, 0x3f, 
    0x38, 0x81, 0x07, 0xe0, 0x07, 0xe0, 0x07, 0xe0, 0x07, 0xe0, 0x07, 0xe0, 0x07, 0xe0, 0x07, 0xe0, 
    0x07, 0xe0, 0x07, 0xe0, 0x07, 0xe0, 0x07, 0xe0, 0x38, 0x81, 0x65, 0x3c, 0x38, 0x81, 0xfe, 0x41, 
    0xfe, 0x41, 0x38, 0x81, 0x65, 0x3c, 0x65, 0x3c, 0x38, 0x81, 0x07, 0xe0, 0x07, 0xe0, 0x07, 0xe0, 
    0x07, 0xe0, 0x07, 0xe0, 0x07, 0xe0, 0x07, 0xe0, 0x07, 0xe0, 0x07, 0xe0, 0x07, 0xe0, 0x07, 0xe0, 
    0x38, 0x81, 0x65, 0x3c, 0x65, 0x3c, 0x38, 0x81, 0x38, 0x81, 0x65, 0x3c, 0x65, 0x3c, 0x65, 0x3c, 
    0x38, 0x81, 0x07, 0xe0, 0x07, 0xe0, 0x07, 0xe0, 0x07, 0xe0, 0x07, 0xe0, 0x07, 0xe0, 0x07, 0xe0, 
    0x07, 0xe0, 0x07, 0xe0, 0x07, 0xe0, 0x07, 0xe0, 0x07, 0xe0, 0x38, 0x81, 0x65, 0x3c, 0x65, 0x3c, 
    0x65, 0x3c, 0x65, 0x3c, 0x65, 0x3c, 0x38, 0x81, 0x38, 0x81, 0x07, 0xe0, 0x07, 0xe0, 0x07, 0xe0, 
    0x07, 0xe0, 0x07, 0xe0, 0x07, 0xe0, 0x07, 0xe0, 0x07, 0xe0, 0x07, 0xe0, 0x38, 0x81, 0x38, 0x81, 
    0x07, 0xe0, 0x38, 0x81, 0x38, 0x81, 0x38, 0x81, 0x07, 0xe0, 0x38, 0x81, 0x38, 0x81, 0x38, 0x81, 
    0x38, 0x81, 0x38, 0x81, 0x07, 0xe0, 0x07, 0xe0, 0x07, 0xe0, 0x07, 0xe0, 0x07, 0xe0, 0x07, 0xe0, 
    0x07, 0xe0, 0x07, 0xe0, 0x07, 0xe0, 0x38, 0x81, 0x38, 0x81, 0x38, 0x81, 0x38, 0x81, 0x38, 0x81, 
    0x07, 0xe0, 0x07, 0xe0, 0x38, 0x81, 0x38, 0x81, 0x38, 0x81, 0x38, 0x81, 0x07, 0xe0, 0x07, 0xe0, 
    0x07, 0xe0, 0x07, 0xe0, 0x07, 0xe0, 0x07, 0xe0, 0x07, 0xe0, 0x07, 0xe0, 0x07, 0xe0, 0x07, 0xe0, 
    0x38, 0x81, 0x38, 0x81, 0x38, 0x81, 0x07, 0xe0, 0x07, 0xe0, 0x38, 0x81, 0x38, 0x81, 0x38, 0x81, 
    0x38, 0x81, 0x07, 0xe0, 0x07, 0xe0, 0x07, 0xe0, 0x07, 0xe0, 0x07, 0xe0, 0x07, 0xe0, 0x07, 0xe0, 
};

hagl_bitmap_t friskWalkA2 = {
    .width = 20,
    .height = 30,
    .depth = 16, // RGB565 is 16-bit
    .buffer = friskWalkA2buf,
};

// Image: friskWalkD1.png (20x30)
unsigned char friskWalkD1buf[] = {
    0x07, 0xe0, 0x07, 0xe0, 0x07, 0xe0, 0x07, 0xe0, 0x07, 0xe0, 0x07, 0xe0, 0x07, 0xe0, 0x07, 0xe0, 
    0x07, 0xe0, 0x07, 0xe0, 0x07, 0xe0, 0x07, 0xe0, 0x07, 0xe0, 0x07, 0xe0, 0x07, 0xe0, 0x07, 0xe0, 
    0x07, 0xe0, 0x07, 0xe0, 0x07, 0xe0, 0x07, 0xe0, 0x07, 0xe0, 0x07, 0xe0, 0x07, 0xe0, 0x07, 0xe0, 
    0x07, 0xe0, 0x38, 0x81, 0x38, 0x81, 0x38, 0x81, 0x38, 0x81, 0x38, 0x81, 0x38, 0x81, 0x38, 0x81, 
    0x38, 0x81, 0x38, 0x81, 0x07, 0xe0, 0x07, 0xe0, 0x07, 0xe0, 0x07, 0xe0, 0x07, 0xe0, 0x07, 0xe0, 
    0x07, 0xe0, 0x07, 0xe0, 0x07, 0xe0, 0x07, 0xe0, 0x38, 0x81, 0x38, 0x81, 0x38, 0x81, 0x38, 0x81, 
    0x38, 0x81, 0x38, 0x81, 0x38, 0x81, 0x38, 0x81, 0x38, 0x81, 0x38, 0x81, 0x38, 0x81, 0x38, 0x81, 
    0x07, 0xe0, 0x07, 0xe0, 0x07, 0xe0, 0x07, 0xe0, 0x07, 0xe0, 0x07, 0xe0, 0x07, 0xe0, 0x38, 0x81, 
    0x38, 0x81, 0x38, 0x81, 0x38, 0x81, 0x38, 0x81, 0x38, 0x81, 0x38, 0x81, 0x38, 0x81, 0x38, 0x81, 
    0x38, 0x81, 0x38, 0x81, 0x38, 0x81, 0x38, 0x81, 0x38, 0x81, 0x07, 0xe0, 0x07, 0xe0, 0x07, 0xe0, 
    0x07, 0xe0, 0x07, 0xe0, 0x38, 0x81, 0x38, 0x81, 0x38, 0x81, 0x38, 0x81, 0x38, 0x81, 0x38, 0x81, 
    0x38, 0x81, 0x38, 0x81, 0x38, 0x81, 0x38, 0x81, 0x38, 0x81, 0x38, 0x81, 0x38, 0x81, 0x38, 0x81, 
    0x38, 0x81, 0x38, 0x81, 0x07, 0xe0, 0x07, 0xe0, 0x07, 0xe0, 0x07, 0xe0, 0x38, 0x81, 0x38, 0x81, 
    0x38, 0x81, 0x38, 0x81, 0x38, 0x81, 0x38, 0x81, 0x38, 0x81, 0x38, 0x81, 0x38, 0x81, 0x38, 0x81, 
    0x38, 0x81, 0x38, 0x81, 0x38, 0x81, 0x38, 0x81, 0x38, 0x81, 0x38, 0x81, 0x07, 0xe0, 0x07, 0xe0, 
    0x07, 0xe0, 0x38, 0x81, 0x38, 0x81, 0x38, 0x81, 0x38, 0x81, 0x38, 0x81, 0x38, 0x81, 0x38, 0x81, 
    0x38, 0x81, 0x38, 0x81, 0x38, 0x81, 0x38, 0x81, 0xfe, 0x41, 0x38, 0x81, 0xfe, 0x41, 0x38, 0x81, 
    0x38, 0x81, 0x38, 0x81, 0x07, 0xe0, 0x07, 0xe0, 0x07, 0xe0, 0x38, 0x81, 0x38, 0x81, 0x38, 0x81, 
    0x38, 0x81, 0x38, 0x81, 0x38, 0x81, 0x38, 0x81, 0x38, 0x81, 0x38, 0x81, 0x38, 0x81, 0xfe, 0x41, 
    0xfe, 0x41, 0x38, 0x81, 0xfe, 0x41, 0x38, 0x81, 0x38, 0x81, 0x07, 0xe0, 0x07, 0xe0, 0x07, 0xe0, 
    0x07, 0xe0, 0x38, 0x81, 0x38, 0x81, 0x38, 0x81, 0x38, 0x81, 0x38, 0x81, 0x38, 0x81, 0x38, 0x81, 
    0x38, 0x81, 0x38, 0x81, 0x38, 0x81, 0xfe, 0x41, 0xfe, 0x41, 0xfe, 0x41, 0xfe, 0x41, 0xfe, 0x41, 
    0x38, 0x81, 0x07, 0xe0, 0x07, 0xe0, 0x07, 0xe0, 0x07, 0xe0, 0x38, 0x81, 0x38, 0x81, 0x38, 0x81, 
    0x38, 0x81, 0x38, 0x81, 0x38, 0x81, 0xfe, 0x41, 0xfe, 0x41, 0x38, 0x81, 0x38, 0x81, 0xfe, 0x41, 
    0xfe, 0x41, 0xfe, 0x41, 0xfe, 0x41, 0xfe, 0x41, 0x38, 0x81, 0x07, 0xe0, 0x07, 0xe0, 0x07, 0xe0, 
    0x07, 0xe0, 0x38, 0x81, 0x38, 0x81, 0x38, 0x81, 0x38, 0x81, 0x38, 0x81, 0x38, 0x81, 0xfe, 0x41, 
    0xfe, 0x41, 0xfe, 0x41, 0x38, 0x81, 0xfe, 0x41, 0xfe, 0x41, 0x00, 0x00, 0x00, 0x00, 0xfe, 0x41, 
    0x38, 0x81, 0x07, 0xe0, 0x07, 0xe0, 0x07, 0xe0, 0x07, 0xe0, 0x38, 0x81, 0x38, 0x81, 0x38, 0x81, 
    0x38, 0x81, 0x38, 0x81, 0x38, 0x81, 0x38, 0x81, 0xfe, 0x41, 0xfe, 0x41, 0x38, 0x81, 0xfe, 0x41, 
    0xfe, 0x41, 0xfe, 0x41, 0xfe, 0x41, 0xfe, 0x41, 0xfe, 0x41, 0x38, 0x81, 0x07, 0xe0, 0x07, 0xe0, 
    0x07, 0xe0, 0x38, 0x81, 0x38, 0x81, 0x38, 0x81, 0x38, 0x81, 0x38, 0x81, 0x38, 0x81, 0x38, 0x81, 
    0x38, 0x81, 0xfe, 0x41, 0xfe, 0x41, 0xfe, 0x41, 0xfe, 0x41, 0xfe, 0x41, 0xfe, 0x41, 0xfe, 0x41, 
    0xfe, 0x41, 0x38, 0x81, 0x07, 0xe0, 0x07, 0xe0, 0x07, 0xe0, 0x07, 0xe0, 0x38, 0x81, 0x38, 0x81, 
    0x38, 0x81, 0x38, 0x81, 0x38, 0x81, 0x38, 0x81, 0x38, 0x81, 0x38, 0x81, 0xfe, 0x41, 0xfe, 0x41, 
    0xfe, 0x41, 0xfe, 0x41, 0xfe, 0x41, 0x00, 0x00, 0x00, 0x00, 0x38, 0x81, 0x07, 0xe0, 0x07, 0xe0, 
    0x07, 0xe0, 0x07, 0xe0, 0x38, 0x81, 0x07, 0xe0, 0x38, 0x81, 0x38, 0x81, 0x38, 0x81, 0x38, 0x81, 
    0x38, 0x81, 0x38, 0x81, 0xfe, 0x41, 0xfe, 0x41, 0xfe, 0x41, 0xfe, 0x41, 0xfe, 0x41, 0xfe, 0x41, 
    0x38, 0x81, 0x07, 0xe0, 0x07, 0xe0, 0x07, 0xe0, 0x07, 0xe0, 0x07, 0xe0, 0x07, 0xe0, 0x07, 0xe0, 
    0x07, 0xe0, 0x38, 0x81, 0x07, 0xe0, 0x38, 0x81, 0x38, 0x81, 0xfe, 0x41, 0xfe, 0x41, 0x38, 0x81, 
    0x38, 0x81, 0x38, 0x81, 0x38, 0x81, 0x38, 0x81, 0x07, 0xe0, 0x07, 0xe0, 0x07, 0xe0, 0x07, 0xe0, 
    0x07, 0xe0, 0x07, 0xe0, 0x07, 0xe0, 0x07, 0xe0, 0x07, 0xe0, 0x07, 0xe0, 0x07, 0xe0, 0x07, 0xe0, 
    0x38, 0x81, 0xfe, 0x41, 0xfe, 0x41, 0x38, 0x81, 0x07, 0xe0, 0x07, 0xe0, 0x07, 0xe0, 0x07, 0xe0, 
    0x07, 0xe0, 0x07, 0xe0, 0x07, 0xe0, 0x07, 0xe0, 0x07, 0xe0, 0x07, 0xe0, 0x07, 0xe0, 0x07, 0xe0, 
    0x07, 0xe0, 0x07, 0xe0, 0x07, 0xe0, 0x07, 0xe0, 0x38, 0x81, 0x38, 0x81, 0x38, 0x81, 0x38, 0x81, 
    0x07, 0xe0, 0x07, 0xe0, 0x07, 0xe0, 0x07, 0xe0, 0x07, 0xe0, 0x07, 0xe0, 0x07, 0xe0, 0x07, 0xe0, 
    0x07, 0xe0, 0x07, 0xe0, 0x07, 0xe0, 0x07, 0xe0, 0x07, 0xe0, 0x07, 0xe0, 0x07, 0xe0, 0x38, 0x81, 
    0x38, 0x81, 0x65, 0x3c, 0x38, 0x81, 0x38, 0x81, 0x38, 0x81, 0x07, 0xe0, 0x07, 0xe0, 0x07, 0xe0, 
    0x07, 0xe0, 0x07, 0xe0, 0x07, 0xe0, 0x07, 0xe0, 0x07, 0xe0, 0x07, 0xe0, 0x07, 0xe0, 0x07, 0xe0, 
    0x07, 0xe0, 0x07, 0xe0, 0x38, 0x81, 0x65, 0x3c, 0x38, 0x81, 0x65, 0x3c, 0x65, 0x3c, 0x65, 0x3c, 
    0x65, 0x3c, 0x38, 0x81, 0x07, 0xe0, 0x07, 0xe0, 0x07, 0xe0, 0x07, 0xe0, 0x07, 0xe0, 0x07, 0xe0, 
    0x07, 0xe0, 0x07, 0xe0, 0x07, 0xe0, 0x07, 0xe0, 0x07, 0xe0, 0x07, 0xe0, 0x38, 0x81, 0xe0, 0x3f, 
    0x38, 0x81, 0x65, 0x3c, 0x38, 0x81, 0xe0, 0x3f, 0xe0, 0x3f, 0x38, 0x81, 0x07, 0xe0, 0x07, 0xe0, 
    0x07, 0xe0, 0x07, 0xe0, 0x07, 0xe0, 0x07, 0xe0, 0x07, 0xe0, 0x07, 0xe0, 0x07, 0xe0, 0x07, 0xe0, 
    0x07, 0xe0, 0x07, 0xe0, 0x38, 0x81, 0x65, 0x3c, 0x38, 0x81, 0x65, 0x3c, 0x38, 0x81, 0x65, 0x3c, 
    0x65, 0x3c, 0x65, 0x3c, 0x38, 0x81, 0x07, 0xe0, 0x07, 0xe0, 0x07, 0xe0, 0x07, 0xe0, 0x07, 0xe0, 
    0x07, 0xe0, 0x07, 0xe0, 0x07, 0xe0, 0x07, 0xe0, 0x07, 0xe0, 0x07, 0xe0, 0x38, 0x81, 0xe0, 0x3f, 
    0x38, 0x81, 0x38, 0x81, 0x38, 0x81, 0xe0, 0x3f, 0xe0, 0x3f, 0xe0, 0x3f, 0x38, 0x81, 0x07, 0xe0, 
    0x07, 0xe0, 0x07, 0xe0, 0x07, 0xe0, 0x07, 0xe0, 0x07, 0xe0, 0x07, 0xe0, 0x07, 0xe0, 0x07, 0xe0, 
    0x07, 0xe0, 0x07, 0xe0, 0x38, 0x81, 0x65, 0x3c, 0x38, 0x81, 0xfe, 0x41, 0xfe, 0x41, 0x38, 0x81, 
    0x65, 0x3c, 0x65, 0x3c, 0x38, 0x81, 0x07, 0xe0, 0x07, 0xe0, 0x07, 0xe0, 0x07, 0xe0, 0x07, 0xe0, 
    0x07, 0xe0, 0x07, 0xe0, 0x07, 0xe0, 0x07, 0xe0, 0x07, 0xe0, 0x07, 0xe0, 0x38, 0x81, 0x65, 0x3c, 
    0x38, 0x81, 0xfe, 0x41, 0xfe, 0x41, 0x38, 0x81, 0x65, 0x3c, 0x65, 0x3c, 0x38, 0x81, 0x07, 0xe0, 
    0x07, 0xe0, 0x07, 0xe0, 0x07, 0xe0, 0x07, 0xe0, 0x07, 0xe0, 0x07, 0xe0, 0x07, 0xe0, 0x07, 0xe0, 
    0x07, 0xe0, 0x07, 0xe0, 0x38, 0x81, 0x65, 0x3c, 0x65, 0x3c, 0x38, 0x81, 0x38, 0x81, 0x65, 0x3c, 
    0x65, 0x3c, 0x38, 0x81, 0x07, 0xe0, 0x07, 0xe0, 0x07, 0xe0, 0x07, 0xe0, 0x07, 0xe0, 0x07, 0xe0, 
    0x07, 0xe0, 0x07, 0xe0, 0x07, 0xe0, 0x07, 0xe0, 0x07, 0xe0, 0x07, 0xe0, 0x07, 0xe0, 0x38, 0x81, 
    0x65, 0x3c, 0x65, 0x3c, 0x65, 0x3c, 0x65, 0x3c, 0x38, 0x81, 0x07, 0xe0, 0x07, 0xe0, 0x07, 0xe0, 
    0x07, 0xe0, 0x07, 0xe0, 0x07, 0xe0, 0x07, 0xe0, 0x07, 0xe0, 0x07, 0xe0, 0x07, 0xe0, 0x07, 0xe0, 
    0x07, 0xe0, 0x07, 0xe0, 0x07, 0xe0, 0x38, 0x81, 0x38, 0x81, 0x38, 0x81, 0x38, 0x81, 0x38, 0x81, 
    0x38, 0x81, 0x07, 0xe0, 0x07, 0xe0, 0x07, 0xe0, 0x07, 0xe0, 0x07, 0xe0, 0x07, 0xe0, 0x07, 0xe0, 
    0x07, 0xe0, 0x07, 0xe0, 0x07, 0xe0, 0x07, 0xe0, 0x07, 0xe0, 0x07, 0xe0, 0x07, 0xe0, 0x07, 0xe0, 
    0x38, 0x81, 0x38, 0x81, 0x38, 0x81, 0x38, 0x81, 0x07, 0xe0, 0x07, 0xe0, 0x07, 0xe0, 0x07, 0xe0, 
    0x07, 0xe0, 0x07, 0xe0, 0x07, 0xe0, 0x07, 0xe0, 0x07, 0xe0, 0x07, 0xe0, 0x07, 0xe0, 0x07, 0xe0, 
    0x07, 0xe0, 0x07, 0xe0, 0x07, 0xe0, 0x07, 0xe0, 0x38, 0x81, 0x38, 0x81, 0x38, 0x81, 0x38, 0x81, 
    0x38, 0x81, 0x07, 0xe0, 0x07, 0xe0, 0x07, 0xe0, 0x07, 0xe0, 0x07, 0xe0, 0x07, 0xe0, 0x07, 0xe0, 
};

hagl_bitmap_t friskWalkD1 = {
    .width = 20,
    .height = 30,
    .depth = 16, // RGB565 is 16-bit
    .buffer = friskWalkD1buf,
};

// Image: friskWalkD2.png (20x30)
unsigned char friskWalkD2buf[] = {
    0x07, 0xe0, 0x07, 0xe0, 0x07, 0xe0, 0x07, 0xe0, 0x07, 0xe0, 0x07, 0xe0, 0x07, 0xe0, 0x07, 0xe0, 
    0x07, 0xe0, 0x07, 0xe0, 0x07, 0xe0, 0x07, 0xe0, 0x07, 0xe0, 0x07, 0xe0, 0x07, 0xe0, 0x07, 0xe0, 
    0x07, 0xe0, 0x07, 0xe0, 0x07, 0xe0, 0x07, 0xe0, 0x07, 0xe0, 0x07, 0xe0, 0x07, 0xe0, 0x07, 0xe0, 
    0x07, 0xe0, 0x07, 0xe0, 0x07, 0xe0, 0x07, 0xe0, 0x07, 0xe0, 0x07, 0xe0, 0x07, 0xe0, 0x07, 0xe0, 
    0x07, 0xe0, 0x07, 0xe0, 0x07, 0xe0, 0x07, 0xe0, 0x07, 0xe0, 0x07, 0xe0, 0x07, 0xe0, 0x07, 0xe0, 
    0x07, 0xe0, 0x07, 0xe0, 0x07, 0xe0, 0x07, 0xe0, 0x07, 0xe0, 0x38, 0x81, 0x38, 0x81, 0x38, 0x81, 
    0x38, 0x81, 0x38, 0x81, 0x38, 0x81, 0x38, 0x81, 0x38, 0x81, 0x38, 0x81, 0x07, 0xe0, 0x07, 0xe0, 
    0x07, 0xe0, 0x07, 0xe0, 0x07, 0xe0, 0x07, 0xe0, 0x07, 0xe0, 0x07, 0xe0, 0x07, 0xe0, 0x07, 0xe0, 
    0x38, 0x81, 0x38, 0x81, 0x38, 0x81, 0x38, 0x81, 0x38, 0x81, 0x38, 0x81, 0x38, 0x81, 0x38, 0x81, 
    0x38, 0x81, 0x38, 0x81, 0x38, 0x81, 0x38, 0x81, 0x07, 0xe0, 0x07, 0xe0, 0x07, 0xe0, 0x07, 0xe0, 
    0x07, 0xe0, 0x07, 0xe0, 0x07, 0xe0, 0x38, 0x81, 0x38, 0x81, 0x38, 0x81, 0x38, 0x81, 0x38, 0x81, 
    0x38, 0x81, 0x38, 0x81, 0x38, 0x81, 0x38, 0x81, 0x38, 0x81, 0x38, 0x81, 0x38, 0x81, 0x38, 0x81, 
    0x38, 0x81, 0x07, 0xe0, 0x07, 0xe0, 0x07, 0xe0, 0x07, 0xe0, 0x07, 0xe0, 0x38, 0x81, 0x38, 0x81, 
    0x38, 0x81, 0x38, 0x81, 0x38, 0x81, 0x38, 0x81, 0x38, 0x81, 0x38, 0x81, 0x38, 0x81, 0x38, 0x81, 
    0x38, 0x81, 0x38, 0x81, 0x38, 0x81, 0x38, 0x81, 0x38, 0x81, 0x38, 0x81, 0x07, 0xe0, 0x07, 0xe0, 
    0x07, 0xe0, 0x07, 0xe0, 0x38, 0x81, 0x38, 0x81, 0x38, 0x81, 0x38, 0x81, 0x38, 0x81, 0x38, 0x81, 
    0x38, 0x81, 0x38, 0x81, 0x38, 0x81, 0x38, 0x81, 0x38, 0x81, 0x38, 0x81, 0x38, 0x81, 0x38, 0x81, 
    0x38, 0x81, 0x38, 0x81, 0x07, 0xe0, 0x07, 0xe0, 0x07, 0xe0, 0x38, 0x81, 0x38, 0x81, 0x38, 0x81, 
    0x38, 0x81, 0x38, 0x81, 0x38, 0x81, 0x38, 0x81, 0x38, 0x81, 0x38, 0x81, 0x38, 0x81, 0x38, 0x81, 
    0xfe, 0x41, 0x38, 0x81, 0xfe, 0x41, 0x38, 0x81, 0x38, 0x81, 0x38, 0x81, 0x07, 0xe0, 0x07, 0xe0, 
    0x07, 0xe0, 0x38, 0x81, 0x38, 0x81, 0x38, 0x81, 0x38, 0x81, 0x38, 0x81, 0x38, 0x81, 0x38, 0x81, 
    0x38, 0x81, 0x38, 0x81, 0x38, 0x81, 0xfe, 0x41, 0xfe, 0x41, 0x38, 0x81, 0xfe, 0x41, 0x38, 0x81, 
    0x38, 0x81, 0x07, 0xe0, 0x07, 0xe0, 0x07, 0xe0, 0x07, 0xe0, 0x38, 0x81, 0x38, 0x81, 0x38, 0x81, 
    0x38, 0x81, 0x38, 0x81, 0x38, 0x81, 0x38, 0x81, 0x38, 0x81, 0x38, 0x81, 0x38, 0x81, 0xfe, 0x41, 
    0xfe, 0x41, 0xfe, 0x41, 0xfe, 0x41, 0xfe, 0x41, 0x38, 0x81, 0x07, 0xe0, 0x07, 0xe0, 0x07, 0xe0, 
    0x07, 0xe0, 0x38, 0x81, 0x38, 0x81, 0x38, 0x81, 0x38, 0x81, 0x38, 0x81, 0x38, 0x81, 0xfe, 0x41, 
    0xfe, 0x41, 0x38, 0x81, 0x38, 0x81, 0xfe, 0x41, 0xfe, 0x41, 0xfe, 0x41, 0xfe, 0x41, 0xfe, 0x41, 
    0x38, 0x81, 0x07, 0xe0, 0x07, 0xe0, 0x07, 0xe0, 0x07, 0xe0, 0x38, 0x81, 0x38, 0x81, 0x38, 0x81, 
    0x38, 0x81, 0x38, 0x81, 0x38, 0x81, 0xfe, 0x41, 0xfe, 0x41, 0xfe, 0x41, 0x38, 0x81, 0xfe, 0x41, 
    0xfe, 0x41, 0x00, 0x00, 0x00, 0x00, 0xfe, 0x41, 0x38, 0x81, 0x07, 0xe0, 0x07, 0xe0, 0x07, 0xe0, 
    0x07, 0xe0, 0x38, 0x81, 0x38, 0x81, 0x38, 0x81, 0x38, 0x81, 0x38, 0x81, 0x38, 0x81, 0x38, 0x81, 
    0xfe, 0x41, 0xfe, 0x41, 0x38, 0x81, 0xfe, 0x41, 0xfe, 0x41, 0xfe, 0x41, 0xfe, 0x41, 0xfe, 0x41, 
    0xfe, 0x41, 0x38, 0x81, 0x07, 0xe0, 0x07, 0xe0, 0x07, 0xe0, 0x38, 0x81, 0x38, 0x81, 0x38, 0x81, 
    0x38, 0x81, 0x38, 0x81, 0x38, 0x81, 0x38, 0x81, 0x38, 0x81, 0xfe, 0x41, 0xfe, 0x41, 0xfe, 0x41, 
    0xfe, 0x41, 0xfe, 0x41, 0xfe, 0x41, 0xfe, 0x41, 0xfe, 0x41, 0x38, 0x81, 0x07, 0xe0, 0x07, 0xe0, 
    0x07, 0xe0, 0x07, 0xe0, 0x38, 0x81, 0x38, 0x81, 0x38, 0x81, 0x38, 0x81, 0x38, 0x81, 0x38, 0x81, 
    0x38, 0x81, 0x38, 0x81, 0xfe, 0x41, 0xfe, 0x41, 0xfe, 0x41, 0xfe, 0x41, 0xfe, 0x41, 0x00, 0x00, 
    0x00, 0x00, 0x38, 0x81, 0x07, 0xe0, 0x07, 0xe0, 0x07, 0xe0, 0x07, 0xe0, 0x38, 0x81, 0x07, 0xe0, 
    0x38, 0x81, 0x38, 0x81, 0x38, 0x81, 0x38, 0x81, 0x38, 0x81, 0x38, 0x81, 0xfe, 0x41, 0xfe, 0x41, 
    0xfe, 0x41, 0xfe, 0x41, 0xfe, 0x41, 0xfe, 0x41, 0x38, 0x81, 0x07, 0xe0, 0x07, 0xe0, 0x07, 0xe0, 
    0x07, 0xe0, 0x07, 0xe0, 0x07, 0xe0, 0x07, 0xe0, 0x07, 0xe0, 0x38, 0x81, 0x07, 0xe0, 0x38, 0x81, 
    0x38, 0x81, 0xfe, 0x41, 0xfe, 0x41, 0x38, 0x81, 0x38, 0x81, 0x38, 0x81, 0x38, 0x81, 0x38, 0x81, 
    0x07, 0xe0, 0x07, 0xe0, 0x07, 0xe0, 0x07, 0xe0, 0x07, 0xe0, 0x07, 0xe0, 0x07, 0xe0, 0x07, 0xe0, 
    0x07, 0xe0, 0x07, 0xe0, 0x07, 0xe0, 0x07, 0xe0, 0x38, 0x81, 0xfe, 0x41, 0xfe, 0x41, 0x38, 0x81, 
    0x07, 0xe0, 0x07, 0xe0, 0x07, 0xe0, 0x07, 0xe0, 0x07, 0xe0, 0x07, 0xe0, 0x07, 0xe0, 0x07, 0xe0, 
    0x07, 0xe0, 0x07, 0xe0, 0x07, 0xe0, 0x07, 0xe0, 0x07, 0xe0, 0x07, 0xe0, 0x07, 0xe0, 0x07, 0xe0, 
    0x38, 0x81, 0x38, 0x81, 0x38, 0x81, 0x38, 0x81, 0x07, 0xe0, 0x07, 0xe0, 0x07, 0xe0, 0x07, 0xe0, 
    0x07, 0xe0, 0x07, 0xe0, 0x07, 0xe0, 0x07, 0xe0, 0x07, 0xe0, 0x07, 0xe0, 0x07, 0xe0, 0x07, 0xe0, 
    0x07, 0xe0, 0x07, 0xe0, 0x07, 0xe0, 0x38, 0x81, 0x38, 0x81, 0x65, 0x3c, 0x38, 0x81, 0x38, 0x81, 
    0x38, 0x81, 0x07, 0xe0, 0x07, 0xe0, 0x07, 0xe0, 0x07, 0xe0, 0x07, 0xe0, 0x07, 0xe0, 0x07, 0xe0, 
    0x07, 0xe0, 0x07, 0xe0, 0x07, 0xe0, 0x07, 0xe0, 0x07, 0xe0, 0x07, 0xe0, 0x38, 0x81, 0x65, 0x3c, 
    0x38, 0x81, 0x65, 0x3c, 0x65, 0x3c, 0x65, 0x3c, 0x65, 0x3c, 0x38, 0x81, 0x07, 0xe0, 0x07, 0xe0, 
    0x07, 0xe0, 0x07, 0xe0, 0x07, 0xe0, 0x07, 0xe0, 0x07, 0xe0, 0x07, 0xe0, 0x07, 0xe0, 0x07, 0xe0, 
    0x07, 0xe0, 0x07, 0xe0, 0x38, 0x81, 0xe0, 0x3f, 0x38, 0x81, 0x65, 0x3c, 0x38, 0x81, 0xe0, 0x3f, 
    0xe0, 0x3f, 0x38, 0x81, 0x07, 0xe0, 0x07, 0xe0, 0x07, 0xe0, 0x07, 0xe0, 0x07, 0xe0, 0x07, 0xe0, 
    0x07, 0xe0, 0x07, 0xe0, 0x07, 0xe0, 0x07, 0xe0, 0x07, 0xe0, 0x07, 0xe0, 0x38, 0x81, 0x65, 0x3c, 
    0x38, 0x81, 0x65, 0x3c, 0x38, 0x81, 0x38, 0x81, 0x65, 0x3c, 0x65, 0x3c, 0x38, 0x81, 0x07, 0xe0, 
    0x07, 0xe0, 0x07, 0xe0, 0x07, 0xe0, 0x07, 0xe0, 0x07, 0xe0, 0x07, 0xe0, 0x07, 0xe0, 0x07, 0xe0, 
    0x07, 0xe0, 0x07, 0xe0, 0x38, 0x81, 0xe0, 0x3f, 0x38, 0x81, 0x38, 0x81, 0xfe, 0x41, 0xfe, 0x41, 
    0x38, 0x81, 0xe0, 0x3f, 0x38, 0x81, 0x07, 0xe0, 0x07, 0xe0, 0x07, 0xe0, 0x07, 0xe0, 0x07, 0xe0, 
    0x07, 0xe0, 0x07, 0xe0, 0x07, 0xe0, 0x07, 0xe0, 0x07, 0xe0, 0x07, 0xe0, 0x38, 0x81, 0x65, 0x3c, 
    0x65, 0x3c, 0x38, 0x81, 0xfe, 0x41, 0xfe, 0x41, 0x38, 0x81, 0x65, 0x3c, 0x38, 0x81, 0x07, 0xe0, 
    0x07, 0xe0, 0x07, 0xe0, 0x07, 0xe0, 0x07, 0xe0, 0x07, 0xe0, 0x07, 0xe0, 0x07, 0xe0, 0x07, 0xe0, 
    0x07, 0xe0, 0x07, 0xe0, 0x38, 0x81, 0x65, 0x3c, 0x65, 0x3c, 0x65, 0x3c, 0x38, 0x81, 0x38, 0x81, 
    0x65, 0x3c, 0x65, 0x3c, 0x38, 0x81, 0x07, 0xe0, 0x07, 0xe0, 0x07, 0xe0, 0x07, 0xe0, 0x07, 0xe0, 
    0x07, 0xe0, 0x07, 0xe0, 0x07, 0xe0, 0x07, 0xe0, 0x07, 0xe0, 0x07, 0xe0, 0x38, 0x81, 0x38, 0x81, 
    0x65, 0x3c, 0x65, 0x3c, 0x65, 0x3c, 0x65, 0x3c, 0x65, 0x3c, 0x38, 0x81, 0x07, 0xe0, 0x07, 0xe0, 
    0x07, 0xe0, 0x07, 0xe0, 0x07, 0xe0, 0x07, 0xe0, 0x07, 0xe0, 0x07, 0xe0, 0x07, 0xe0, 0x07, 0xe0, 
    0x07, 0xe0, 0x38, 0x81, 0x38, 0x81, 0x38, 0x81, 0x38, 0x81, 0x38, 0x81, 0x07, 0xe0, 0x38, 0x81, 
    0x38, 0x81, 0x38, 0x81, 0x07, 0xe0, 0x38, 0x81, 0x38, 0x81, 0x07, 0xe0, 0x07, 0xe0, 0x07, 0xe0, 
    0x07, 0xe0, 0x07, 0xe0, 0x07, 0xe0, 0x07, 0xe0, 0x07, 0xe0, 0x38, 0x81, 0x38, 0x81, 0x38, 0x81, 
    0x38, 0x81, 0x07, 0xe0, 0x07, 0xe0, 0x38, 0x81, 0x38, 0x81, 0x38, 0x81, 0x38, 0x81, 0x38, 0x81, 
    0x07, 0xe0, 0x07, 0xe0, 0x07, 0xe0, 0x07, 0xe0, 0x07, 0xe0, 0x07, 0xe0, 0x07, 0xe0, 0x07, 0xe0, 
    0x07, 0xe0, 0x07, 0xe0, 0x38, 0x81, 0x38, 0x81, 0x38, 0x81, 0x38, 0x81, 0x07, 0xe0, 0x07, 0xe0, 
    0x38, 0x81, 0x38, 0x81, 0x38, 0x81, 0x07, 0xe0, 0x07, 0xe0, 0x07, 0xe0, 0x07, 0xe0, 0x07, 0xe0, 
};

hagl_bitmap_t friskWalkD2 = {
    .width = 20,
    .height = 30,
    .depth = 16, // RGB565 is 16-bit
    .buffer = friskWalkD2buf,
};

// Image: friskWalkS1.png (20x30)
unsigned char friskWalkS1buf[] = {
    0x07, 0xe0, 0x07, 0xe0, 0x07, 0xe0, 0x07, 0xe0, 0x07, 0xe0, 0x07, 0xe0, 0x07, 0xe0, 0x07, 0xe0, 
    0x07, 0xe0, 0x07, 0xe0, 0x07, 0xe0, 0x07, 0xe0, 0x07, 0xe0, 0x07, 0xe0, 0x07, 0xe0, 0x07, 0xe0, 
    0x07, 0xe0, 0x07, 0xe0, 0x07, 0xe0, 0x07, 0xe0, 0x07, 0xe0, 0x07, 0xe0, 0x07, 0xe0, 0x07, 0xe0, 
    0x07, 0xe0, 0x38, 0x81, 0x38, 0x81, 0x38, 0x81, 0x38, 0x81, 0x38, 0x81, 0x38, 0x81, 0x38, 0x81, 
    0x38, 0x81, 0x38, 0x81, 0x07, 0xe0, 0x07, 0xe0, 0x07, 0xe0, 0x07, 0xe0, 0x07, 0xe0, 0x07, 0xe0, 
    0x07, 0xe0, 0x07, 0xe0, 0x07, 0xe0, 0x07, 0xe0, 0x38, 0x81, 0x38, 0x81, 0x38, 0x81, 0x38, 0x81, 
    0x38, 0x81, 0x38, 0x81, 0x38, 0x81, 0x38, 0x81, 0x38, 0x81, 0x38, 0x81, 0x38, 0x81, 0x07, 0xe0, 
    0x07, 0xe0, 0x07, 0xe0, 0x07, 0xe0, 0x07, 0xe0, 0x07, 0xe0, 0x07, 0xe0, 0x07, 0xe0, 0x38, 0x81, 
    0x38, 0x81, 0x38, 0x81, 0x38, 0x81, 0x38, 0x81, 0x38, 0x81, 0x38, 0x81, 0x38, 0x81, 0x38, 0x81, 
    0x38, 0x81, 0x38, 0x81, 0x38, 0x81, 0x38, 0x81, 0x07, 0xe0, 0x07, 0xe0, 0x07, 0xe0, 0x07, 0xe0, 
    0x07, 0xe0, 0x07, 0xe0, 0x38, 0x81, 0x38, 0x81, 0x38, 0x81, 0x38, 0x81, 0x38, 0x81, 0x38, 0x81, 
    0x38, 0x81, 0x38, 0x81, 0x38, 0x81, 0x38, 0x81, 0x38, 0x81, 0x38, 0x81, 0x38, 0x81, 0x38, 0x81, 
    0x38, 0x81, 0x07, 0xe0, 0x07, 0xe0, 0x07, 0xe0, 0x07, 0xe0, 0x07, 0xe0, 0x38, 0x81, 0x38, 0x81, 
    0x38, 0x81, 0x38, 0x81, 0x38, 0x81, 0x38, 0x81, 0x38, 0x81, 0x38, 0x81, 0x38, 0x81, 0x38, 0x81, 
    0x38, 0x81, 0x38, 0x81, 0x38, 0x81, 0x38, 0x81, 0x38, 0x81, 0x38, 0x81, 0x07, 0xe0, 0x07, 0xe0, 
    0x07, 0xe0, 0x38, 0x81, 0x38, 0x81, 0x38, 0x81, 0x38, 0x81, 0xfe, 0x41, 0x38, 0x81, 0x38, 0x81, 
    0x38, 0x81, 0x38, 0x81, 0xfe, 0x41, 0x38, 0x81, 0x38, 0x81, 0x38, 0x81, 0x38, 0x81, 0x38, 0x81, 
    0x38, 0x81, 0x38, 0x81, 0x07, 0xe0, 0x07, 0xe0, 0x07, 0xe0, 0x38, 0x81, 0x38, 0x81, 0x38, 0x81, 
    0xfe, 0x41, 0xfe, 0x41, 0xfe, 0x41, 0x38, 0x81, 0x38, 0x81, 0xfe, 0x41, 0xfe, 0x41, 0x38, 0x81, 
    0x38, 0x81, 0xfe, 0x41, 0x38, 0x81, 0x38, 0x81, 0x38, 0x81, 0x38, 0x81, 0x07, 0xe0, 0x07, 0xe0, 
    0x07, 0xe0, 0x38, 0x81, 0x38, 0x81, 0x38, 0x81, 0xfe, 0x41, 0xfe, 0x41, 0xfe, 0x41, 0xfe, 0x41, 
    0xfe, 0x41, 0xfe, 0x41, 0xfe, 0x41, 0xfe, 0x41, 0xfe, 0x41, 0xfe, 0x41, 0xfe, 0x41, 0x38, 0x81, 
    0x38, 0x81, 0x38, 0x81, 0x38, 0x81, 0x07, 0xe0, 0x38, 0x81, 0x38, 0x81, 0x38, 0x81, 0x38, 0x81, 
    0xfe, 0x41, 0xfe, 0x41, 0xfe, 0x41, 0xfe, 0x41, 0xfe, 0x41, 0xfe, 0x41, 0xfe, 0x41, 0xfe, 0x41, 
    0xfe, 0x41, 0xfe, 0x41, 0xfe, 0x41, 0x38, 0x81, 0xfe, 0x41, 0x38, 0x81, 0x38, 0x81, 0x07, 0xe0, 
    0x38, 0x81, 0x38, 0x81, 0x38, 0x81, 0x38, 0x81, 0xfe, 0x41, 0x00, 0x00, 0x00, 0x00, 0xfe, 0x41, 
    0xfe, 0x41, 0xfe, 0x41, 0xfe, 0x41, 0x00, 0x00, 0x00, 0x00, 0xfe, 0x41, 0xfe, 0x41, 0xfe, 0x41, 
    0xfe, 0x41, 0x38, 0x81, 0x38, 0x81, 0x07, 0xe0, 0x38, 0x81, 0x38, 0x81, 0x38, 0x81, 0xfe, 0x41, 
    0xfe, 0x41, 0xfe, 0x41, 0xfe, 0x41, 0xfe, 0x41, 0xfe, 0x41, 0xfe, 0x41, 0xfe, 0x41, 0xfe, 0x41, 
    0xfe, 0x41, 0xfe, 0x41, 0xfe, 0x41, 0xfe, 0x41, 0x38, 0x81, 0x38, 0x81, 0x38, 0x81, 0x07, 0xe0, 
    0x38, 0x81, 0x38, 0x81, 0x38, 0x81, 0xfe, 0x41, 0xfe, 0x41, 0xfe, 0x41, 0xfe, 0x41, 0xfe, 0x41, 
    0x00, 0x00, 0x00, 0x00, 0xfe, 0x41, 0xfe, 0x41, 0xfe, 0x41, 0xfe, 0x41, 0xfe, 0x41, 0x38, 0x81, 
    0x38, 0x81, 0x38, 0x81, 0x38, 0x81, 0x07, 0xe0, 0x38, 0x81, 0x38, 0x81, 0x38, 0x81, 0x38, 0x81, 
    0xfe, 0x41, 0xfe, 0x41, 0xfe, 0x41, 0xfe, 0x41, 0xfe, 0x41, 0xfe, 0x41, 0xfe, 0x41, 0xfe, 0x41, 
    0xfe, 0x41, 0x38, 0x81, 0x38, 0x81, 0x38, 0x81, 0x38, 0x81, 0x38, 0x81, 0x38, 0x81, 0x07, 0xe0, 
    0x38, 0x81, 0x38, 0x81, 0x38, 0x81, 0x38, 0x81, 0x38, 0x81, 0x38, 0x81, 0xfe, 0x41, 0xfe, 0x41, 
    0xfe, 0x41, 0xfe, 0x41, 0xfe, 0x41, 0xfe, 0x41, 0x38, 0x81, 0x38, 0x81, 0x38, 0x81, 0x38, 0x81, 
    0x38, 0x81, 0x38, 0x81, 0x38, 0x81, 0x07, 0xe0, 0x07, 0xe0, 0x38, 0x81, 0x07, 0xe0, 0x38, 0x81, 
    0x38, 0x81, 0x38, 0x81, 0x38, 0x81, 0x38, 0x81, 0x38, 0x81, 0xfe, 0x41, 0xfe, 0x41, 0x38, 0x81, 
    0x38, 0x81, 0x38, 0x81, 0x38, 0x81, 0x38, 0x81, 0x07, 0xe0, 0x38, 0x81, 0x07, 0xe0, 0x07, 0xe0, 
    0x07, 0xe0, 0x07, 0xe0, 0x07, 0xe0, 0x07, 0xe0, 0x07, 0xe0, 0x07, 0xe0, 0x07, 0xe0, 0x07, 0xe0, 
    0x38, 0x81, 0xfe, 0x41, 0xfe, 0x41, 0x38, 0x81, 0x07, 0xe0, 0x07, 0xe0, 0x07, 0xe0, 0x38, 0x81, 
    0x07, 0xe0, 0x07, 0xe0, 0x07, 0xe0, 0x07, 0xe0, 0x07, 0xe0, 0x07, 0xe0, 0x07, 0xe0, 0x07, 0xe0, 
    0x07, 0xe0, 0x07, 0xe0, 0x07, 0xe0, 0x38, 0x81, 0x38, 0x81, 0x38, 0x81, 0x38, 0x81, 0x38, 0x81, 
    0x38, 0x81, 0x38, 0x81, 0x07, 0xe0, 0x07, 0xe0, 0x07, 0xe0, 0x07, 0xe0, 0x07, 0xe0, 0x07, 0xe0, 
    0x07, 0xe0, 0x07, 0xe0, 0x07, 0xe0, 0x07, 0xe0, 0x38, 0x81, 0x38, 0x81, 0x38, 0x81, 0x65, 0x3c, 
    0x38, 0x81, 0x38, 0x81, 0x38, 0x81, 0x38, 0x81, 0x65, 0x3c, 0x38, 0x81, 0x38, 0x81, 0x38, 0x81, 
    0x07, 0xe0, 0x07, 0xe0, 0x07, 0xe0, 0x07, 0xe0, 0x07, 0xe0, 0x07, 0xe0, 0x07, 0xe0, 0x38, 0x81, 
    0x65, 0x3c, 0x38, 0x81, 0x65, 0x3c, 0x65, 0x3c, 0x65, 0x3c, 0x65, 0x3c, 0x65, 0x3c, 0x65, 0x3c, 
    0x65, 0x3c, 0x65, 0x3c, 0x38, 0x81, 0x65, 0x3c, 0x38, 0x81, 0x07, 0xe0, 0x07, 0xe0, 0x07, 0xe0, 
    0x07, 0xe0, 0x07, 0xe0, 0x38, 0x81, 0x65, 0x3c, 0x38, 0x81, 0xe0, 0x3f, 0xe0, 0x3f, 0xe0, 0x3f, 
    0xe0, 0x3f, 0xe0, 0x3f, 0xe0, 0x3f, 0xe0, 0x3f, 0xe0, 0x3f, 0xe0, 0x3f, 0x38, 0x81, 0x38, 0x81, 
    0x65, 0x3c, 0x38, 0x81, 0x07, 0xe0, 0x07, 0xe0, 0x07, 0xe0, 0x07, 0xe0, 0x38, 0x81, 0x65, 0x3c, 
    0x38, 0x81, 0x65, 0x3c, 0x65, 0x3c, 0x65, 0x3c, 0x65, 0x3c, 0x65, 0x3c, 0x65, 0x3c, 0x65, 0x3c, 
    0x65, 0x3c, 0x65, 0x3c, 0x65, 0x3c, 0x38, 0x81, 0x65, 0x3c, 0x38, 0x81, 0x07, 0xe0, 0x07, 0xe0, 
    0x07, 0xe0, 0x07, 0xe0, 0x38, 0x81, 0x38, 0x81, 0x38, 0x81, 0xe0, 0x3f, 0xe0, 0x3f, 0xe0, 0x3f, 
    0xe0, 0x3f, 0xe0, 0x3f, 0xe0, 0x3f, 0xe0, 0x3f, 0xe0, 0x3f, 0xe0, 0x3f, 0xe0, 0x3f, 0x38, 0x81, 
    0x38, 0x81, 0x38, 0x81, 0x07, 0xe0, 0x07, 0xe0, 0x07, 0xe0, 0x07, 0xe0, 0x38, 0x81, 0xfe, 0x41, 
    0x38, 0x81, 0x65, 0x3c, 0x65, 0x3c, 0x65, 0x3c, 0x65, 0x3c, 0x65, 0x3c, 0x65, 0x3c, 0x65, 0x3c, 
    0x65, 0x3c, 0x65, 0x3c, 0x65, 0x3c, 0x38, 0x81, 0xfe, 0x41, 0x38, 0x81, 0x07, 0xe0, 0x07, 0xe0, 
    0x07, 0xe0, 0x07, 0xe0, 0x38, 0x81, 0x38, 0x81, 0x38, 0x81, 0x65, 0x3c, 0x65, 0x3c, 0x65, 0x3c, 
    0x65, 0x3c, 0x65, 0x3c, 0x65, 0x3c, 0x65, 0x3c, 0x65, 0x3c, 0x65, 0x3c, 0x65, 0x3c, 0x38, 0x81, 
    0x38, 0x81, 0x38, 0x81, 0x07, 0xe0, 0x07, 0xe0, 0x07, 0xe0, 0x07, 0xe0, 0x07, 0xe0, 0x07, 0xe0, 
    0x38, 0x81, 0x65, 0x3c, 0x65, 0x3c, 0x65, 0x3c, 0x38, 0x81, 0x38, 0x81, 0x38, 0x81, 0x65, 0x3c, 
    0x65, 0x3c, 0x65, 0x3c, 0x65, 0x3c, 0x38, 0x81, 0x07, 0xe0, 0x07, 0xe0, 0x07, 0xe0, 0x07, 0xe0, 
    0x07, 0xe0, 0x07, 0xe0, 0x07, 0xe0, 0x07, 0xe0, 0x38, 0x81, 0x65, 0x3c, 0x65, 0x3c, 0x65, 0x3c, 
    0x38, 0x81, 0x07, 0xe0, 0x38, 0x81, 0x65, 0x3c, 0x65, 0x3c, 0x65, 0x3c, 0x65, 0x3c, 0x38, 0x81, 
    0x07, 0xe0, 0x07, 0xe0, 0x07, 0xe0, 0x07, 0xe0, 0x07, 0xe0, 0x07, 0xe0, 0x07, 0xe0, 0x07, 0xe0, 
    0x38, 0x81, 0x38, 0x81, 0x38, 0x81, 0x38, 0x81, 0x38, 0x81, 0x07, 0xe0, 0x38, 0x81, 0x38, 0x81, 
    0x38, 0x81, 0x38, 0x81, 0x38, 0x81, 0x38, 0x81, 0x07, 0xe0, 0x07, 0xe0, 0x07, 0xe0, 0x07, 0xe0, 
    0x07, 0xe0, 0x07, 0xe0, 0x07, 0xe0, 0x07, 0xe0, 0x07, 0xe0, 0x07, 0xe0, 0x38, 0x81, 0x38, 0x81, 
    0x38, 0x81, 0x07, 0xe0, 0x38, 0x81, 0x38, 0x81, 0x38, 0x81, 0x38, 0x81, 0x07, 0xe0, 0x07, 0xe0, 
    0x07, 0xe0, 0x07, 0xe0, 0x07, 0xe0, 0x07, 0xe0, 0x07, 0xe0, 0x07, 0xe0, 0x07, 0xe0, 0x07, 0xe0, 
    0x07, 0xe0, 0x38, 0x81, 0x38, 0x81, 0x38, 0x81, 0x38, 0x81, 0x07, 0xe0, 0x38, 0x81, 0x38, 0x81, 
    0x38, 0x81, 0x38, 0x81, 0x38, 0x81, 0x07, 0xe0, 0x07, 0xe0, 0x07, 0xe0, 0x07, 0xe0, 0x07, 0xe0, 
};

hagl_bitmap_t friskWalkS1 = {
    .width = 20,
    .height = 30,
    .depth = 16, // RGB565 is 16-bit
    .buffer = friskWalkS1buf,
};

// Image: friskWalkS2.png (20x30)
unsigned char friskWalkS2buf[] = {
    0x07, 0xe0, 0x07, 0xe0, 0x07, 0xe0, 0x07, 0xe0, 0x07, 0xe0, 0x38, 0x81, 0x38, 0x81, 0x38, 0x81, 
    0x38, 0x81, 0x38, 0x81, 0x38, 0x81, 0x38, 0x81, 0x38, 0x81, 0x38, 0x81, 0x07, 0xe0, 0x07, 0xe0, 
    0x07, 0xe0, 0x07, 0xe0, 0x07, 0xe0, 0x07, 0xe0, 0x07, 0xe0, 0x07, 0xe0, 0x07, 0xe0, 0x07, 0xe0, 
    0x38, 0x81, 0x38, 0x81, 0x38, 0x81, 0x38, 0x81, 0x38, 0x81, 0x38, 0x81, 0x38, 0x81, 0x38, 0x81, 
    0x38, 0x81, 0x38, 0x81, 0x38, 0x81, 0x07, 0xe0, 0x07, 0xe0, 0x07, 0xe0, 0x07, 0xe0, 0x07, 0xe0, 
    0x07, 0xe0, 0x07, 0xe0, 0x07, 0xe0, 0x38, 0x81, 0x38, 0x81, 0x38, 0x81, 0x38, 0x81, 0x38, 0x81, 
    0x38, 0x81, 0x38, 0x81, 0x38, 0x81, 0x38, 0x81, 0x38, 0x81, 0x38, 0x81, 0x38, 0x81, 0x38, 0x81, 
    0x07, 0xe0, 0x07, 0xe0, 0x07, 0xe0, 0x07, 0xe0, 0x07, 0xe0, 0x07, 0xe0, 0x38, 0x81, 0x38, 0x81, 
    0x38, 0x81, 0x38, 0x81, 0x38, 0x81, 0x38, 0x81, 0x38, 0x81, 0x38, 0x81, 0x38, 0x81, 0x38, 0x81, 
    0x38, 0x81, 0x38, 0x81, 0x38, 0x81, 0x38, 0x81, 0x38, 0x81, 0x07, 0xe0, 0x07, 0xe0, 0x07, 0xe0, 
    0x07, 0xe0, 0x07, 0xe0, 0x38, 0x81, 0x38, 0x81, 0x38, 0x81, 0x38, 0x81, 0x38, 0x81, 0x38, 0x81, 
    0x38, 0x81, 0x38, 0x81, 0x38, 0x81, 0x38, 0x81, 0x38, 0x81, 0x38, 0x81, 0x38, 0x81, 0x38, 0x81, 
    0x38, 0x81, 0x38, 0x81, 0x07, 0xe0, 0x07, 0xe0, 0x07, 0xe0, 0x38, 0x81, 0x38, 0x81, 0x38, 0x81, 
    0x38, 0x81, 0xfe, 0x41, 0x38, 0x81, 0x38, 0x81, 0x38, 0x81, 0x38, 0x81, 0xfe, 0x41, 0x38, 0x81, 
    0x38, 0x81, 0x38, 0x81, 0x38, 0x81, 0x38, 0x81, 0x38, 0x81, 0x38, 0x81, 0x07, 0xe0, 0x07, 0xe0, 
    0x07, 0xe0, 0x38, 0x81, 0x38, 0x81, 0x38, 0x81, 0xfe, 0x41, 0xfe, 0x41, 0xfe, 0x41, 0x38, 0x81, 
    0x38, 0x81, 0xfe, 0x41, 0xfe, 0x41, 0x38, 0x81, 0x38, 0x81, 0xfe, 0x41, 0x38, 0x81, 0x38, 0x81, 
    0x38, 0x81, 0x38, 0x81, 0x07, 0xe0, 0x07, 0xe0, 0x07, 0xe0, 0x38, 0x81, 0x38, 0x81, 0x38, 0x81, 
    0xfe, 0x41, 0xfe, 0x41, 0xfe, 0x41, 0xfe, 0x41, 0xfe, 0x41, 0xfe, 0x41, 0xfe, 0x41, 0xfe, 0x41, 
    0xfe, 0x41, 0xfe, 0x41, 0xfe, 0x41, 0x38, 0x81, 0x38, 0x81, 0x38, 0x81, 0x38, 0x81, 0x07, 0xe0, 
    0x38, 0x81, 0x38, 0x81, 0x38, 0x81, 0x38, 0x81, 0xfe, 0x41, 0xfe, 0x41, 0xfe, 0x41, 0xfe, 0x41, 
    0xfe, 0x41, 0xfe, 0x41, 0xfe, 0x41, 0xfe, 0x41, 0xfe, 0x41, 0xfe, 0x41, 0xfe, 0x41, 0x38, 0x81, 
    0xfe, 0x41, 0x38, 0x81, 0x38, 0x81, 0x07, 0xe0, 0x38, 0x81, 0x38, 0x81, 0x38, 0x81, 0x38, 0x81, 
    0xfe, 0x41, 0x00, 0x00, 0x00, 0x00, 0xfe, 0x41, 0xfe, 0x41, 0xfe, 0x41, 0xfe, 0x41, 0x00, 0x00, 
    0x00, 0x00, 0xfe, 0x41, 0xfe, 0x41, 0xfe, 0x41, 0xfe, 0x41, 0x38, 0x81, 0x38, 0x81, 0x07, 0xe0, 
    0x38, 0x81, 0x38, 0x81, 0x38, 0x81, 0xfe, 0x41, 0xfe, 0x41, 0xfe, 0x41, 0xfe, 0x41, 0xfe, 0x41, 
    0xfe, 0x41, 0xfe, 0x41, 0xfe, 0x41, 0xfe, 0x41, 0xfe, 0x41, 0xfe, 0x41, 0xfe, 0x41, 0xfe, 0x41, 
    0x38, 0x81, 0x38, 0x81, 0x38, 0x81, 0x07, 0xe0, 0x38, 0x81, 0x38, 0x81, 0x38, 0x81, 0xfe, 0x41, 
    0xfe, 0x41, 0xfe, 0x41, 0xfe, 0x41, 0xfe, 0x41, 0x00, 0x00, 0x00, 0x00, 0xfe, 0x41, 0xfe, 0x41, 
    0xfe, 0x41, 0xfe, 0x41, 0xfe, 0x41, 0x38, 0x81, 0x38, 0x81, 0x38, 0x81, 0x38, 0x81, 0x07, 0xe0, 
    0x38, 0x81, 0x38, 0x81, 0x38, 0x81, 0x38, 0x81, 0xfe, 0x41, 0xfe, 0x41, 0xfe, 0x41, 0xfe, 0x41, 
    0xfe, 0x41, 0xfe, 0x41, 0xfe, 0x41, 0xfe, 0x41, 0xfe, 0x41, 0x38, 0x81, 0x38, 0x81, 0x38, 0x81, 
    0x38, 0x81, 0x38, 0x81, 0x38, 0x81, 0x07, 0xe0, 0x38, 0x81, 0x38, 0x81, 0x38, 0x81, 0x38, 0x81, 
    0x38, 0x81, 0x38, 0x81, 0xfe, 0x41, 0xfe, 0x41, 0xfe, 0x41, 0xfe, 0x41, 0xfe, 0x41, 0xfe, 0x41, 
    0x38, 0x81, 0x38, 0x81, 0x38, 0x81, 0x38, 0x81, 0x38, 0x81, 0x38, 0x81, 0x38, 0x81, 0x07, 0xe0, 
    0x07, 0xe0, 0x38, 0x81, 0x07, 0xe0, 0x38, 0x81, 0x38, 0x81, 0x38, 0x81, 0x38, 0x81, 0x38, 0x81, 
    0x38, 0x81, 0xfe, 0x41, 0xfe, 0x41, 0x38, 0x81, 0x38, 0x81, 0x38, 0x81, 0x38, 0x81, 0x38, 0x81, 
    0x07, 0xe0, 0x38, 0x81, 0x07, 0xe0, 0x07, 0xe0, 0x07, 0xe0, 0x07, 0xe0, 0x07, 0xe0, 0x07, 0xe0, 
    0x07, 0xe0, 0x07, 0xe0, 0x07, 0xe0, 0x07, 0xe0, 0x38, 0x81, 0xfe, 0x41, 0xfe, 0x41, 0x38, 0x81, 
    0x07, 0xe0, 0x07, 0xe0, 0x07, 0xe0, 0x38, 0x81, 0x07, 0xe0, 0x07, 0xe0, 0x07, 0xe0, 0x07, 0xe0, 
    0x07, 0xe0, 0x07, 0xe0, 0x07, 0xe0, 0x07, 0xe0, 0x07, 0xe0, 0x07, 0xe0, 0x07, 0xe0, 0x38, 0x81, 
    0x38, 0x81, 0x38, 0x81, 0x38, 0x81, 0x38, 0x81, 0x38, 0x81, 0x38, 0x81, 0x07, 0xe0, 0x07, 0xe0, 
    0x07, 0xe0, 0x07, 0xe0, 0x07, 0xe0, 0x07, 0xe0, 0x07, 0xe0, 0x07, 0xe0, 0x07, 0xe0, 0x07, 0xe0, 
    0x38, 0x81, 0x38, 0x81, 0x38, 0x81, 0x65, 0x3c, 0x65, 0x3c, 0x38, 0x81, 0x38, 0x81, 0x38, 0x81, 
    0x65, 0x3c, 0x38, 0x81, 0x38, 0x81, 0x38, 0x81, 0x07, 0xe0, 0x07, 0xe0, 0x07, 0xe0, 0x07, 0xe0, 
    0x07, 0xe0, 0x07, 0xe0, 0x07, 0xe0, 0x38, 0x81, 0x65, 0x3c, 0x38, 0x81, 0x65, 0x3c, 0x65, 0x3c, 
    0x65, 0x3c, 0x65, 0x3c, 0x65, 0x3c, 0x65, 0x3c, 0x65, 0x3c, 0x65, 0x3c, 0x38, 0x81, 0x65, 0x3c, 
    0x38, 0x81, 0x07, 0xe0, 0x07, 0xe0, 0x07, 0xe0, 0x07, 0xe0, 0x07, 0xe0, 0x38, 0x81, 0x65, 0x3c, 
    0x38, 0x81, 0xe0, 0x3f, 0xe0, 0x3f, 0xe0, 0x3f, 0xe0, 0x3f, 0xe0, 0x3f, 0xe0, 0x3f, 0xe0, 0x3f, 
    0xe0, 0x3f, 0xe0, 0x3f, 0x38, 0x81, 0x38, 0x81, 0x65, 0x3c, 0x38, 0x81, 0x07, 0xe0, 0x07, 0xe0, 
    0x07, 0xe0, 0x07, 0xe0, 0x38, 0x81, 0x38, 0x81, 0x38, 0x81, 0x65, 0x3c, 0x65, 0x3c, 0x65, 0x3c, 
    0x65, 0x3c, 0x65, 0x3c, 0x65, 0x3c, 0x65, 0x3c, 0x65, 0x3c, 0x65, 0x3c, 0x65, 0x3c, 0x38, 0x81, 
    0x38, 0x81, 0x38, 0x81, 0x07, 0xe0, 0x07, 0xe0, 0x07, 0xe0, 0x07, 0xe0, 0x38, 0x81, 0xfe, 0x41, 
    0xfe, 0x41, 0x38, 0x81, 0xe0, 0x3f, 0xe0, 0x3f, 0xe0, 0x3f, 0xe0, 0x3f, 0xe0, 0x3f, 0xe0, 0x3f, 
    0xe0, 0x3f, 0xe0, 0x3f, 0xe0, 0x3f, 0x38, 0x81, 0xfe, 0x41, 0x38, 0x81, 0x07, 0xe0, 0x07, 0xe0, 
    0x07, 0xe0, 0x07, 0xe0, 0x38, 0x81, 0xfe, 0x41, 0xfe, 0x41, 0x38, 0x81, 0x65, 0x3c, 0x65, 0x3c, 
    0x65, 0x3c, 0x65, 0x3c, 0x65, 0x3c, 0x65, 0x3c, 0x65, 0x3c, 0x65, 0x3c, 0x65, 0x3c, 0x38, 0x81, 
    0x38, 0x81, 0x38, 0x81, 0x07, 0xe0, 0x07, 0xe0, 0x07, 0xe0, 0x07, 0xe0, 0x38, 0x81, 0x38, 0x81, 
    0x38, 0x81, 0x65, 0x3c, 0x65, 0x3c, 0x65, 0x3c, 0x65, 0x3c, 0x65, 0x3c, 0x38, 0x81, 0x38, 0x81, 
    0x38, 0x81, 0x65, 0x3c, 0x65, 0x3c, 0x38, 0x81, 0x07, 0xe0, 0x07, 0xe0, 0x07, 0xe0, 0x07, 0xe0, 
    0x07, 0xe0, 0x07, 0xe0, 0x07, 0xe0, 0x07, 0xe0, 0x38, 0x81, 0x65, 0x3c, 0x65, 0x3c, 0x65, 0x3c, 
    0x38, 0x81, 0x38, 0x81, 0x38, 0x81, 0x38, 0x81, 0x38, 0x81, 0x38, 0x81, 0x65, 0x3c, 0x38, 0x81, 
    0x07, 0xe0, 0x07, 0xe0, 0x07, 0xe0, 0x07, 0xe0, 0x07, 0xe0, 0x07, 0xe0, 0x07, 0xe0, 0x07, 0xe0, 
    0x07, 0xe0, 0x38, 0x81, 0x65, 0x3c, 0x65, 0x3c, 0x38, 0x81, 0x07, 0xe0, 0x38, 0x81, 0x38, 0x81, 
    0x38, 0x81, 0x38, 0x81, 0x38, 0x81, 0x07, 0xe0, 0x07, 0xe0, 0x07, 0xe0, 0x07, 0xe0, 0x07, 0xe0, 
    0x07, 0xe0, 0x07, 0xe0, 0x07, 0xe0, 0x07, 0xe0, 0x07, 0xe0, 0x38, 0x81, 0x38, 0x81, 0x38, 0x81, 
    0x38, 0x81, 0x07, 0xe0, 0x38, 0x81, 0x38, 0x81, 0x38, 0x81, 0x38, 0x81, 0x07, 0xe0, 0x07, 0xe0, 
    0x07, 0xe0, 0x07, 0xe0, 0x07, 0xe0, 0x07, 0xe0, 0x07, 0xe0, 0x07, 0xe0, 0x07, 0xe0, 0x07, 0xe0, 
    0x07, 0xe0, 0x07, 0xe0, 0x38, 0x81, 0x38, 0x81, 0x38, 0x81, 0x07, 0xe0, 0x07, 0xe0, 0x38, 0x81, 
    0x38, 0x81, 0x38, 0x81, 0x07, 0xe0, 0x07, 0xe0, 0x07, 0xe0, 0x07, 0xe0, 0x07, 0xe0, 0x07, 0xe0, 
    0x07, 0xe0, 0x07, 0xe0, 0x07, 0xe0, 0x07, 0xe0, 0x07, 0xe0, 0x07, 0xe0, 0x07, 0xe0, 0x38, 0x81, 
    0x38, 0x81, 0x07, 0xe0, 0x07, 0xe0, 0x07, 0xe0, 0x07, 0xe0, 0x07, 0xe0, 0x07, 0xe0, 0x07, 0xe0, 
    0x07, 0xe0, 0x07, 0xe0, 0x07, 0xe0, 0x07, 0xe0, 0x07, 0xe0, 0x07, 0xe0, 0x07, 0xe0, 0x07, 0xe0, 
    0x07, 0xe0, 0x07, 0xe0, 0x07, 0xe0, 0x07, 0xe0, 0x07, 0xe0, 0x07, 0xe0, 0x07, 0xe0, 0x07, 0xe0, 
    0x07, 0xe0, 0x07, 0xe0, 0x07, 0xe0, 0x07, 0xe0, 0x07, 0xe0, 0x07, 0xe0, 0x07, 0xe0, 0x07, 0xe0, 
};

hagl_bitmap_t friskWalkS2 = {
    .width = 20,
    .height = 30,
    .depth = 16, // RGB565 is 16-bit
    .buffer = friskWalkS2buf,
};

// Image: friskWalkS3.png (20x30)
unsigned char friskWalkS3buf[] = {
    0x07, 0xe0, 0x07, 0xe0, 0x07, 0xe0, 0x07, 0xe0, 0x07, 0xe0, 0x38, 0x81, 0x38, 0x81, 0x38, 0x81, 
    0x38, 0x81, 0x38, 0x81, 0x38, 0x81, 0x38, 0x81, 0x38, 0x81, 0x38, 0x81, 0x07, 0xe0, 0x07, 0xe0, 
    0x07, 0xe0, 0x07, 0xe0, 0x07, 0xe0, 0x07, 0xe0, 0x07, 0xe0, 0x07, 0xe0, 0x07, 0xe0, 0x07, 0xe0, 
    0x38, 0x81, 0x38, 0x81, 0x38, 0x81, 0x38, 0x81, 0x38, 0x81, 0x38, 0x81, 0x38, 0x81, 0x38, 0x81, 
    0x38, 0x81, 0x38, 0x81, 0x38, 0x81, 0x07, 0xe0, 0x07, 0xe0, 0x07, 0xe0, 0x07, 0xe0, 0x07, 0xe0, 
    0x07, 0xe0, 0x07, 0xe0, 0x07, 0xe0, 0x38, 0x81, 0x38, 0x81, 0x38, 0x81, 0x38, 0x81, 0x38, 0x81, 
    0x38, 0x81, 0x38, 0x81, 0x38, 0x81, 0x38, 0x81, 0x38, 0x81, 0x38, 0x81, 0x38, 0x81, 0x38, 0x81, 
    0x07, 0xe0, 0x07, 0xe0, 0x07, 0xe0, 0x07, 0xe0, 0x07, 0xe0, 0x07, 0xe0, 0x38, 0x81, 0x38, 0x81, 
    0x38, 0x81, 0x38, 0x81, 0x38, 0x81, 0x38, 0x81, 0x38, 0x81, 0x38, 0x81, 0x38, 0x81, 0x38, 0x81, 
    0x38, 0x81, 0x38, 0x81, 0x38, 0x81, 0x38, 0x81, 0x38, 0x81, 0x07, 0xe0, 0x07, 0xe0, 0x07, 0xe0, 
    0x07, 0xe0, 0x07, 0xe0, 0x38, 0x81, 0x38, 0x81, 0x38, 0x81, 0x38, 0x81, 0x38, 0x81, 0x38, 0x81, 
    0x38, 0x81, 0x38, 0x81, 0x38, 0x81, 0x38, 0x81, 0x38, 0x81, 0x38, 0x81, 0x38, 0x81, 0x38, 0x81, 
    0x38, 0x81, 0x38, 0x81, 0x07, 0xe0, 0x07, 0xe0, 0x07, 0xe0, 0x38, 0x81, 0x38, 0x81, 0x38, 0x81, 
    0x38, 0x81, 0xfe, 0x41, 0x38, 0x81, 0x38, 0x81, 0x38, 0x81, 0x38, 0x81, 0xfe, 0x41, 0x38, 0x81, 
    0x38, 0x81, 0x38, 0x81, 0x38, 0x81, 0x38, 0x81, 0x38, 0x81, 0x38, 0x81, 0x07, 0xe0, 0x07, 0xe0, 
    0x07, 0xe0, 0x38, 0x81, 0x38, 0x81, 0x38, 0x81, 0xfe, 0x41, 0xfe, 0x41, 0xfe, 0x41, 0x38, 0x81, 
    0x38, 0x81, 0xfe, 0x41, 0xfe, 0x41, 0x38, 0x81, 0x38, 0x81, 0xfe, 0x41, 0x38, 0x81, 0x38, 0x81, 
    0x38, 0x81, 0x38, 0x81, 0x07, 0xe0, 0x07, 0xe0, 0x07, 0xe0, 0x38, 0x81, 0x38, 0x81, 0x38, 0x81, 
    0xfe, 0x41, 0xfe, 0x41, 0xfe, 0x41, 0xfe, 0x41, 0xfe, 0x41, 0xfe, 0x41, 0xfe, 0x41, 0xfe, 0x41, 
    0xfe, 0x41, 0xfe, 0x41, 0xfe, 0x41, 0x38, 0x81, 0x38, 0x81, 0x38, 0x81, 0x38, 0x81, 0x07, 0xe0, 
    0x38, 0x81, 0x38, 0x81, 0x38, 0x81, 0x38, 0x81, 0xfe, 0x41, 0xfe, 0x41, 0xfe, 0x41, 0xfe, 0x41, 
    0xfe, 0x41, 0xfe, 0x41, 0xfe, 0x41, 0xfe, 0x41, 0xfe, 0x41, 0xfe, 0x41, 0xfe, 0x41, 0x38, 0x81, 
    0xfe, 0x41, 0x38, 0x81, 0x38, 0x81, 0x07, 0xe0, 0x38, 0x81, 0x38, 0x81, 0x38, 0x81, 0x38, 0x81, 
    0xfe, 0x41, 0x00, 0x00, 0x00, 0x00, 0xfe, 0x41, 0xfe, 0x41, 0xfe, 0x41, 0xfe, 0x41, 0x00, 0x00, 
    0x00, 0x00, 0xfe, 0x41, 0xfe, 0x41, 0xfe, 0x41, 0xfe, 0x41, 0x38, 0x81, 0x38, 0x81, 0x07, 0xe0, 
    0x38, 0x81, 0x38, 0x81, 0x38, 0x81, 0xfe, 0x41, 0xfe, 0x41, 0xfe, 0x41, 0xfe, 0x41, 0xfe, 0x41, 
    0xfe, 0x41, 0xfe, 0x41, 0xfe, 0x41, 0xfe, 0x41, 0xfe, 0x41, 0xfe, 0x41, 0xfe, 0x41, 0xfe, 0x41, 
    0x38, 0x81, 0x38, 0x81, 0x38, 0x81, 0x07, 0xe0, 0x38, 0x81, 0x38, 0x81, 0x38, 0x81, 0xfe, 0x41, 
    0xfe, 0x41, 0xfe, 0x41, 0xfe, 0x41, 0xfe, 0x41, 0x00, 0x00, 0x00, 0x00, 0xfe, 0x41, 0xfe, 0x41, 
    0xfe, 0x41, 0xfe, 0x41, 0xfe, 0x41, 0x38, 0x81, 0x38, 0x81, 0x38, 0x81, 0x38, 0x81, 0x07, 0xe0, 
    0x38, 0x81, 0x38, 0x81, 0x38, 0x81, 0x38, 0x81, 0xfe, 0x41, 0xfe, 0x41, 0xfe, 0x41, 0xfe, 0x41, 
    0xfe, 0x41, 0xfe, 0x41, 0xfe, 0x41, 0xfe, 0x41, 0xfe, 0x41, 0x38, 0x81, 0x38, 0x81, 0x38, 0x81, 
    0x38, 0x81, 0x38, 0x81, 0x38, 0x81, 0x07, 0xe0, 0x38, 0x81, 0x38, 0x81, 0x38, 0x81, 0x38, 0x81, 
    0x38, 0x81, 0x38, 0x81, 0xfe, 0x41, 0xfe, 0x41, 0xfe, 0x41, 0xfe, 0x41, 0xfe, 0x41, 0xfe, 0x41, 
    0x38, 0x81, 0x38, 0x81, 0x38, 0x81, 0x38, 0x81, 0x38, 0x81, 0x38, 0x81, 0x38, 0x81, 0x07, 0xe0, 
    0x07, 0xe0, 0x38, 0x81, 0x07, 0xe0, 0x38, 0x81, 0x38, 0x81, 0x38, 0x81, 0x38, 0x81, 0x38, 0x81, 
    0x38, 0x81, 0xfe, 0x41, 0xfe, 0x41, 0x38, 0x81, 0x38, 0x81, 0x38, 0x81, 0x38, 0x81, 0x38, 0x81, 
    0x07, 0xe0, 0x38, 0x81, 0x07, 0xe0, 0x07, 0xe0, 0x07, 0xe0, 0x07, 0xe0, 0x07, 0xe0, 0x07, 0xe0, 
    0x07, 0xe0, 0x07, 0xe0, 0x07, 0xe0, 0x07, 0xe0, 0x38, 0x81, 0xfe, 0x41, 0xfe, 0x41, 0x38, 0x81, 
    0x07, 0xe0, 0x07, 0xe0, 0x07, 0xe0, 0x38, 0x81, 0x07, 0xe0, 0x07, 0xe0, 0x07, 0xe0, 0x07, 0xe0, 
    0x07, 0xe0, 0x07, 0xe0, 0x07, 0xe0, 0x07, 0xe0, 0x07, 0xe0, 0x07, 0xe0, 0x07, 0xe0, 0x38, 0x81, 
    0x38, 0x81, 0x38, 0x81, 0x38, 0x81, 0x38, 0x81, 0x38, 0x81, 0x38, 0x81, 0x07, 0xe0, 0x07, 0xe0, 
    0x07, 0xe0, 0x07, 0xe0, 0x07, 0xe0, 0x07, 0xe0, 0x07, 0xe0, 0x07, 0xe0, 0x07, 0xe0, 0x07, 0xe0, 
    0x38, 0x81, 0x38, 0x81, 0x38, 0x81, 0x65, 0x3c, 0x38, 0x81, 0x38, 0x81, 0x38, 0x81, 0x65, 0x3c, 
    0x65, 0x3c, 0x38, 0x81, 0x38, 0x81, 0x38, 0x81, 0x07, 0xe0, 0x07, 0xe0, 0x07, 0xe0, 0x07, 0xe0, 
    0x07, 0xe0, 0x07, 0xe0, 0x07, 0xe0, 0x38, 0x81, 0x65, 0x3c, 0x38, 0x81, 0x65, 0x3c, 0x65, 0x3c, 
    0x65, 0x3c, 0x65, 0x3c, 0x65, 0x3c, 0x65, 0x3c, 0x65, 0x3c, 0x65, 0x3c, 0x38, 0x81, 0x65, 0x3c, 
    0x38, 0x81, 0x07, 0xe0, 0x07, 0xe0, 0x07, 0xe0, 0x07, 0xe0, 0x07, 0xe0, 0x38, 0x81, 0x65, 0x3c, 
    0x38, 0x81, 0x38, 0x81, 0xe0, 0x3f, 0xe0, 0x3f, 0xe0, 0x3f, 0xe0, 0x3f, 0xe0, 0x3f, 0xe0, 0x3f, 
    0xe0, 0x3f, 0xe0, 0x3f, 0xe0, 0x3f, 0x38, 0x81, 0x65, 0x3c, 0x38, 0x81, 0x07, 0xe0, 0x07, 0xe0, 
    0x07, 0xe0, 0x07, 0xe0, 0x38, 0x81, 0x38, 0x81, 0x38, 0x81, 0x65, 0x3c, 0x65, 0x3c, 0x65, 0x3c, 
    0x65, 0x3c, 0x65, 0x3c, 0x65, 0x3c, 0x65, 0x3c, 0x65, 0x3c, 0x65, 0x3c, 0x65, 0x3c, 0x38, 0x81, 
    0x38, 0x81, 0x38, 0x81, 0x07, 0xe0, 0x07, 0xe0, 0x07, 0xe0, 0x07, 0xe0, 0x38, 0x81, 0xfe, 0x41, 
    0x38, 0x81, 0xe0, 0x3f, 0xe0, 0x3f, 0xe0, 0x3f, 0xe0, 0x3f, 0xe0, 0x3f, 0xe0, 0x3f, 0xe0, 0x3f, 
    0xe0, 0x3f, 0xe0, 0x3f, 0x38, 0x81, 0xfe, 0x41, 0xfe, 0x41, 0x38, 0x81, 0x07, 0xe0, 0x07, 0xe0, 
    0x07, 0xe0, 0x07, 0xe0, 0x38, 0x81, 0x38, 0x81, 0x38, 0x81, 0x65, 0x3c, 0x65, 0x3c, 0x65, 0x3c, 
    0x65, 0x3c, 0x65, 0x3c, 0x65, 0x3c, 0x65, 0x3c, 0x65, 0x3c, 0x65, 0x3c, 0x38, 0x81, 0xfe, 0x41, 
    0xfe, 0x41, 0x38, 0x81, 0x07, 0xe0, 0x07, 0xe0, 0x07, 0xe0, 0x07, 0xe0, 0x07, 0xe0, 0x07, 0xe0, 
    0x38, 0x81, 0x65, 0x3c, 0x65, 0x3c, 0x38, 0x81, 0x38, 0x81, 0x38, 0x81, 0x65, 0x3c, 0x65, 0x3c, 
    0x65, 0x3c, 0x65, 0x3c, 0x65, 0x3c, 0x38, 0x81, 0x38, 0x81, 0x38, 0x81, 0x07, 0xe0, 0x07, 0xe0, 
    0x07, 0xe0, 0x07, 0xe0, 0x07, 0xe0, 0x07, 0xe0, 0x38, 0x81, 0x65, 0x3c, 0x38, 0x81, 0x38, 0x81, 
    0x38, 0x81, 0x38, 0x81, 0x38, 0x81, 0x38, 0x81, 0x65, 0x3c, 0x65, 0x3c, 0x65, 0x3c, 0x38, 0x81, 
    0x07, 0xe0, 0x07, 0xe0, 0x07, 0xe0, 0x07, 0xe0, 0x07, 0xe0, 0x07, 0xe0, 0x07, 0xe0, 0x07, 0xe0, 
    0x07, 0xe0, 0x38, 0x81, 0x38, 0x81, 0x38, 0x81, 0x38, 0x81, 0x38, 0x81, 0x07, 0xe0, 0x38, 0x81, 
    0x65, 0x3c, 0x65, 0x3c, 0x38, 0x81, 0x07, 0xe0, 0x07, 0xe0, 0x07, 0xe0, 0x07, 0xe0, 0x07, 0xe0, 
    0x07, 0xe0, 0x07, 0xe0, 0x07, 0xe0, 0x07, 0xe0, 0x07, 0xe0, 0x07, 0xe0, 0x38, 0x81, 0x38, 0x81, 
    0x38, 0x81, 0x38, 0x81, 0x07, 0xe0, 0x38, 0x81, 0x38, 0x81, 0x38, 0x81, 0x38, 0x81, 0x07, 0xe0, 
    0x07, 0xe0, 0x07, 0xe0, 0x07, 0xe0, 0x07, 0xe0, 0x07, 0xe0, 0x07, 0xe0, 0x07, 0xe0, 0x07, 0xe0, 
    0x07, 0xe0, 0x07, 0xe0, 0x38, 0x81, 0x38, 0x81, 0x38, 0x81, 0x07, 0xe0, 0x07, 0xe0, 0x38, 0x81, 
    0x38, 0x81, 0x38, 0x81, 0x07, 0xe0, 0x07, 0xe0, 0x07, 0xe0, 0x07, 0xe0, 0x07, 0xe0, 0x07, 0xe0, 
    0x07, 0xe0, 0x07, 0xe0, 0x07, 0xe0, 0x07, 0xe0, 0x07, 0xe0, 0x07, 0xe0, 0x07, 0xe0, 0x07, 0xe0, 
    0x07, 0xe0, 0x07, 0xe0, 0x07, 0xe0, 0x38, 0x81, 0x38, 0x81, 0x07, 0xe0, 0x07, 0xe0, 0x07, 0xe0, 
    0x07, 0xe0, 0x07, 0xe0, 0x07, 0xe0, 0x07, 0xe0, 0x07, 0xe0, 0x07, 0xe0, 0x07, 0xe0, 0x07, 0xe0, 
    0x07, 0xe0, 0x07, 0xe0, 0x07, 0xe0, 0x07, 0xe0, 0x07, 0xe0, 0x07, 0xe0, 0x07, 0xe0, 0x07, 0xe0, 
    0x07, 0xe0, 0x07, 0xe0, 0x07, 0xe0, 0x07, 0xe0, 0x07, 0xe0, 0x07, 0xe0, 0x07, 0xe0, 0x07, 0xe0, 
};

hagl_bitmap_t friskWalkS3 = {
    .width = 20,
    .height = 30,
    .depth = 16, // RGB565 is 16-bit
    .buffer = friskWalkS3buf,
};

// Image: friskWalkW1.png (20x30)
unsigned char friskWalkW1buf[] = {
    0x07, 0xe0, 0x07, 0xe0, 0x07, 0xe0, 0x07, 0xe0, 0x07, 0xe0, 0x07, 0xe0, 0x07, 0xe0, 0x07, 0xe0, 
    0x07, 0xe0, 0x07, 0xe0, 0x07, 0xe0, 0x07, 0xe0, 0x07, 0xe0, 0x07, 0xe0, 0x07, 0xe0, 0x07, 0xe0, 
    0x07, 0xe0, 0x07, 0xe0, 0x07, 0xe0, 0x07, 0xe0, 0x07, 0xe0, 0x07, 0xe0, 0x07, 0xe0, 0x07, 0xe0, 
    0x07, 0xe0, 0x38, 0x81, 0x38, 0x81, 0x38, 0x81, 0x38, 0x81, 0x38, 0x81, 0x38, 0x81, 0x38, 0x81, 
    0x38, 0x81, 0x38, 0x81, 0x07, 0xe0, 0x07, 0xe0, 0x07, 0xe0, 0x07, 0xe0, 0x07, 0xe0, 0x07, 0xe0, 
    0x07, 0xe0, 0x07, 0xe0, 0x07, 0xe0, 0x07, 0xe0, 0x38, 0x81, 0x38, 0x81, 0x38, 0x81, 0x38, 0x81, 
    0x38, 0x81, 0x38, 0x81, 0x38, 0x81, 0x38, 0x81, 0x38, 0x81, 0x38, 0x81, 0x38, 0x81, 0x07, 0xe0, 
    0x07, 0xe0, 0x07, 0xe0, 0x07, 0xe0, 0x07, 0xe0, 0x07, 0xe0, 0x07, 0xe0, 0x07, 0xe0, 0x38, 0x81, 
    0x38, 0x81, 0x38, 0x81, 0x38, 0x81, 0x38, 0x81, 0x38, 0x81, 0x38, 0x81, 0x38, 0x81, 0x38, 0x81, 
    0x38, 0x81, 0x38, 0x81, 0x38, 0x81, 0x38, 0x81, 0x07, 0xe0, 0x07, 0xe0, 0x07, 0xe0, 0x07, 0xe0, 
    0x07, 0xe0, 0x07, 0xe0, 0x38, 0x81, 0x38, 0x81, 0x38, 0x81, 0x38, 0x81, 0x38, 0x81, 0x38, 0x81, 
    0x38, 0x81, 0x38, 0x81, 0x38, 0x81, 0x38, 0x81, 0x38, 0x81, 0x38, 0x81, 0x38, 0x81, 0x38, 0x81, 
    0x38, 0x81, 0x07, 0xe0, 0x07, 0xe0, 0x07, 0xe0, 0x07, 0xe0, 0x38, 0x81, 0x38, 0x81, 0x38, 0x81, 
    0x38, 0x81, 0x38, 0x81, 0x38, 0x81, 0x38, 0x81, 0x38, 0x81, 0x38, 0x81, 0x38, 0x81, 0x38, 0x81, 
    0x38, 0x81, 0x38, 0x81, 0x38, 0x81, 0x38, 0x81, 0x38, 0x81, 0x07, 0xe0, 0x07, 0xe0, 0x07, 0xe0, 
    0x07, 0xe0, 0x38, 0x81, 0x38, 0x81, 0x38, 0x81, 0x38, 0x81, 0x38, 0x81, 0x38, 0x81, 0x38, 0x81, 
    0x38, 0x81, 0x38, 0x81, 0x38, 0x81, 0x38, 0x81, 0x38, 0x81, 0x38, 0x81, 0x38, 0x81, 0x38, 0x81, 
    0x38, 0x81, 0x38, 0x81, 0x07, 0xe0, 0x07, 0xe0, 0x07, 0xe0, 0x38, 0x81, 0x38, 0x81, 0x38, 0x81, 
    0x38, 0x81, 0x38, 0x81, 0x38, 0x81, 0x38, 0x81, 0x38, 0x81, 0x38, 0x81, 0x38, 0x81, 0x38, 0x81, 
    0x38, 0x81, 0x38, 0x81, 0x38, 0x81, 0x38, 0x81, 0x38, 0x81, 0x38, 0x81, 0x07, 0xe0, 0x07, 0xe0, 
    0x38, 0x81, 0x38, 0x81, 0x38, 0x81, 0x38, 0x81, 0x38, 0x81, 0x38, 0x81, 0x38, 0x81, 0x38, 0x81, 
    0x38, 0x81, 0x38, 0x81, 0x38, 0x81, 0x38, 0x81, 0x38, 0x81, 0x38, 0x81, 0x38, 0x81, 0x38, 0x81, 
    0x38, 0x81, 0x38, 0x81, 0x07, 0xe0, 0x07, 0xe0, 0x38, 0x81, 0x38, 0x81, 0x38, 0x81, 0x38, 0x81, 
    0x38, 0x81, 0x38, 0x81, 0x38, 0x81, 0x38, 0x81, 0x38, 0x81, 0x38, 0x81, 0x38, 0x81, 0x38, 0x81, 
    0x38, 0x81, 0x38, 0x81, 0x38, 0x81, 0x38, 0x81, 0x38, 0x81, 0x38, 0x81, 0x38, 0x81, 0x07, 0xe0, 
    0x38, 0x81, 0x38, 0x81, 0x38, 0x81, 0x38, 0x81, 0x38, 0x81, 0x38, 0x81, 0x38, 0x81, 0x38, 0x81, 
    0x38, 0x81, 0x38, 0x81, 0x38, 0x81, 0x38, 0x81, 0x38, 0x81, 0x38, 0x81, 0x38, 0x81, 0x38, 0x81, 
    0x38, 0x81, 0x38, 0x81, 0x38, 0x81, 0x07, 0xe0, 0x38, 0x81, 0x38, 0x81, 0x38, 0x81, 0x38, 0x81, 
    0x38, 0x81, 0x38, 0x81, 0x38, 0x81, 0x38, 0x81, 0x38, 0x81, 0x38, 0x81, 0x38, 0x81, 0x38, 0x81, 
    0x38, 0x81, 0x38, 0x81, 0x38, 0x81, 0x38, 0x81, 0x38, 0x81, 0x38, 0x81, 0x38, 0x81, 0x07, 0xe0, 
    0x38, 0x81, 0x38, 0x81, 0x38, 0x81, 0x38, 0x81, 0x38, 0x81, 0x38, 0x81, 0x38, 0x81, 0x38, 0x81, 
    0x38, 0x81, 0x38, 0x81, 0x38, 0x81, 0x38, 0x81, 0x38, 0x81, 0x38, 0x81, 0x38, 0x81, 0x38, 0x81, 
    0x38, 0x81, 0x38, 0x81, 0x38, 0x81, 0x07, 0xe0, 0x38, 0x81, 0x38, 0x81, 0x38, 0x81, 0x38, 0x81, 
    0x38, 0x81, 0x38, 0x81, 0x38, 0x81, 0x38, 0x81, 0x38, 0x81, 0x38, 0x81, 0x38, 0x81, 0x38, 0x81, 
    0x38, 0x81, 0x38, 0x81, 0x38, 0x81, 0x38, 0x81, 0x38, 0x81, 0x38, 0x81, 0x38, 0x81, 0x07, 0xe0, 
    0x38, 0x81, 0x38, 0x81, 0x38, 0x81, 0x38, 0x81, 0x38, 0x81, 0x38, 0x81, 0x38, 0x81, 0x38, 0x81, 
    0x38, 0x81, 0x38, 0x81, 0x38, 0x81, 0x38, 0x81, 0x38, 0x81, 0x38, 0x81, 0x38, 0x81, 0x38, 0x81, 
    0x38, 0x81, 0x38, 0x81, 0x38, 0x81, 0x07, 0xe0, 0x07, 0xe0, 0x38, 0x81, 0x07, 0xe0, 0x38, 0x81, 
    0x38, 0x81, 0x38, 0x81, 0x38, 0x81, 0x38, 0x81, 0x38, 0x81, 0x38, 0x81, 0x38, 0x81, 0x38, 0x81, 
    0x38, 0x81, 0x38, 0x81, 0x38, 0x81, 0x38, 0x81, 0x07, 0xe0, 0x38, 0x81, 0x07, 0xe0, 0x07, 0xe0, 
    0x07, 0xe0, 0x07, 0xe0, 0x07, 0xe0, 0x38, 0x81, 0x07, 0xe0, 0x07, 0xe0, 0x07, 0xe0, 0x38, 0x81, 
    0xfe, 0x41, 0xfe, 0x41, 0x38, 0x81, 0x07, 0xe0, 0x07, 0xe0, 0x07, 0xe0, 0x07, 0xe0, 0x07, 0xe0, 
    0x07, 0xe0, 0x07, 0xe0, 0x07, 0xe0, 0x07, 0xe0, 0x07, 0xe0, 0x07, 0xe0, 0x07, 0xe0, 0x07, 0xe0, 
    0x07, 0xe0, 0x38, 0x81, 0x38, 0x81, 0x38, 0x81, 0x38, 0x81, 0x38, 0x81, 0x38, 0x81, 0x38, 0x81, 
    0x07, 0xe0, 0x07, 0xe0, 0x07, 0xe0, 0x07, 0xe0, 0x07, 0xe0, 0x07, 0xe0, 0x07, 0xe0, 0x07, 0xe0, 
    0x07, 0xe0, 0x07, 0xe0, 0x07, 0xe0, 0x38, 0x81, 0x38, 0x81, 0x38, 0x81, 0x65, 0x3c, 0x65, 0x3c, 
    0x65, 0x3c, 0x65, 0x3c, 0x65, 0x3c, 0x65, 0x3c, 0x38, 0x81, 0x38, 0x81, 0x38, 0x81, 0x07, 0xe0, 
    0x07, 0xe0, 0x07, 0xe0, 0x07, 0xe0, 0x07, 0xe0, 0x07, 0xe0, 0x07, 0xe0, 0x38, 0x81, 0x65, 0x3c, 
    0x38, 0x81, 0x65, 0x3c, 0x65, 0x3c, 0x65, 0x3c, 0x65, 0x3c, 0x65, 0x3c, 0x65, 0x3c, 0x65, 0x3c, 
    0x65, 0x3c, 0x38, 0x81, 0x65, 0x3c, 0x38, 0x81, 0x07, 0xe0, 0x07, 0xe0, 0x07, 0xe0, 0x07, 0xe0, 
    0x07, 0xe0, 0x38, 0x81, 0x65, 0x3c, 0x38, 0x81, 0x38, 0x81, 0xe0, 0x3f, 0xe0, 0x3f, 0xe0, 0x3f, 
    0xe0, 0x3f, 0xe0, 0x3f, 0xe0, 0x3f, 0xe0, 0x3f, 0xe0, 0x3f, 0xe0, 0x3f, 0x38, 0x81, 0x65, 0x3c, 
    0x38, 0x81, 0x07, 0xe0, 0x07, 0xe0, 0x07, 0xe0, 0x07, 0xe0, 0x38, 0x81, 0x65, 0x3c, 0x38, 0x81, 
    0x65, 0x3c, 0x65, 0x3c, 0x65, 0x3c, 0x65, 0x3c, 0x65, 0x3c, 0x65, 0x3c, 0x65, 0x3c, 0x65, 0x3c, 
    0x65, 0x3c, 0x65, 0x3c, 0x38, 0x81, 0x65, 0x3c, 0x38, 0x81, 0x07, 0xe0, 0x07, 0xe0, 0x07, 0xe0, 
    0x07, 0xe0, 0x38, 0x81, 0x38, 0x81, 0x38, 0x81, 0xe0, 0x3f, 0xe0, 0x3f, 0xe0, 0x3f, 0xe0, 0x3f, 
    0xe0, 0x3f, 0xe0, 0x3f, 0xe0, 0x3f, 0xe0, 0x3f, 0xe0, 0x3f, 0xe0, 0x3f, 0x38, 0x81, 0x38, 0x81, 
    0x38, 0x81, 0x07, 0xe0, 0x07, 0xe0, 0x07, 0xe0, 0x07, 0xe0, 0x38, 0x81, 0xfe, 0x41, 0x38, 0x81, 
    0x65, 0x3c, 0x65, 0x3c, 0x65, 0x3c, 0x65, 0x3c, 0x65, 0x3c, 0x65, 0x3c, 0x65, 0x3c, 0x65, 0x3c, 
    0x65, 0x3c, 0x65, 0x3c, 0x38, 0x81, 0xfe, 0x41, 0x38, 0x81, 0x07, 0xe0, 0x07, 0xe0, 0x07, 0xe0, 
    0x07, 0xe0, 0x38, 0x81, 0x38, 0x81, 0x38, 0x81, 0x65, 0x3c, 0x65, 0x3c, 0x65, 0x3c, 0x65, 0x3c, 
    0x65, 0x3c, 0x65, 0x3c, 0x65, 0x3c, 0x65, 0x3c, 0x65, 0x3c, 0x65, 0x3c, 0x38, 0x81, 0x38, 0x81, 
    0x38, 0x81, 0x07, 0xe0, 0x07, 0xe0, 0x07, 0xe0, 0x07, 0xe0, 0x07, 0xe0, 0x07, 0xe0, 0x38, 0x81, 
    0x65, 0x3c, 0x65, 0x3c, 0x65, 0x3c, 0x65, 0x3c, 0x38, 0x81, 0x38, 0x81, 0x38, 0x81, 0x65, 0x3c, 
    0x65, 0x3c, 0x65, 0x3c, 0x38, 0x81, 0x07, 0xe0, 0x07, 0xe0, 0x07, 0xe0, 0x07, 0xe0, 0x07, 0xe0, 
    0x07, 0xe0, 0x07, 0xe0, 0x07, 0xe0, 0x38, 0x81, 0x65, 0x3c, 0x65, 0x3c, 0x65, 0x3c, 0x65, 0x3c, 
    0x38, 0x81, 0x07, 0xe0, 0x38, 0x81, 0x65, 0x3c, 0x65, 0x3c, 0x65, 0x3c, 0x38, 0x81, 0x07, 0xe0, 
    0x07, 0xe0, 0x07, 0xe0, 0x07, 0xe0, 0x07, 0xe0, 0x07, 0xe0, 0x07, 0xe0, 0x07, 0xe0, 0x38, 0x81, 
    0x38, 0x81, 0x38, 0x81, 0x38, 0x81, 0x38, 0x81, 0x38, 0x81, 0x07, 0xe0, 0x38, 0x81, 0x38, 0x81, 
    0x38, 0x81, 0x38, 0x81, 0x38, 0x81, 0x07, 0xe0, 0x07, 0xe0, 0x07, 0xe0, 0x07, 0xe0, 0x07, 0xe0, 
    0x07, 0xe0, 0x07, 0xe0, 0x07, 0xe0, 0x07, 0xe0, 0x07, 0xe0, 0x38, 0x81, 0x38, 0x81, 0x38, 0x81, 
    0x38, 0x81, 0x07, 0xe0, 0x38, 0x81, 0x38, 0x81, 0x38, 0x81, 0x07, 0xe0, 0x07, 0xe0, 0x07, 0xe0, 
    0x07, 0xe0, 0x07, 0xe0, 0x07, 0xe0, 0x07, 0xe0, 0x07, 0xe0, 0x07, 0xe0, 0x07, 0xe0, 0x07, 0xe0, 
    0x38, 0x81, 0x38, 0x81, 0x38, 0x81, 0x38, 0x81, 0x38, 0x81, 0x07, 0xe0, 0x38, 0x81, 0x38, 0x81, 
    0x38, 0x81, 0x38, 0x81, 0x38, 0x81, 0x07, 0xe0, 0x07, 0xe0, 0x07, 0xe0, 0x07, 0xe0, 0x07, 0xe0, 
};

hagl_bitmap_t friskWalkW1 = {
    .width = 20,
    .height = 30,
    .depth = 16, // RGB565 is 16-bit
    .buffer = friskWalkW1buf,
};

// Image: friskWalkW2.png (20x30)
unsigned char friskWalkW2buf[] = {
    0x07, 0xe0, 0x07, 0xe0, 0x07, 0xe0, 0x07, 0xe0, 0x07, 0xe0, 0x38, 0x81, 0x38, 0x81, 0x38, 0x81, 
    0x38, 0x81, 0x38, 0x81, 0x38, 0x81, 0x38, 0x81, 0x38, 0x81, 0x38, 0x81, 0x07, 0xe0, 0x07, 0xe0, 
    0x07, 0xe0, 0x07, 0xe0, 0x07, 0xe0, 0x07, 0xe0, 0x07, 0xe0, 0x07, 0xe0, 0x07, 0xe0, 0x07, 0xe0, 
    0x38, 0x81, 0x38, 0x81, 0x38, 0x81, 0x38, 0x81, 0x38, 0x81, 0x38, 0x81, 0x38, 0x81, 0x38, 0x81, 
    0x38, 0x81, 0x38, 0x81, 0x38, 0x81, 0x07, 0xe0, 0x07, 0xe0, 0x07, 0xe0, 0x07, 0xe0, 0x07, 0xe0, 
    0x07, 0xe0, 0x07, 0xe0, 0x07, 0xe0, 0x38, 0x81, 0x38, 0x81, 0x38, 0x81, 0x38, 0x81, 0x38, 0x81, 
    0x38, 0x81, 0x38, 0x81, 0x38, 0x81, 0x38, 0x81, 0x38, 0x81, 0x38, 0x81, 0x38, 0x81, 0x38, 0x81, 
    0x07, 0xe0, 0x07, 0xe0, 0x07, 0xe0, 0x07, 0xe0, 0x07, 0xe0, 0x07, 0xe0, 0x38, 0x81, 0x38, 0x81, 
    0x38, 0x81, 0x38, 0x81, 0x38, 0x81, 0x38, 0x81, 0x38, 0x81, 0x38, 0x81, 0x38, 0x81, 0x38, 0x81, 
    0x38, 0x81, 0x38, 0x81, 0x38, 0x81, 0x38, 0x81, 0x38, 0x81, 0x07, 0xe0, 0x07, 0xe0, 0x07, 0xe0, 
    0x07, 0xe0, 0x38, 0x81, 0x38, 0x81, 0x38, 0x81, 0x38, 0x81, 0x38, 0x81, 0x38, 0x81, 0x38, 0x81, 
    0x38, 0x81, 0x38, 0x81, 0x38, 0x81, 0x38, 0x81, 0x38, 0x81, 0x38, 0x81, 0x38, 0x81, 0x38, 0x81, 
    0x38, 0x81, 0x07, 0xe0, 0x07, 0xe0, 0x07, 0xe0, 0x07, 0xe0, 0x38, 0x81, 0x38, 0x81, 0x38, 0x81, 
    0x38, 0x81, 0x38, 0x81, 0x38, 0x81, 0x38, 0x81, 0x38, 0x81, 0x38, 0x81, 0x38, 0x81, 0x38, 0x81, 
    0x38, 0x81, 0x38, 0x81, 0x38, 0x81, 0x38, 0x81, 0x38, 0x81, 0x38, 0x81, 0x07, 0xe0, 0x07, 0xe0, 
    0x07, 0xe0, 0x38, 0x81, 0x38, 0x81, 0x38, 0x81, 0x38, 0x81, 0x38, 0x81, 0x38, 0x81, 0x38, 0x81, 
    0x38, 0x81, 0x38, 0x81, 0x38, 0x81, 0x38, 0x81, 0x38, 0x81, 0x38, 0x81, 0x38, 0x81, 0x38, 0x81, 
    0x38, 0x81, 0x38, 0x81, 0x07, 0xe0, 0x07, 0xe0, 0x38, 0x81, 0x38, 0x81, 0x38, 0x81, 0x38, 0x81, 
    0x38, 0x81, 0x38, 0x81, 0x38, 0x81, 0x38, 0x81, 0x38, 0x81, 0x38, 0x81, 0x38, 0x81, 0x38, 0x81, 
    0x38, 0x81, 0x38, 0x81, 0x38, 0x81, 0x38, 0x81, 0x38, 0x81, 0x38, 0x81, 0x07, 0xe0, 0x07, 0xe0, 
    0x38, 0x81, 0x38, 0x81, 0x38, 0x81, 0x38, 0x81, 0x38, 0x81, 0x38, 0x81, 0x38, 0x81, 0x38, 0x81, 
    0x38, 0x81, 0x38, 0x81, 0x38, 0x81, 0x38, 0x81, 0x38, 0x81, 0x38, 0x81, 0x38, 0x81, 0x38, 0x81, 
    0x38, 0x81, 0x38, 0x81, 0x38, 0x81, 0x07, 0xe0, 0x38, 0x81, 0x38, 0x81, 0x38, 0x81, 0x38, 0x81, 
    0x38, 0x81, 0x38, 0x81, 0x38, 0x81, 0x38, 0x81, 0x38, 0x81, 0x38, 0x81, 0x38, 0x81, 0x38, 0x81, 
    0x38, 0x81, 0x38, 0x81, 0x38, 0x81, 0x38, 0x81, 0x38, 0x81, 0x38, 0x81, 0x38, 0x81, 0x07, 0xe0, 
    0x38, 0x81, 0x38, 0x81, 0x38, 0x81, 0x38, 0x81, 0x38, 0x81, 0x38, 0x81, 0x38, 0x81, 0x38, 0x81, 
    0x38, 0x81, 0x38, 0x81, 0x38, 0x81, 0x38, 0x81, 0x38, 0x81, 0x38, 0x81, 0x38, 0x81, 0x38, 0x81, 
    0x38, 0x81, 0x38, 0x81, 0x38, 0x81, 0x07, 0xe0, 0x38, 0x81, 0x38, 0x81, 0x38, 0x81, 0x38, 0x81, 
    0x38, 0x81, 0x38, 0x81, 0x38, 0x81, 0x38, 0x81, 0x38, 0x81, 0x38, 0x81, 0x38, 0x81, 0x38, 0x81, 
    0x38, 0x81, 0x38, 0x81, 0x38, 0x81, 0x38, 0x81, 0x38, 0x81, 0x38, 0x81, 0x38, 0x81, 0x07, 0xe0, 
    0x38, 0x81, 0x38, 0x81, 0x38, 0x81, 0x38, 0x81, 0x38, 0x81, 0x38, 0x81, 0x38, 0x81, 0x38, 0x81, 
    0x38, 0x81, 0x38, 0x81, 0x38, 0x81, 0x38, 0x81, 0x38, 0x81, 0x38, 0x81, 0x38, 0x81, 0x38, 0x81, 
    0x38, 0x81, 0x38, 0x81, 0x38, 0x81, 0x07, 0xe0, 0x38, 0x81, 0x38, 0x81, 0x38, 0x81, 0x38, 0x81, 
    0x38, 0x81, 0x38, 0x81, 0x38, 0x81, 0x38, 0x81, 0x38, 0x81, 0x38, 0x81, 0x38, 0x81, 0x38, 0x81, 
    0x38, 0x81, 0x38, 0x81, 0x38, 0x81, 0x38, 0x81, 0x38, 0x81, 0x38, 0x81, 0x38, 0x81, 0x07, 0xe0, 
    0x07, 0xe0, 0x38, 0x81, 0x07, 0xe0, 0x38, 0x81, 0x38, 0x81, 0x38, 0x81, 0x38, 0x81, 0x38, 0x81, 
    0x38, 0x81, 0x38, 0x81, 0x38, 0x81, 0x38, 0x81, 0x38, 0x81, 0x38, 0x81, 0x38, 0x81, 0x38, 0x81, 
    0x07, 0xe0, 0x38, 0x81, 0x07, 0xe0, 0x07, 0xe0, 0x07, 0xe0, 0x07, 0xe0, 0x07, 0xe0, 0x38, 0x81, 
    0x07, 0xe0, 0x07, 0xe0, 0x07, 0xe0, 0x38, 0x81, 0xfe, 0x41, 0xfe, 0x41, 0x38, 0x81, 0x07, 0xe0, 
    0x07, 0xe0, 0x07, 0xe0, 0x07, 0xe0, 0x07, 0xe0, 0x07, 0xe0, 0x07, 0xe0, 0x07, 0xe0, 0x07, 0xe0, 
    0x07, 0xe0, 0x07, 0xe0, 0x07, 0xe0, 0x07, 0xe0, 0x07, 0xe0, 0x38, 0x81, 0x38, 0x81, 0x38, 0x81, 
    0x38, 0x81, 0x38, 0x81, 0x38, 0x81, 0x38, 0x81, 0x07, 0xe0, 0x07, 0xe0, 0x07, 0xe0, 0x07, 0xe0, 
    0x07, 0xe0, 0x07, 0xe0, 0x07, 0xe0, 0x07, 0xe0, 0x07, 0xe0, 0x07, 0xe0, 0x07, 0xe0, 0x38, 0x81, 
    0x38, 0x81, 0x38, 0x81, 0x65, 0x3c, 0x65, 0x3c, 0x65, 0x3c, 0x65, 0x3c, 0x65, 0x3c, 0x65, 0x3c, 
    0x38, 0x81, 0x38, 0x81, 0x38, 0x81, 0x07, 0xe0, 0x07, 0xe0, 0x07, 0xe0, 0x07, 0xe0, 0x07, 0xe0, 
    0x07, 0xe0, 0x07, 0xe0, 0x38, 0x81, 0x65, 0x3c, 0x38, 0x81, 0x65, 0x3c, 0x65, 0x3c, 0x65, 0x3c, 
    0x65, 0x3c, 0x65, 0x3c, 0x65, 0x3c, 0x65, 0x3c, 0x65, 0x3c, 0x38, 0x81, 0x65, 0x3c, 0x38, 0x81, 
    0x07, 0xe0, 0x07, 0xe0, 0x07, 0xe0, 0x07, 0xe0, 0x07, 0xe0, 0x38, 0x81, 0x65, 0x3c, 0x38, 0x81, 
    0x38, 0x81, 0xe0, 0x3f, 0xe0, 0x3f, 0xe0, 0x3f, 0xe0, 0x3f, 0xe0, 0x3f, 0xe0, 0x3f, 0xe0, 0x3f, 
    0xe0, 0x3f, 0xe0, 0x3f, 0x38, 0x81, 0x65, 0x3c, 0x38, 0x81, 0x07, 0xe0, 0x07, 0xe0, 0x07, 0xe0, 
    0x07, 0xe0, 0x38, 0x81, 0x38, 0x81, 0x38, 0x81, 0x65, 0x3c, 0x65, 0x3c, 0x65, 0x3c, 0x65, 0x3c, 
    0x65, 0x3c, 0x65, 0x3c, 0x65, 0x3c, 0x65, 0x3c, 0x65, 0x3c, 0x65, 0x3c, 0x38, 0x81, 0x38, 0x81, 
    0x38, 0x81, 0x07, 0xe0, 0x07, 0xe0, 0x07, 0xe0, 0x07, 0xe0, 0x38, 0x81, 0xfe, 0x41, 0x38, 0x81, 
    0xe0, 0x3f, 0xe0, 0x3f, 0xe0, 0x3f, 0xe0, 0x3f, 0xe0, 0x3f, 0xe0, 0x3f, 0xe0, 0x3f, 0xe0, 0x3f, 
    0xe0, 0x3f, 0x38, 0x81, 0xfe, 0x41, 0xfe, 0x41, 0x38, 0x81, 0x07, 0xe0, 0x07, 0xe0, 0x07, 0xe0, 
    0x07, 0xe0, 0x07, 0xe0, 0x38, 0x81, 0x38, 0x81, 0x65, 0x3c, 0x65, 0x3c, 0x65, 0x3c, 0x65, 0x3c, 
    0x65, 0x3c, 0x65, 0x3c, 0x65, 0x3c, 0x65, 0x3c, 0x65, 0x3c, 0x38, 0x81, 0xfe, 0x41, 0xfe, 0x41, 
    0x38, 0x81, 0x07, 0xe0, 0x07, 0xe0, 0x07, 0xe0, 0x07, 0xe0, 0x07, 0xe0, 0x07, 0xe0, 0x38, 0x81, 
    0x65, 0x3c, 0x65, 0x3c, 0x65, 0x3c, 0x65, 0x3c, 0x65, 0x3c, 0x65, 0x3c, 0x65, 0x3c, 0x65, 0x3c, 
    0x65, 0x3c, 0x65, 0x3c, 0x38, 0x81, 0x38, 0x81, 0x38, 0x81, 0x07, 0xe0, 0x07, 0xe0, 0x07, 0xe0, 
    0x07, 0xe0, 0x07, 0xe0, 0x07, 0xe0, 0x38, 0x81, 0x65, 0x3c, 0x65, 0x3c, 0x65, 0x3c, 0x65, 0x3c, 
    0x38, 0x81, 0x38, 0x81, 0x65, 0x3c, 0x38, 0x81, 0x38, 0x81, 0x65, 0x3c, 0x38, 0x81, 0x07, 0xe0, 
    0x07, 0xe0, 0x07, 0xe0, 0x07, 0xe0, 0x07, 0xe0, 0x07, 0xe0, 0x07, 0xe0, 0x07, 0xe0, 0x07, 0xe0, 
    0x38, 0x81, 0x65, 0x3c, 0x65, 0x3c, 0x38, 0x81, 0x38, 0x81, 0x07, 0xe0, 0x38, 0x81, 0x38, 0x81, 
    0x38, 0x81, 0x38, 0x81, 0x07, 0xe0, 0x07, 0xe0, 0x07, 0xe0, 0x07, 0xe0, 0x07, 0xe0, 0x07, 0xe0, 
    0x07, 0xe0, 0x07, 0xe0, 0x07, 0xe0, 0x07, 0xe0, 0x07, 0xe0, 0x38, 0x81, 0x38, 0x81, 0x38, 0x81, 
    0x38, 0x81, 0x07, 0xe0, 0x38, 0x81, 0x38, 0x81, 0x38, 0x81, 0x38, 0x81, 0x07, 0xe0, 0x07, 0xe0, 
    0x07, 0xe0, 0x07, 0xe0, 0x07, 0xe0, 0x07, 0xe0, 0x07, 0xe0, 0x07, 0xe0, 0x07, 0xe0, 0x07, 0xe0, 
    0x07, 0xe0, 0x38, 0x81, 0x38, 0x81, 0x38, 0x81, 0x07, 0xe0, 0x07, 0xe0, 0x38, 0x81, 0x38, 0x81, 
    0x38, 0x81, 0x07, 0xe0, 0x07, 0xe0, 0x07, 0xe0, 0x07, 0xe0, 0x07, 0xe0, 0x07, 0xe0, 0x07, 0xe0, 
    0x07, 0xe0, 0x07, 0xe0, 0x07, 0xe0, 0x07, 0xe0, 0x07, 0xe0, 0x07, 0xe0, 0x07, 0xe0, 0x07, 0xe0, 
    0x07, 0xe0, 0x07, 0xe0, 0x38, 0x81, 0x38, 0x81, 0x07, 0xe0, 0x07, 0xe0, 0x07, 0xe0, 0x07, 0xe0, 
    0x07, 0xe0, 0x07, 0xe0, 0x07, 0xe0, 0x07, 0xe0, 0x07, 0xe0, 0x07, 0xe0, 0x07, 0xe0, 0x07, 0xe0, 
    0x07, 0xe0, 0x07, 0xe0, 0x07, 0xe0, 0x07, 0xe0, 0x07, 0xe0, 0x07, 0xe0, 0x07, 0xe0, 0x07, 0xe0, 
    0x07, 0xe0, 0x07, 0xe0, 0x07, 0xe0, 0x07, 0xe0, 0x07, 0xe0, 0x07, 0xe0, 0x07, 0xe0, 0x07, 0xe0, 
};

hagl_bitmap_t friskWalkW2 = {
    .width = 20,
    .height = 30,
    .depth = 16, // RGB565 is 16-bit
    .buffer = friskWalkW2buf,
};

// Image: friskWalkW3.png (20x30)
unsigned char friskWalkW3buf[] = {
    0x07, 0xe0, 0x07, 0xe0, 0x07, 0xe0, 0x07, 0xe0, 0x07, 0xe0, 0x38, 0x81, 0x38, 0x81, 0x38, 0x81, 
    0x38, 0x81, 0x38, 0x81, 0x38, 0x81, 0x38, 0x81, 0x38, 0x81, 0x38, 0x81, 0x07, 0xe0, 0x07, 0xe0, 
    0x07, 0xe0, 0x07, 0xe0, 0x07, 0xe0, 0x07, 0xe0, 0x07, 0xe0, 0x07, 0xe0, 0x07, 0xe0, 0x07, 0xe0, 
    0x38, 0x81, 0x38, 0x81, 0x38, 0x81, 0x38, 0x81, 0x38, 0x81, 0x38, 0x81, 0x38, 0x81, 0x38, 0x81, 
    0x38, 0x81, 0x38, 0x81, 0x38, 0x81, 0x07, 0xe0, 0x07, 0xe0, 0x07, 0xe0, 0x07, 0xe0, 0x07, 0xe0, 
    0x07, 0xe0, 0x07, 0xe0, 0x07, 0xe0, 0x38, 0x81, 0x38, 0x81, 0x38, 0x81, 0x38, 0x81, 0x38, 0x81, 
    0x38, 0x81, 0x38, 0x81, 0x38, 0x81, 0x38, 0x81, 0x38, 0x81, 0x38, 0x81, 0x38, 0x81, 0x38, 0x81, 
    0x07, 0xe0, 0x07, 0xe0, 0x07, 0xe0, 0x07, 0xe0, 0x07, 0xe0, 0x07, 0xe0, 0x38, 0x81, 0x38, 0x81, 
    0x38, 0x81, 0x38, 0x81, 0x38, 0x81, 0x38, 0x81, 0x38, 0x81, 0x38, 0x81, 0x38, 0x81, 0x38, 0x81, 
    0x38, 0x81, 0x38, 0x81, 0x38, 0x81, 0x38, 0x81, 0x38, 0x81, 0x07, 0xe0, 0x07, 0xe0, 0x07, 0xe0, 
    0x07, 0xe0, 0x38, 0x81, 0x38, 0x81, 0x38, 0x81, 0x38, 0x81, 0x38, 0x81, 0x38, 0x81, 0x38, 0x81, 
    0x38, 0x81, 0x38, 0x81, 0x38, 0x81, 0x38, 0x81, 0x38, 0x81, 0x38, 0x81, 0x38, 0x81, 0x38, 0x81, 
    0x38, 0x81, 0x07, 0xe0, 0x07, 0xe0, 0x07, 0xe0, 0x07, 0xe0, 0x38, 0x81, 0x38, 0x81, 0x38, 0x81, 
    0x38, 0x81, 0x38, 0x81, 0x38, 0x81, 0x38, 0x81, 0x38, 0x81, 0x38, 0x81, 0x38, 0x81, 0x38, 0x81, 
    0x38, 0x81, 0x38, 0x81, 0x38, 0x81, 0x38, 0x81, 0x38, 0x81, 0x38, 0x81, 0x07, 0xe0, 0x07, 0xe0, 
    0x07, 0xe0, 0x38, 0x81, 0x38, 0x81, 0x38, 0x81, 0x38, 0x81, 0x38, 0x81, 0x38, 0x81, 0x38, 0x81, 
    0x38, 0x81, 0x38, 0x81, 0x38, 0x81, 0x38, 0x81, 0x38, 0x81, 0x38, 0x81, 0x38, 0x81, 0x38, 0x81, 
    0x38, 0x81, 0x38, 0x81, 0x07, 0xe0, 0x07, 0xe0, 0x38, 0x81, 0x38, 0x81, 0x38, 0x81, 0x38, 0x81, 
    0x38, 0x81, 0x38, 0x81, 0x38, 0x81, 0x38, 0x81, 0x38, 0x81, 0x38, 0x81, 0x38, 0x81, 0x38, 0x81, 
    0x38, 0x81, 0x38, 0x81, 0x38, 0x81, 0x38, 0x81, 0x38, 0x81, 0x38, 0x81, 0x07, 0xe0, 0x07, 0xe0, 
    0x38, 0x81, 0x38, 0x81, 0x38, 0x81, 0x38, 0x81, 0x38, 0x81, 0x38, 0x81, 0x38, 0x81, 0x38, 0x81, 
    0x38, 0x81, 0x38, 0x81, 0x38, 0x81, 0x38, 0x81, 0x38, 0x81, 0x38, 0x81, 0x38, 0x81, 0x38, 0x81, 
    0x38, 0x81, 0x38, 0x81, 0x38, 0x81, 0x07, 0xe0, 0x38, 0x81, 0x38, 0x81, 0x38, 0x81, 0x38, 0x81, 
    0x38, 0x81, 0x38, 0x81, 0x38, 0x81, 0x38, 0x81, 0x38, 0x81, 0x38, 0x81, 0x38, 0x81, 0x38, 0x81, 
    0x38, 0x81, 0x38, 0x81, 0x38, 0x81, 0x38, 0x81, 0x38, 0x81, 0x38, 0x81, 0x38, 0x81, 0x07, 0xe0, 
    0x38, 0x81, 0x38, 0x81, 0x38, 0x81, 0x38, 0x81, 0x38, 0x81, 0x38, 0x81, 0x38, 0x81, 0x38, 0x81, 
    0x38, 0x81, 0x38, 0x81, 0x38, 0x81, 0x38, 0x81, 0x38, 0x81, 0x38, 0x81, 0x38, 0x81, 0x38, 0x81, 
    0x38, 0x81, 0x38, 0x81, 0x38, 0x81, 0x07, 0xe0, 0x38, 0x81, 0x38, 0x81, 0x38, 0x81, 0x38, 0x81, 
    0x38, 0x81, 0x38, 0x81, 0x38, 0x81, 0x38, 0x81, 0x38, 0x81, 0x38, 0x81, 0x38, 0x81, 0x38, 0x81, 
    0x38, 0x81, 0x38, 0x81, 0x38, 0x81, 0x38, 0x81, 0x38, 0x81, 0x38, 0x81, 0x38, 0x81, 0x07, 0xe0, 
    0x38, 0x81, 0x38, 0x81, 0x38, 0x81, 0x38, 0x81, 0x38, 0x81, 0x38, 0x81, 0x38, 0x81, 0x38, 0x81, 
    0x38, 0x81, 0x38, 0x81, 0x38, 0x81, 0x38, 0x81, 0x38, 0x81, 0x38, 0x81, 0x38, 0x81, 0x38, 0x81, 
    0x38, 0x81, 0x38, 0x81, 0x38, 0x81, 0x07, 0xe0, 0x38, 0x81, 0x38, 0x81, 0x38, 0x81, 0x38, 0x81, 
    0x38, 0x81, 0x38, 0x81, 0x38, 0x81, 0x38, 0x81, 0x38, 0x81, 0x38, 0x81, 0x38, 0x81, 0x38, 0x81, 
    0x38, 0x81, 0x38, 0x81, 0x38, 0x81, 0x38, 0x81, 0x38, 0x81, 0x38, 0x81, 0x38, 0x81, 0x07, 0xe0, 
    0x07, 0xe0, 0x38, 0x81, 0x07, 0xe0, 0x38, 0x81, 0x38, 0x81, 0x38, 0x81, 0x38, 0x81, 0x38, 0x81, 
    0x38, 0x81, 0x38, 0x81, 0x38, 0x81, 0x38, 0x81, 0x38, 0x81, 0x38, 0x81, 0x38, 0x81, 0x38, 0x81, 
    0x07, 0xe0, 0x38, 0x81, 0x07, 0xe0, 0x07, 0xe0, 0x07, 0xe0, 0x07, 0xe0, 0x07, 0xe0, 0x38, 0x81, 
    0x07, 0xe0, 0x07, 0xe0, 0x07, 0xe0, 0x38, 0x81, 0xfe, 0x41, 0xfe, 0x41, 0x38, 0x81, 0x07, 0xe0, 
    0x07, 0xe0, 0x07, 0xe0, 0x07, 0xe0, 0x07, 0xe0, 0x07, 0xe0, 0x07, 0xe0, 0x07, 0xe0, 0x07, 0xe0, 
    0x07, 0xe0, 0x07, 0xe0, 0x07, 0xe0, 0x07, 0xe0, 0x07, 0xe0, 0x38, 0x81, 0x38, 0x81, 0x38, 0x81, 
    0x38, 0x81, 0x38, 0x81, 0x38, 0x81, 0x38, 0x81, 0x07, 0xe0, 0x07, 0xe0, 0x07, 0xe0, 0x07, 0xe0, 
    0x07, 0xe0, 0x07, 0xe0, 0x07, 0xe0, 0x07, 0xe0, 0x07, 0xe0, 0x07, 0xe0, 0x07, 0xe0, 0x38, 0x81, 
    0x38, 0x81, 0x38, 0x81, 0x65, 0x3c, 0x65, 0x3c, 0x65, 0x3c, 0x65, 0x3c, 0x65, 0x3c, 0x65, 0x3c, 
    0x38, 0x81, 0x38, 0x81, 0x38, 0x81, 0x07, 0xe0, 0x07, 0xe0, 0x07, 0xe0, 0x07, 0xe0, 0x07, 0xe0, 
    0x07, 0xe0, 0x07, 0xe0, 0x38, 0x81, 0x65, 0x3c, 0x38, 0x81, 0x65, 0x3c, 0x65, 0x3c, 0x65, 0x3c, 
    0x65, 0x3c, 0x65, 0x3c, 0x65, 0x3c, 0x65, 0x3c, 0x65, 0x3c, 0x38, 0x81, 0x65, 0x3c, 0x38, 0x81, 
    0x07, 0xe0, 0x07, 0xe0, 0x07, 0xe0, 0x07, 0xe0, 0x07, 0xe0, 0x38, 0x81, 0x65, 0x3c, 0x38, 0x81, 
    0xe0, 0x3f, 0xe0, 0x3f, 0xe0, 0x3f, 0xe0, 0x3f, 0xe0, 0x3f, 0xe0, 0x3f, 0xe0, 0x3f, 0xe0, 0x3f, 
    0xe0, 0x3f, 0x38, 0x81, 0x38, 0x81, 0x65, 0x3c, 0x38, 0x81, 0x07, 0xe0, 0x07, 0xe0, 0x07, 0xe0, 
    0x07, 0xe0, 0x38, 0x81, 0x38, 0x81, 0x38, 0x81, 0x65, 0x3c, 0x65, 0x3c, 0x65, 0x3c, 0x65, 0x3c, 
    0x65, 0x3c, 0x65, 0x3c, 0x65, 0x3c, 0x65, 0x3c, 0x65, 0x3c, 0x65, 0x3c, 0x38, 0x81, 0x38, 0x81, 
    0x38, 0x81, 0x07, 0xe0, 0x07, 0xe0, 0x07, 0xe0, 0x07, 0xe0, 0x38, 0x81, 0xfe, 0x41, 0xfe, 0x41, 
    0x38, 0x81, 0xe0, 0x3f, 0xe0, 0x3f, 0xe0, 0x3f, 0xe0, 0x3f, 0xe0, 0x3f, 0xe0, 0x3f, 0xe0, 0x3f, 
    0xe0, 0x3f, 0xe0, 0x3f, 0x38, 0x81, 0xfe, 0x41, 0x38, 0x81, 0x07, 0xe0, 0x07, 0xe0, 0x07, 0xe0, 
    0x07, 0xe0, 0x38, 0x81, 0xfe, 0x41, 0xfe, 0x41, 0x38, 0x81, 0x65, 0x3c, 0x65, 0x3c, 0x65, 0x3c, 
    0x65, 0x3c, 0x65, 0x3c, 0x65, 0x3c, 0x65, 0x3c, 0x65, 0x3c, 0x65, 0x3c, 0x38, 0x81, 0x38, 0x81, 
    0x07, 0xe0, 0x07, 0xe0, 0x07, 0xe0, 0x07, 0xe0, 0x07, 0xe0, 0x38, 0x81, 0x38, 0x81, 0x38, 0x81, 
    0x65, 0x3c, 0x65, 0x3c, 0x65, 0x3c, 0x65, 0x3c, 0x65, 0x3c, 0x65, 0x3c, 0x65, 0x3c, 0x65, 0x3c, 
    0x65, 0x3c, 0x65, 0x3c, 0x38, 0x81, 0x07, 0xe0, 0x07, 0xe0, 0x07, 0xe0, 0x07, 0xe0, 0x07, 0xe0, 
    0x07, 0xe0, 0x07, 0xe0, 0x07, 0xe0, 0x38, 0x81, 0x65, 0x3c, 0x38, 0x81, 0x38, 0x81, 0x65, 0x3c, 
    0x38, 0x81, 0x38, 0x81, 0x65, 0x3c, 0x65, 0x3c, 0x65, 0x3c, 0x65, 0x3c, 0x38, 0x81, 0x07, 0xe0, 
    0x07, 0xe0, 0x07, 0xe0, 0x07, 0xe0, 0x07, 0xe0, 0x07, 0xe0, 0x07, 0xe0, 0x07, 0xe0, 0x07, 0xe0, 
    0x38, 0x81, 0x38, 0x81, 0x38, 0x81, 0x38, 0x81, 0x07, 0xe0, 0x38, 0x81, 0x38, 0x81, 0x65, 0x3c, 
    0x65, 0x3c, 0x38, 0x81, 0x07, 0xe0, 0x07, 0xe0, 0x07, 0xe0, 0x07, 0xe0, 0x07, 0xe0, 0x07, 0xe0, 
    0x07, 0xe0, 0x07, 0xe0, 0x07, 0xe0, 0x07, 0xe0, 0x38, 0x81, 0x38, 0x81, 0x38, 0x81, 0x38, 0x81, 
    0x07, 0xe0, 0x38, 0x81, 0x38, 0x81, 0x38, 0x81, 0x38, 0x81, 0x07, 0xe0, 0x07, 0xe0, 0x07, 0xe0, 
    0x07, 0xe0, 0x07, 0xe0, 0x07, 0xe0, 0x07, 0xe0, 0x07, 0xe0, 0x07, 0xe0, 0x07, 0xe0, 0x07, 0xe0, 
    0x07, 0xe0, 0x38, 0x81, 0x38, 0x81, 0x38, 0x81, 0x07, 0xe0, 0x07, 0xe0, 0x38, 0x81, 0x38, 0x81, 
    0x38, 0x81, 0x07, 0xe0, 0x07, 0xe0, 0x07, 0xe0, 0x07, 0xe0, 0x07, 0xe0, 0x07, 0xe0, 0x07, 0xe0, 
    0x07, 0xe0, 0x07, 0xe0, 0x07, 0xe0, 0x07, 0xe0, 0x07, 0xe0, 0x07, 0xe0, 0x38, 0x81, 0x38, 0x81, 
    0x07, 0xe0, 0x07, 0xe0, 0x07, 0xe0, 0x07, 0xe0, 0x07, 0xe0, 0x07, 0xe0, 0x07, 0xe0, 0x07, 0xe0, 
    0x07, 0xe0, 0x07, 0xe0, 0x07, 0xe0, 0x07, 0xe0, 0x07, 0xe0, 0x07, 0xe0, 0x07, 0xe0, 0x07, 0xe0, 
    0x07, 0xe0, 0x07, 0xe0, 0x07, 0xe0, 0x07, 0xe0, 0x07, 0xe0, 0x07, 0xe0, 0x07, 0xe0, 0x07, 0xe0, 
    0x07, 0xe0, 0x07, 0xe0, 0x07, 0xe0, 0x07, 0xe0, 0x07, 0xe0, 0x07, 0xe0, 0x07, 0xe0, 0x07, 0xe0, 
};

hagl_bitmap_t friskWalkW3 = {
    .width = 20,
    .height = 30,
    .depth = 16, // RGB565 is 16-bit
    .buffer = friskWalkW3buf,
};

// Image: grassTile.png (16x16)
unsigned char grassTilebuf[] = {
    0x32, 0x84, 0x32, 0xe0, 0x22, 0x24, 0x32, 0x84, 0x32, 0xe0, 0x43, 0x42, 0x32, 0x84, 0x3a, 0xe5, 
    0x32, 0x84, 0x32, 0xe0, 0x22, 0x24, 0x32, 0x84, 0x32, 0xe0, 0x43, 0x42, 0x32, 0x84, 0x3a, 0xe5, 
    0x3a, 0xe5, 0x32, 0x84, 0x3a, 0xe5, 0x3a, 0xe5, 0x3a, 0xe5, 0x3a, 0xe5, 0x3a, 0xe5, 0x32, 0x84, 
    0x3a, 0xe5, 0x32, 0x84, 0x3a, 0xe5, 0x3a, 0xe5, 0x3a, 0xe5, 0x3a, 0xe5, 0x3a, 0xe5, 0x32, 0x84, 
    0x3a, 0xe5, 0x32, 0x84, 0x32, 0x84, 0x22, 0x24, 0x32, 0x84, 0x3a, 0xe5, 0x32, 0x84, 0x43, 0x42, 
    0x3a, 0xe5, 0x32, 0x84, 0x32, 0x84, 0x22, 0x24, 0x32, 0x84, 0x3a, 0xe5, 0x32, 0x84, 0x43, 0x42, 
    0x22, 0x24, 0x32, 0xe0, 0x43, 0x42, 0x32, 0x84, 0x22, 0x24, 0x32, 0x84, 0x32, 0x84, 0x32, 0xe0, 
    0x22, 0x24, 0x32, 0xe0, 0x43, 0x42, 0x32, 0x84, 0x22, 0x24, 0x32, 0x84, 0x32, 0x84, 0x32, 0xe0, 
    0x22, 0x24, 0x32, 0x84, 0x32, 0xe0, 0x32, 0x84, 0x32, 0xe0, 0x3a, 0xe5, 0x3a, 0xe5, 0x32, 0x84, 
    0x22, 0x24, 0x32, 0x84, 0x32, 0xe0, 0x32, 0x84, 0x32, 0xe0, 0x3a, 0xe5, 0x3a, 0xe5, 0x32, 0x84, 
    0x32, 0x84, 0x32, 0x84, 0x22, 0x24, 0x32, 0x84, 0x32, 0x84, 0x3a, 0xe5, 0x32, 0x84, 0x32, 0x84, 
    0x32, 0x84, 0x32, 0x84, 0x22, 0x24, 0x32, 0x84, 0x32, 0x84, 0x3a, 0xe5, 0x32, 0x84, 0x32, 0x84, 
    0x22, 0x24, 0x3a, 0xe5, 0x3a, 0xe5, 0x22, 0x24, 0x22, 0x24, 0x32, 0x84, 0x22, 0x24, 0x3a, 0xe5, 
    0x22, 0x24, 0x3a, 0xe5, 0x3a, 0xe5, 0x22, 0x24, 0x22, 0x24, 0x32, 0x84, 0x22, 0x24, 0x3a, 0xe5, 
    0x32, 0x84, 0x32, 0x84, 0x3a, 0xe5, 0x32, 0x84, 0x43, 0x42, 0x32, 0xe0, 0x32, 0x84, 0x3a, 0xe5, 
    0x32, 0x84, 0x32, 0x84, 0x3a, 0xe5, 0x32, 0x84, 0x43, 0x42, 0x32, 0xe0, 0x32, 0x84, 0x3a, 0xe5, 
    0x32, 0x84, 0x32, 0xe0, 0x22, 0x24, 0x32, 0x84, 0x32, 0xe0, 0x43, 0x42, 0x32, 0x84, 0x3a, 0xe5, 
    0x32, 0x84, 0x32, 0xe0, 0x22, 0x24, 0x32, 0x84, 0x32, 0xe0, 0x43, 0x42, 0x32, 0x84, 0x3a, 0xe5, 
    0x3a, 0xe5, 0x32, 0x84, 0x3a, 0xe5, 0x3a, 0xe5, 0x3a, 0xe5, 0x3a, 0xe5, 0x3a, 0xe5, 0x32, 0x84, 
    0x3a, 0xe5, 0x32, 0x84, 0x3a, 0xe5, 0x3a, 0xe5, 0x3a, 0xe5, 0x3a, 0xe5, 0x3a, 0xe5, 0x32, 0x84, 
    0x3a, 0xe5, 0x32, 0x84, 0x32, 0x84, 0x22, 0x24, 0x32, 0x84, 0x3a, 0xe5, 0x32, 0x84, 0x43, 0x42, 
    0x3a, 0xe5, 0x32, 0x84, 0x32, 0x84, 0x22, 0x24, 0x32, 0x84, 0x3a, 0xe5, 0x32, 0x84, 0x43, 0x42, 
    0x22, 0x24, 0x32, 0xe0, 0x43, 0x42, 0x32, 0x84, 0x22, 0x24, 0x32, 0x84, 0x32, 0x84, 0x32, 0xe0, 
    0x22, 0x24, 0x32, 0xe0, 0x43, 0x42, 0x32, 0x84, 0x22, 0x24, 0x32, 0x84, 0x32, 0x84, 0x32, 0xe0, 
    0x22, 0x24, 0x32, 0x84, 0x32, 0xe0, 0x32, 0x84, 0x32, 0xe0, 0x3a, 0xe5, 0x3a, 0xe5, 0x32, 0x84, 
    0x22, 0x24, 0x32, 0x84, 0x32, 0xe0, 0x32, 0x84, 0x32, 0xe0, 0x3a, 0xe5, 0x3a, 0xe5, 0x32, 0x84, 
    0x32, 0x84, 0x32, 0x84, 0x22, 0x24, 0x32, 0x84, 0x32, 0x84, 0x3a, 0xe5, 0x32, 0x84, 0x32, 0x84, 
    0x32, 0x84, 0x32, 0x84, 0x22, 0x24, 0x32, 0x84, 0x32, 0x84, 0x3a, 0xe5, 0x32, 0x84, 0x32, 0x84, 
    0x22, 0x24, 0x3a, 0xe5, 0x3a, 0xe5, 0x22, 0x24, 0x22, 0x24, 0x32, 0x84, 0x22, 0x24, 0x3a, 0xe5, 
    0x22, 0x24, 0x3a, 0xe5, 0x3a, 0xe5, 0x22, 0x24, 0x22, 0x24, 0x32, 0x84, 0x22, 0x24, 0x3a, 0xe5, 
    0x32, 0x84, 0x32, 0x84, 0x3a, 0xe5, 0x32, 0x84, 0x43, 0x42, 0x32, 0xe0, 0x32, 0x84, 0x3a, 0xe5, 
    0x32, 0x84, 0x32, 0x84, 0x3a, 0xe5, 0x32, 0x84, 0x43, 0x42, 0x32, 0xe0, 0x32, 0x84, 0x3a, 0xe5, 
};

hagl_bitmap_t grassTile = {
    .width = 16,
    .height = 16,
    .depth = 16, // RGB565 is 16-bit
    .buffer = grassTilebuf,
};

// Image: logoText.png (144x20)
unsigned char logoTextbuf[] = {
    0x07, 0x3f, 0x07, 0x3f, 0x07, 0x3f, 0x07, 0x3f, 0x07, 0x3f, 0x07, 0x3f, 0x07, 0x3f, 0x07, 0x3f, 
    0x07, 0x3f, 0x07, 0x3f, 0x07, 0x3f, 0x07, 0x3f, 0x00, 0x00, 0x00, 0x00, 0x00, 0x00, 0x00, 0x00, 
    0x00, 0x00, 0x00, 0x00, 0x00, 0x00, 0x00, 0x00, 0x07, 0x3f, 0x07, 0x3f, 0x07, 0x3f, 0x07, 0x3f, 
    0x07, 0x3f, 0x07, 0x3f, 0x07, 0x3f, 0x07, 0x3f, 0x07, 0x3f, 0x07, 0x3f, 0x07, 0x3f, 0x07, 0x3f, 
    0x07, 0x3f, 0x07, 0x3f, 0x00, 0x00, 0x00, 0x00, 0x00, 0x00, 0x00, 0x00, 0x00, 0x00, 0x00, 0x00, 
    0x00, 0x00, 0x00, 0x00, 0x07, 0x3f, 0x07, 0x3f, 0x07, 0x3f, 0x07, 0x3f, 0x07, 0x3f, 0x07, 0x3f, 
    0x07, 0x3f, 0x07, 0x3f, 0x07, 0x3f, 0x07, 0x3f, 0x00, 0x00, 0x00, 0x00, 0x00, 0x00, 0x00, 0x00, 
    0x00, 0x00, 0x00, 0x00, 0x00, 0x00, 0x00, 0x00, 0x00, 0x00, 0x00, 0x00, 0x07, 0x3f, 0x07, 0x3f, 
    0x07, 0x3f, 0x07, 0x3f, 0x07, 0x3f, 0x07, 0x3f, 0x07, 0x3f, 0x07, 0x3f, 0x07, 0x3f, 0x07, 0x3f, 
    0x00, 0x00, 0x00, 0x00, 0x00, 0x00, 0x00, 0x00, 0x00, 0x00, 0x00, 0x00, 0x00, 0x00, 0x00, 0x00, 
    0x00, 0x00, 0x00, 0x00, 0x00, 0x00, 0x00, 0x00, 0x00, 0x00, 0x00, 0x00, 0x00, 0x00, 0x00, 0x00, 
    0x00, 0x00, 0x00, 0x00, 0x07, 0x3f, 0x07, 0x3f, 0x07, 0x3f, 0x07, 0x3f, 0x07, 0x3f, 0x07, 0x3f, 
    0x07, 0x3f, 0x07, 0x3f, 0x07, 0x3f, 0x07, 0x3f, 0x07, 0x3f, 0x07, 0x3f, 0x00, 0x00, 0x00, 0x00, 
    0x00, 0x00, 0x00, 0x00, 0x00, 0x00, 0x00, 0x00, 0x00, 0x00, 0x00, 0x00, 0x07, 0x3f, 0x07, 0x3f, 
    0x07, 0x3f, 0x07, 0x3f, 0x07, 0x3f, 0x07, 0x3f, 0x07, 0x3f, 0x07, 0x3f, 0x07, 0x3f, 0x07, 0x3f, 
    0x07, 0x3f, 0x07, 0x3f, 0x00, 0x00, 0x00, 0x00, 0x00, 0x00, 0x00, 0x00, 0x00, 0x00, 0x00, 0x00, 
    0x00, 0x00, 0x00, 0x00, 0x00, 0x00, 0x00, 0x00, 0x07, 0x3f, 0x07, 0x3f, 0x07, 0x3f, 0x07, 0x3f, 
    0x07, 0x3f, 0x07, 0x3f, 0x07, 0x3f, 0x07, 0x3f, 0x07, 0x3f, 0x07, 0x3f, 0x00, 0x00, 0x00, 0x00, 
    0x07, 0x3f, 0x07, 0x3f, 0x07, 0x3f, 0x07, 0x3f, 0x07, 0x3f, 0x07, 0x3f, 0x07, 0x3f, 0x07, 0x3f, 
    0x07, 0x3f, 0x07, 0x3f, 0x07, 0x3f, 0x07, 0x3f, 0x00, 0x00, 0x00, 0x00, 0x00, 0x00, 0x00, 0x00, 
    0x00, 0x00, 0x00, 0x00, 0x00, 0x00, 0x00, 0x00, 0x07, 0x3f, 0x07, 0x3f, 0x07, 0x3f, 0x07, 0x3f, 
    0x07, 0x3f, 0x07, 0x3f, 0x07, 0x3f, 0x07, 0x3f, 0x07, 0x3f, 0x07, 0x3f, 0x07, 0x3f, 0x07, 0x3f, 
    0x07, 0x3f, 0x07, 0x3f, 0x00, 0x00, 0x00, 0x00, 0x00, 0x00, 0x00, 0x00, 0x00, 0x00, 0x00, 0x00, 
    0x00, 0x00, 0x00, 0x00, 0x07, 0x3f, 0x07, 0x3f, 0x07, 0x3f, 0x07, 0x3f, 0x07, 0x3f, 0x07, 0x3f, 
    0x07, 0x3f, 0x07, 0x3f, 0x07, 0x3f, 0x07, 0x3f, 0x00, 0x00, 0x00, 0x00, 0x00, 0x00, 0x00, 0x00, 
    0x00, 0x00, 0x00, 0x00, 0x00, 0x00, 0x00, 0x00, 0x00, 0x00, 0x00, 0x00, 0x07, 0x3f, 0x07, 0x3f, 
    0x07, 0x3f, 0x07, 0x3f, 0x07, 0x3f, 0x07, 0x3f, 0x07, 0x3f, 0x07, 0x3f, 0x07, 0x3f, 0x07, 0x3f, 
    0x00, 0x00, 0x00, 0x00, 0x00, 0x00, 0x00, 0x00, 0x00, 0x00, 0x00, 0x00, 0x00, 0x00, 0x00, 0x00, 
    0x00, 0x00, 0x00, 0x00, 0x00, 0x00, 0x00, 0x00, 0x00, 0x00, 0x00, 0x00, 0x00, 0x00, 0x00, 0x00, 
    0x00, 0x00, 0x00, 0x00, 0x07, 0x3f, 0x07, 0x3f, 0x07, 0x3f, 0x07, 0x3f, 0x07, 0x3f, 0x07, 0x3f, 
    0x07, 0x3f, 0x07, 0x3f, 0x07, 0x3f, 0x07, 0x3f, 0x07, 0x3f, 0x07, 0x3f, 0x00, 0x00, 0x00, 0x00, 
    0x00, 0x00, 0x00, 0x00, 0x00, 0x00, 0x00, 0x00, 0x00, 0x00, 0x00, 0x00, 0x07, 0x3f, 0x07, 0x3f, 
    0x07, 0x3f, 0x07, 0x3f, 0x07, 0x3f, 0x07, 0x3f, 0x07, 0x3f, 0x07, 0x3f, 0x07, 0x3f, 0x07, 0x3f, 
    0x07, 0x3f, 0x07, 0x3f, 0x00, 0x00, 0x00, 0x00, 0x00, 0x00, 0x00, 0x00, 0x00, 0x00, 0x00, 0x00, 
    0x00, 0x00, 0x00, 0x00, 0x00, 0x00, 0x00, 0x00, 0x07, 0x3f, 0x07, 0x3f, 0x07, 0x3f, 0x07, 0x3f, 
    0x07, 0x3f, 0x07, 0x3f, 0x07, 0x3f, 0x07, 0x3f, 0x07, 0x3f, 0x07, 0x3f, 0x00, 0x00, 0x00, 0x00, 
    0x07, 0x3f, 0x07, 0x3f, 0x07, 0x3f, 0x07, 0x3f, 0x07, 0x3f, 0x07, 0x3f, 0x07, 0x3f, 0x07, 0x3f, 
    0x07, 0x3f, 0x07, 0x3f, 0x07, 0x3f, 0x07, 0x3f, 0x07, 0x3f, 0x07, 0x3f, 0x00, 0x00, 0x00, 0x00, 
    0x00, 0x00, 0x00, 0x00, 0x00, 0x00, 0x00, 0x00, 0x07, 0x3f, 0x07, 0x3f, 0x07, 0x3f, 0x07, 0x3f, 
    0x07, 0x3f, 0x07, 0x3f, 0x07, 0x3f, 0x07, 0x3f, 0x07, 0x3f, 0x07, 0x3f, 0x07, 0x3f, 0x07, 0x3f, 
    0x07, 0x3f, 0x07, 0x3f, 0x00, 0x00, 0x00, 0x00, 0x00, 0x00, 0x00, 0x00, 0x00, 0x00, 0x00, 0x00, 
    0x07, 0x3f, 0x07, 0x3f, 0x07, 0x3f, 0x07, 0x3f, 0x07, 0x3f, 0x07, 0x3f, 0x07, 0x3f, 0x07, 0x3f, 
    0x07, 0x3f, 0x07, 0x3f, 0x07, 0x3f, 0x07, 0x3f, 0x07, 0x3f, 0x07, 0x3f, 0x00, 0x00, 0x00, 0x00, 
    0x00, 0x00, 0x00, 0x00, 0x00, 0x00, 0x00, 0x00, 0x07, 0x3f, 0x07, 0x3f, 0x07, 0x3f, 0x07, 0x3f, 
    0x07, 0x3f, 0x07, 0x3f, 0x07, 0x3f, 0x07, 0x3f, 0x07, 0x3f, 0x07, 0x3f, 0x07, 0x3f, 0x07, 0x3f, 
    0x07, 0x3f, 0x07, 0x3f, 0x00, 0x00, 0x00, 0x00, 0x00, 0x00, 0x00, 0x00, 0x00, 0x00, 0x00, 0x00, 
    0x00, 0x00, 0x00, 0x00, 0x00, 0x00, 0x00, 0x00, 0x00, 0x00, 0x00, 0x00, 0x00, 0x00, 0x00, 0x00, 
    0x00, 0x00, 0x00, 0x00, 0x07, 0x3f, 0x07, 0x3f, 0x07, 0x3f, 0x07, 0x3f, 0x07, 0x3f, 0x07, 0x3f, 
    0x07, 0x3f, 0x07, 0x3f, 0x07, 0x3f, 0x07, 0x3f, 0x07, 0x3f, 0x07, 0x3f, 0x07, 0x3f, 0x07, 0x3f, 
    0x00, 0x00, 0x00, 0x00, 0x00, 0x00, 0x00, 0x00, 0x00, 0x00, 0x00, 0x00, 0x07, 0x3f, 0x07, 0x3f, 
    0x07, 0x3f, 0x07, 0x3f, 0x07, 0x3f, 0x07, 0x3f, 0x07, 0x3f, 0x07, 0x3f, 0x07, 0x3f, 0x07, 0x3f, 
    0x07, 0x3f, 0x07, 0x3f, 0x07, 0x3f, 0x07, 0x3f, 0x00, 0x00, 0x00, 0x00, 0x00, 0x00, 0x00, 0x00, 
    0x00, 0x00, 0x00, 0x00, 0x07, 0x3f, 0x07, 0x3f, 0x07, 0x3f, 0x07, 0x3f, 0x07, 0x3f, 0x07, 0x3f, 
    0x07, 0x3f, 0x07, 0x3f, 0x07, 0x3f, 0x07, 0x3f, 0x07, 0x3f, 0x07, 0x3f, 0x07, 0x3f, 0x07, 0x3f, 
    0x07, 0x3f, 0x07, 0x3f, 0x07, 0x3f, 0x07, 0x3f, 0x07, 0x3f, 0x00, 0x00, 0x00, 0x00, 0x00, 0x00, 
    0x00, 0x00, 0x07, 0x3f, 0x07, 0x3f, 0x07, 0x3f, 0x07, 0x3f, 0x07, 0x3f, 0x00, 0x00, 0x00, 0x00, 
    0x00, 0x00, 0x00, 0x00, 0x00, 0x00, 0x00, 0x00, 0x00, 0x00, 0x00, 0x00, 0x00, 0x00, 0x00, 0x00, 
    0x07, 0x3f, 0x07, 0x3f, 0x07, 0x3f, 0x07, 0x3f, 0x07, 0x3f, 0x00, 0x00, 0x00, 0x00, 0x00, 0x00, 
    0x00, 0x00, 0x00, 0x00, 0x00, 0x00, 0x00, 0x00, 0x00, 0x00, 0x00, 0x00, 0x00, 0x00, 0x00, 0x00, 
    0x07, 0x3f, 0x07, 0x3f, 0x07, 0x3f, 0x07, 0x3f, 0x07, 0x3f, 0x00, 0x00, 0x00, 0x00, 0x00, 0x00, 
    0x00, 0x00, 0x07, 0x3f, 0x07, 0x3f, 0x07, 0x3f, 0x07, 0x3f, 0x07, 0x3f, 0x00, 0x00, 0x00, 0x00, 
    0x00, 0x00, 0x00, 0x00, 0x00, 0x00, 0x00, 0x00, 0x07, 0x3f, 0x07, 0x3f, 0x07, 0x3f, 0x07, 0x3f, 
    0x07, 0x3f, 0x00, 0x00, 0x00, 0x00, 0x00, 0x00, 0x00, 0xe3, 0x07, 0x3f, 0x07, 0x3f, 0x07, 0x3f, 
    0x07, 0x3f, 0x07, 0x3f, 0x00, 0x00, 0x00, 0x00, 0x00, 0x00, 0x00, 0x00, 0x00, 0x00, 0x00, 0x00, 
    0x00, 0x00, 0x00, 0x00, 0x00, 0x00, 0x00, 0x00, 0x00, 0x00, 0x00, 0x00, 0x00, 0x00, 0x00, 0x00, 
    0x00, 0x00, 0x00, 0x00, 0x07, 0x3f, 0x07, 0x3f, 0x07, 0x3f, 0x07, 0x3f, 0x07, 0x3f, 0x00, 0x00, 
    0x00, 0x00, 0x00, 0x00, 0x00, 0x00, 0x07, 0x3f, 0x07, 0x3f, 0x07, 0x3f, 0x07, 0x3f, 0x07, 0x3f, 
    0x00, 0x00, 0x00, 0x00, 0x00, 0x00, 0x00, 0x00, 0x00, 0x00, 0x00, 0x00, 0x07, 0x3f, 0x07, 0x3f, 
    0x07, 0x3f, 0x07, 0x3f, 0x07, 0x3f, 0x00, 0x00, 0x00, 0x00, 0x00, 0x00, 0x00, 0x00, 0x07, 0x3f, 
    0x07, 0x3f, 0x07, 0x3f, 0x07, 0x3f, 0x07, 0x3f, 0x00, 0x00, 0x00, 0x00, 0x00, 0x00, 0x00, 0x00, 
    0x00, 0x00, 0x00, 0x00, 0x07, 0x3f, 0x07, 0x3f, 0x07, 0x3f, 0x07, 0x3f, 0x07, 0x3f, 0x00, 0x00, 
    0x00, 0x00, 0x00, 0x00, 0x00, 0x00, 0x07, 0x3f, 0x07, 0x3f, 0x07, 0x3f, 0x07, 0x3f, 0x07, 0x3f, 
    0x07, 0x3f, 0x07, 0x3f, 0x07, 0x3f, 0x07, 0x3f, 0x07, 0x3f, 0x00, 0x00, 0x00, 0x00, 0x00, 0x00, 
    0x00, 0x00, 0x07, 0x3f, 0x07, 0x3f, 0x07, 0x3f, 0x07, 0x3f, 0x07, 0x3f, 0x00, 0x00, 0x00, 0x00, 
    0x00, 0x00, 0x00, 0x00, 0x00, 0x00, 0x00, 0x00, 0x00, 0x00, 0x00, 0x00, 0x00, 0x00, 0x00, 0x00, 
    0x07, 0x3f, 0x07, 0x3f, 0x07, 0x3f, 0x07, 0x3f, 0x07, 0x3f, 0x00, 0x00, 0x00, 0x00, 0x00, 0x00, 
    0x00, 0x00, 0x00, 0x00, 0x00, 0x00, 0x00, 0x00, 0x00, 0x00, 0x00, 0x00, 0x00, 0x00, 0x00, 0x00, 
    0x07, 0x3f, 0x07, 0x3f, 0x07, 0x3f, 0x07, 0x3f, 0x07, 0x3f, 0x00, 0x00, 0x00, 0x00, 0x00, 0x00, 
    0x00, 0x00, 0x07, 0x3f, 0x07, 0x3f, 0x07, 0x3f, 0x07, 0x3f, 0x07, 0x3f, 0x00, 0x00, 0x00, 0x00, 
    0x00, 0x00, 0x00, 0x00, 0x00, 0x00, 0x00, 0x00, 0x07, 0x3f, 0x07, 0x3f, 0x07, 0x3f, 0x07, 0x3f, 
    0x07, 0x3f, 0x00, 0x00, 0x00, 0x00, 0x00, 0x00, 0x00, 0xe3, 0x07, 0x3f, 0x07, 0x3f, 0x07, 0x3f, 
    0x07, 0x3f, 0x07, 0x3f, 0x00, 0x00, 0x00, 0x00, 0x00, 0x00, 0x00, 0x00, 0x00, 0x00, 0x00, 0x00, 
    0x00, 0x00, 0x00, 0x00, 0x00, 0x00, 0x00, 0x00, 0x00, 0x00, 0x00, 0x00, 0x00, 0x00, 0x00, 0x00, 
    0x00, 0x00, 0x00, 0x00, 0x07, 0x3f, 0x07, 0x3f, 0x07, 0x3f, 0x07, 0x3f, 0x07, 0x3f, 0x00, 0x00, 
    0x00, 0x00, 0x00, 0x00, 0x00, 0x00, 0x07, 0x3f, 0x07, 0x3f, 0x07, 0x3f, 0x07, 0x3f, 0x07, 0x3f, 
    0x00, 0x00, 0x00, 0x00, 0x00, 0x00, 0x00, 0x00, 0x00, 0x00, 0x00, 0x00, 0x07, 0x3f, 0x07, 0x3f, 
    0x07, 0x3f, 0x07, 0x3f, 0x07, 0x3f, 0x00, 0x00, 0x00, 0x00, 0x00, 0x00, 0x00, 0x00, 0x07, 0x3f, 
    0x07, 0x3f, 0x07, 0x3f, 0x07, 0x3f, 0x07, 0x3f, 0x00, 0x00, 0x00, 0x00, 0x00, 0x00, 0x00, 0x00, 
    0x00, 0x00, 0x00, 0x00, 0x07, 0x3f, 0x07, 0x3f, 0x07, 0x3f, 0x07, 0x3f, 0x07, 0x3f, 0x00, 0x00, 
    0x00, 0x00, 0x00, 0x00, 0x00, 0x00, 0x07, 0x3f, 0x07, 0x3f, 0x07, 0x3f, 0x07, 0x3f, 0x07, 0x3f, 
    0x07, 0x3f, 0x07, 0x3f, 0x07, 0x3f, 0x07, 0x3f, 0x07, 0x3f, 0x00, 0x00, 0x00, 0x00, 0x00, 0x00, 
    0x00, 0x00, 0x07, 0x3f, 0x07, 0x3f, 0x07, 0x3f, 0x07, 0x3f, 0x07, 0x3f, 0x00, 0x00, 0x00, 0x00, 
    0x00, 0x00, 0x00, 0x00, 0x00, 0x00, 0x00, 0x00, 0x00, 0x00, 0x00, 0x00, 0x00, 0x00, 0x00, 0x00, 
    0x07, 0x3f, 0x07, 0x3f, 0x07, 0x3f, 0x07, 0x3f, 0x07, 0x3f, 0x00, 0x00, 0x00, 0x00, 0x00, 0x00, 
    0x00, 0x00, 0x00, 0x00, 0x00, 0x00, 0x00, 0x00, 0x00, 0x00, 0x00, 0x00, 0x00, 0x00, 0x00, 0x00, 
    0x07, 0x3f, 0x07, 0x3f, 0x07, 0x3f, 0x07, 0x3f, 0x07, 0x3f, 0x00, 0x00, 0x00, 0x00, 0x00, 0x00, 
    0x00, 0x00, 0x07, 0x3f, 0x07, 0x3f, 0x07, 0x3f, 0x07, 0x3f, 0x07, 0x3f, 0x00, 0x00, 0x00, 0x00, 
    0x00, 0x00, 0x00, 0x00, 0x00, 0x00, 0x00, 0x00, 0x07, 0x3f, 0x07, 0x3f, 0x07, 0x3f, 0x07, 0x3f, 
    0x07, 0x3f, 0x00, 0x00, 0x00, 0x00, 0x00, 0x00, 0x00, 0xe3, 0x07, 0x3f, 0x07, 0x3f, 0x07, 0x3f, 
    0x07, 0x3f, 0x07, 0x3f, 0x00, 0x00, 0x00, 0x00, 0x00, 0x00, 0x00, 0x00, 0x00, 0x00, 0x00, 0x00, 
    0x00, 0x00, 0x00, 0x00, 0x00, 0x00, 0x00, 0x00, 0x00, 0x00, 0x00, 0x00, 0x00, 0x00, 0x00, 0x00, 
    0x00, 0x00, 0x00, 0x00, 0x07, 0x3f, 0x07, 0x3f, 0x07, 0x3f, 0x07, 0x3f, 0x07, 0x3f, 0x00, 0x00, 
    0x00, 0x00, 0x00, 0x00, 0x00, 0x00, 0x07, 0x3f, 0x07, 0x3f, 0x07, 0x3f, 0x07, 0x3f, 0x07, 0x3f, 
    0x00, 0x00, 0x00, 0x00, 0x00, 0x00, 0x00, 0x00, 0x00, 0x00, 0x00, 0x00, 0x07, 0x3f, 0x07, 0x3f, 
    0x07, 0x3f, 0x07, 0x3f, 0x07, 0x3f, 0x00, 0x00, 0x00, 0x00, 0x00, 0x00, 0x00, 0x00, 0x07, 0x3f, 
    0x07, 0x3f, 0x07, 0x3f, 0x07, 0x3f, 0x07, 0x3f, 0x00, 0x00, 0x00, 0x00, 0x00, 0x00, 0x00, 0x00, 
    0x00, 0x00, 0x00, 0x00, 0x07, 0x3f, 0x07, 0x3f, 0x07, 0x3f, 0x07, 0x3f, 0x07, 0x3f, 0x00, 0x00, 
    0x00, 0x00, 0x00, 0x00, 0x00, 0x00, 0x07, 0x3f, 0x07, 0x3f, 0x07, 0x3f, 0x07, 0x3f, 0x07, 0x3f, 
    0x07, 0x3f, 0x07, 0x3f, 0x07, 0x3f, 0x07, 0x3f, 0x07, 0x3f, 0x00, 0x00, 0x00, 0x00, 0x00, 0x00, 
    0x00, 0x00, 0x07, 0x3f, 0x07, 0x3f, 0x07, 0x3f, 0x07, 0x3f, 0x07, 0x3f, 0x00, 0x00, 0x00, 0x00, 
    0x00, 0x00, 0x00, 0x00, 0x00, 0x00, 0x00, 0x00, 0x00, 0x00, 0x00, 0x00, 0x00, 0x00, 0x00, 0x00, 
    0x07, 0x3f, 0x07, 0x3f, 0x07, 0x3f, 0x07, 0x3f, 0x07, 0x3f, 0x00, 0x00, 0x00, 0x00, 0x00, 0x00, 
    0x00, 0x00, 0x00, 0x00, 0x00, 0x00, 0x00, 0x00, 0x00, 0x00, 0x00, 0x00, 0x00, 0x00, 0x00, 0x00, 
    0x07, 0x3f, 0x07, 0x3f, 0x07, 0x3f, 0x07, 0x3f, 0x07, 0x3f, 0x00, 0x00, 0x00, 0x00, 0x00, 0x00, 
    0x00, 0x00, 0x07, 0x3f, 0x07, 0x3f, 0x07, 0x3f, 0x07, 0x3f, 0x07, 0x3f, 0x00, 0x00, 0x00, 0x00, 
    0x00, 0x00, 0x00, 0x00, 0x00, 0x00, 0x00, 0x00, 0x07, 0x3f, 0x07, 0x3f, 0x07, 0x3f, 0x07, 0x3f, 
    0x07, 0x3f, 0x00, 0x00, 0x00, 0x00, 0x00, 0x00, 0x00, 0xe3, 0x07, 0x3f, 0x07, 0x3f, 0x07, 0x3f, 
    0x07, 0x3f, 0x07, 0x3f, 0x00, 0x00, 0x00, 0x00, 0x00, 0x00, 0x00, 0x00, 0x00, 0x00, 0x00, 0x00, 
    0x00, 0x00, 0x00, 0x00, 0x00, 0x00, 0x00, 0x00, 0x00, 0x00, 0x00, 0x00, 0x00, 0x00, 0x00, 0x00, 
    0x00, 0x00, 0x00, 0x00, 0x07, 0x3f, 0x07, 0x3f, 0x07, 0x3f, 0x07, 0x3f, 0x07, 0x3f, 0x00, 0x00, 
    0x00, 0x00, 0x00, 0x00, 0x00, 0x00, 0x07, 0x3f, 0x07, 0x3f, 0x07, 0x3f, 0x07, 0x3f, 0x07, 0x3f, 
    0x00, 0x00, 0x00, 0x00, 0x00, 0x00, 0x00, 0x00, 0x00, 0x00, 0x00, 0x00, 0x07, 0x3f, 0x07, 0x3f, 
    0x07, 0x3f, 0x07, 0x3f, 0x07, 0x3f, 0x00, 0x00, 0x00, 0x00, 0x00, 0x00, 0x00, 0x00, 0x07, 0x3f, 
    0x07, 0x3f, 0x07, 0x3f, 0x07, 0x3f, 0x07, 0x3f, 0x00, 0x00, 0x00, 0x00, 0x00, 0x00, 0x00, 0x00, 
    0x00, 0x00, 0x00, 0x00, 0x07, 0x3f, 0x07, 0x3f, 0x07, 0x3f, 0x07, 0x3f, 0x07, 0x3f, 0x00, 0x00, 
    0x00, 0x00, 0x00, 0x00, 0x00, 0x00, 0x07, 0x3f, 0x07, 0x3f, 0x07, 0x3f, 0x07, 0x3f, 0x07, 0x3f, 
    0x07, 0x3f, 0x07, 0x3f, 0x07, 0x3f, 0x07, 0x3f, 0x07, 0x3f, 0x00, 0x00, 0x00, 0x00, 0x00, 0x00, 
    0x00, 0x00, 0x07, 0x3f, 0x07, 0x3f, 0x07, 0x3f, 0x07, 0x3f, 0x07, 0x3f, 0x00, 0x00, 0x00, 0x00, 
    0x00, 0x00, 0x00, 0x00, 0x00, 0x00, 0x00, 0x00, 0x00, 0x00, 0x00, 0x00, 0x00, 0x00, 0x00, 0x00, 
    0x07, 0x3f, 0x07, 0x3f, 0x07, 0x3f, 0x07, 0x3f, 0x07, 0x3f, 0x00, 0x00, 0x00, 0x00, 0x00, 0x00, 
    0x00, 0x00, 0x00, 0x00, 0x00, 0x00, 0x00, 0x00, 0x00, 0x00, 0x00, 0x00, 0x00, 0x00, 0x00, 0x00, 
    0x07, 0x3f, 0x07, 0x3f, 0x07, 0x3f, 0x07, 0x3f, 0x07, 0x3f, 0x00, 0x00, 0x00, 0x00, 0x00, 0x00, 
    0x00, 0x00, 0x00, 0x00, 0x00, 0x00, 0x00, 0x00, 0x00, 0x00, 0x00, 0x00, 0x00, 0x00, 0x00, 0x00, 
    0x00, 0x00, 0x00, 0x00, 0x00, 0x00, 0x00, 0x00, 0x07, 0x3f, 0x07, 0x3f, 0x07, 0x3f, 0x07, 0x3f, 
    0x07, 0x3f, 0x00, 0x00, 0x00, 0x00, 0x00, 0x00, 0x00, 0xe3, 0x07, 0x3f, 0x07, 0x3f, 0x07, 0x3f, 
    0x07, 0x3f, 0x07, 0x3f, 0x00, 0x00, 0x00, 0x00, 0x00, 0x00, 0x00, 0x00, 0x00, 0x00, 0x00, 0x00, 
    0x00, 0x00, 0x00, 0x00, 0x00, 0x00, 0x00, 0x00, 0x00, 0x00, 0x00, 0x00, 0x00, 0x00, 0x00, 0x00, 
    0x00, 0x00, 0x00, 0x00, 0x07, 0x3f, 0x07, 0x3f, 0x07, 0x3f, 0x07, 0x3f, 0x07, 0x3f, 0x00, 0x00, 
    0x00, 0x00, 0x00, 0x00, 0x00, 0x00, 0x07, 0x3f, 0x07, 0x3f, 0x07, 0x3f, 0x07, 0x3f, 0x07, 0x3f, 
    0x00, 0x00, 0x00, 0x00, 0x00, 0x00, 0x00, 0x00, 0x00, 0x00, 0x00, 0x00, 0x07, 0x3f, 0x07, 0x3f, 
    0x07, 0x3f, 0x07, 0x3f, 0x07, 0x3f, 0x00, 0x00, 0x00, 0x00, 0x00, 0x00, 0x00, 0x00, 0x07, 0x3f, 
    0x07, 0x3f, 0x07, 0x3f, 0x07, 0x3f, 0x07, 0x3f, 0x00, 0x00, 0x00, 0x00, 0x00, 0x00, 0x00, 0x00, 
    0x00, 0x00, 0x00, 0x00, 0x07, 0x3f, 0x07, 0x3f, 0x07, 0x3f, 0x07, 0x3f, 0x07, 0x3f, 0x00, 0x00, 
    0x00, 0x00, 0x00, 0x00, 0x00, 0x00, 0x00, 0x00, 0x00, 0x00, 0x00, 0x00, 0x00, 0x00, 0x00, 0x00, 
    0x07, 0x3f, 0x07, 0x3f, 0x07, 0x3f, 0x07, 0x3f, 0x07, 0x3f, 0x00, 0x00, 0x00, 0x00, 0x00, 0x00, 
    0x00, 0x00, 0x07, 0x3f, 0x07, 0x3f, 0x07, 0x3f, 0x07, 0x3f, 0x07, 0x3f, 0x00, 0x00, 0x00, 0x00, 
    0x00, 0x00, 0x00, 0x00, 0x00, 0x00, 0x00, 0x00, 0x00, 0x00, 0x00, 0x00, 0x00, 0x00, 0x00, 0x00, 
    0x07, 0x3f, 0x07, 0x3f, 0x07, 0x3f, 0x07, 0x3f, 0x07, 0x3f, 0x00, 0x00, 0x00, 0x00, 0x00, 0x00, 
    0x00, 0x00, 0x00, 0x00, 0x00, 0x00, 0x00, 0x00, 0x00, 0x00, 0x00, 0x00, 0x00, 0x00, 0x00, 0x00, 
    0x07, 0x3f, 0x07, 0x3f, 0x07, 0x3f, 0x07, 0x3f, 0x07, 0x3f, 0x00, 0x00, 0x00, 0x00, 0x00, 0x00, 
    0x00, 0x00, 0x00, 0x00, 0x00, 0x00, 0x00, 0x00, 0x00, 0x00, 0x00, 0x00, 0x00, 0x00, 0x00, 0x00, 
    0x00, 0x00, 0x00, 0x00, 0x00, 0x00, 0x00, 0x00, 0x07, 0x3f, 0x07, 0x3f, 0x07, 0x3f, 0x07, 0x3f, 
    0x07, 0x3f, 0x00, 0x00, 0x00, 0x00, 0x00, 0x00, 0x00, 0xe3, 0x07, 0x3f, 0x07, 0x3f, 0x07, 0x3f, 
    0x07, 0x3f, 0x07, 0x3f, 0x00, 0x00, 0x00, 0x00, 0x00, 0x00, 0x00, 0x00, 0x00, 0x00, 0x00, 0x00, 
    0x00, 0x00, 0x00, 0x00, 0x00, 0x00, 0x00, 0x00, 0x00, 0x00, 0x00, 0x00, 0x00, 0x00, 0x00, 0x00, 
    0x00, 0x00, 0x00, 0x00, 0x07, 0x3f, 0x07, 0x3f, 0x07, 0x3f, 0x07, 0x3f, 0x07, 0x3f, 0x00, 0x00, 
    0x00, 0x00, 0x00, 0x00, 0x00, 0x00, 0x07, 0x3f, 0x07, 0x3f, 0x07, 0x3f, 0x07, 0x3f, 0x07, 0x3f, 
    0x00, 0x00, 0x00, 0x00, 0x00, 0x00, 0x00, 0x00, 0x00, 0x00, 0x00, 0x00, 0x07, 0x3f, 0x07, 0x3f, 
    0x07, 0x3f, 0x07, 0x3f, 0x07, 0x3f, 0x00, 0x00, 0x00, 0x00, 0x00, 0x00, 0x00, 0x00, 0x07, 0x3f, 
    0x07, 0x3f, 0x07, 0x3f, 0x07, 0x3f, 0x07, 0x3f, 0x00, 0x00, 0x00, 0x00, 0x00, 0x00, 0x00, 0x00, 
    0x00, 0x00, 0x00, 0x00, 0x07, 0x3f, 0x07, 0x3f, 0x07, 0x3f, 0x07, 0x3f, 0x07, 0x3f, 0x00, 0x00, 
    0x07, 0x3f, 0x07, 0x3f, 0x07, 0x3f, 0x07, 0x3f, 0x07, 0x3f, 0x07, 0x3f, 0x07, 0x3f, 0x07, 0x3f, 
    0x07, 0x3f, 0x07, 0x3f, 0x07, 0x3f, 0x07, 0x3f, 0x07, 0x3f, 0x07, 0x3f, 0x07, 0x3f, 0x07, 0x3f, 
    0x07, 0x3f, 0x07, 0x3f, 0x07, 0x3f, 0x07, 0x3f, 0x00, 0x00, 0x00, 0x00, 0x00, 0x00, 0x00, 0x00, 
    0x00, 0x00, 0x00, 0x00, 0x00, 0x00, 0x00, 0x00, 0x00, 0x00, 0x00, 0x00, 0x00, 0x00, 0x00, 0x00, 
    0x07, 0x3f, 0x07, 0x3f, 0x07, 0x3f, 0x07, 0x3f, 0x07, 0x3f, 0x00, 0x00, 0x00, 0x00, 0x00, 0x00, 
    0x00, 0x00, 0x00, 0x00, 0x00, 0x00, 0x00, 0x00, 0x00, 0x00, 0x00, 0x00, 0x00, 0x00, 0x00, 0x00, 
    0x07, 0x3f, 0x07, 0x3f, 0x07, 0x3f, 0x07, 0x3f, 0x07, 0x3f, 0x00, 0x00, 0x00, 0x00, 0x00, 0x00, 
    0x00, 0x00, 0x00, 0x00, 0x00, 0x00, 0x00, 0x00, 0x00, 0x00, 0x00, 0x00, 0x00, 0x00, 0x00, 0x00, 
    0x00, 0x00, 0x00, 0x00, 0x00, 0x00, 0x00, 0x00, 0x07, 0x3f, 0x07, 0x3f, 0x07, 0x3f, 0x07, 0x3f, 
    0x07, 0x3f, 0x00, 0x00, 0x00, 0x00, 0x00, 0x00, 0x00, 0xe3, 0x07, 0x3f, 0x07, 0x3f, 0x07, 0x3f, 
    0x07, 0x3f, 0x07, 0x3f, 0x00, 0x00, 0x00, 0x00, 0x00, 0x00, 0x00, 0x00, 0x00, 0x00, 0x00, 0x00, 
    0x00, 0x00, 0x00, 0x00, 0x00, 0x00, 0x00, 0x00, 0x00, 0x00, 0x00, 0x00, 0x00, 0x00, 0x00, 0x00, 
    0x00, 0x00, 0x00, 0x00, 0x07, 0x3f, 0x07, 0x3f, 0x07, 0x3f, 0x07, 0x3f, 0x07, 0x3f, 0x07, 0x3f, 
    0x07, 0x3f, 0x07, 0x3f, 0x07, 0x3f, 0x07, 0x3f, 0x07, 0x3f, 0x07, 0x3f, 0x00, 0x00, 0x00, 0x00, 
    0x00, 0x00, 0x00, 0x00, 0x00, 0x00, 0x00, 0x00, 0x00, 0x00, 0x00, 0x00, 0x07, 0x3f, 0x07, 0x3f, 
    0x07, 0x3f, 0x07, 0x3f, 0x07, 0x3f, 0x07, 0x3f, 0x07, 0x3f, 0x07, 0x3f, 0x07, 0x3f, 0x07, 0x3f, 
    0x07, 0x3f, 0x07, 0x3f, 0x00, 0x00, 0x00, 0x00, 0x00, 0x00, 0x00, 0x00, 0x00, 0x00, 0x00, 0x00, 
    0x00, 0x00, 0x00, 0x00, 0x07, 0x3f, 0x07, 0x3f, 0x07, 0x3f, 0x07, 0x3f, 0x07, 0x3f, 0x00, 0x00, 
    0x07, 0x3f, 0x07, 0x3f, 0x07, 0x3f, 0x07, 0x3f, 0x07, 0x3f, 0x07, 0x3f, 0x07, 0x3f, 0x07, 0x3f, 
    0x07, 0x3f, 0x07, 0x3f, 0x07, 0x3f, 0x07, 0x3f, 0x07, 0x3f, 0x07, 0x3f, 0x07, 0x3f, 0x07, 0x3f, 
    0x07, 0x3f, 0x07, 0x3f, 0x07, 0x3f, 0x07, 0x3f, 0x00, 0x00, 0x00, 0x00, 0x00, 0x00, 0x00, 0x00, 
    0x00, 0x00, 0x00, 0x00, 0x00, 0x00, 0x00, 0x00, 0x00, 0x00, 0x00, 0x00, 0x00, 0x00, 0x00, 0x00, 
    0x07, 0x3f, 0x07, 0x3f, 0x07, 0x3f, 0x07, 0x3f, 0x07, 0x3f, 0x00, 0x00, 0x00, 0x00, 0x00, 0x00, 
    0x00, 0x00, 0x00, 0x00, 0x00, 0x00, 0x00, 0x00, 0x00, 0x00, 0x00, 0x00, 0x00, 0x00, 0x00, 0x00, 
    0x07, 0x3f, 0x07, 0x3f, 0x07, 0x3f, 0x07, 0x3f, 0x07, 0x3f, 0x00, 0x00, 0x00, 0x00, 0x00, 0x00, 
    0x00, 0x00, 0x00, 0x00, 0x00, 0x00, 0x00, 0x00, 0x00, 0x00, 0x00, 0x00, 0x00, 0x00, 0x00, 0x00, 
    0x00, 0x00, 0x00, 0x00, 0x00, 0x00, 0x00, 0x00, 0x07, 0x3f, 0x07, 0x3f, 0x07, 0x3f, 0x07, 0x3f, 
    0x07, 0x3f, 0x00, 0x00, 0x00, 0x00, 0x00, 0x00, 0x00, 0xe3, 0x07, 0x3f, 0x07, 0x3f, 0x07, 0x3f, 
    0x07, 0x3f, 0x07, 0x3f, 0x00, 0x00, 0x00, 0x00, 0x00, 0x00, 0x00, 0x00, 0x00, 0x00, 0x00, 0x00, 
    0x00, 0x00, 0x00, 0x00, 0x00, 0x00, 0x00, 0x00, 0x00, 0x00, 0x00, 0x00, 0x00, 0x00, 0x00, 0x00, 
    0x00, 0x00, 0x00, 0x00, 0x07, 0x3f, 0x07, 0x3f, 0x07, 0x3f, 0x07, 0x3f, 0x07, 0x3f, 0x07, 0x3f, 
    0x07, 0x3f, 0x07, 0x3f, 0x07, 0x3f, 0x07, 0x3f, 0x07, 0x3f, 0x07, 0x3f, 0x00, 0x00, 0x00, 0x00, 
    0x00, 0x00, 0x00, 0x00, 0x00, 0x00, 0x00, 0x00, 0x00, 0x00, 0x00, 0x00, 0x07, 0x3f, 0x07, 0x3f, 
    0x07, 0x3f, 0x07, 0x3f, 0x07, 0x3f, 0x07, 0x3f, 0x07, 0x3f, 0x07, 0x3f, 0x07, 0x3f, 0x07, 0x3f, 
    0x07, 0x3f, 0x07, 0x3f, 0x00, 0x00, 0x00, 0x00, 0x00, 0x00, 0x00, 0x00, 0x00, 0x00, 0x00, 0x00, 
    0x00, 0x00, 0x00, 0x00, 0x07, 0x3f, 0x07, 0x3f, 0x07, 0x3f, 0x07, 0x3f, 0x07, 0x3f, 0x00, 0x00, 
    0x07, 0x3f, 0x07, 0x3f, 0x07, 0x3f, 0x07, 0x3f, 0x07, 0x3f, 0x07, 0x3f, 0x07, 0x3f, 0x07, 0x3f, 
    0x07, 0x3f, 0x07, 0x3f, 0x07, 0x3f, 0x07, 0x3f, 0x07, 0x3f, 0x07, 0x3f, 0x07, 0x3f, 0x07, 0x3f, 
    0x07, 0x3f, 0x07, 0x3f, 0x07, 0x3f, 0x07, 0x3f, 0x00, 0x00, 0x00, 0x00, 0x00, 0x00, 0x00, 0x00, 
    0x00, 0x00, 0x00, 0x00, 0x00, 0x00, 0x00, 0x00, 0x00, 0x00, 0x00, 0x00, 0x00, 0x00, 0x00, 0x00, 
    0x07, 0x3f, 0x07, 0x3f, 0x07, 0x3f, 0x07, 0x3f, 0x07, 0x3f, 0x00, 0x00, 0x00, 0x00, 0x00, 0x00, 
    0x00, 0x00, 0x00, 0x00, 0x00, 0x00, 0x00, 0x00, 0x00, 0x00, 0x00, 0x00, 0x00, 0x00, 0x00, 0x00, 
    0x07, 0x3f, 0x07, 0x3f, 0x07, 0x3f, 0x07, 0x3f, 0x07, 0x3f, 0x00, 0x00, 0x00, 0x00, 0x00, 0x00, 
    0x00, 0x00, 0x00, 0x00, 0x00, 0x00, 0x00, 0x00, 0x00, 0x00, 0x00, 0x00, 0x00, 0x00, 0x00, 0x00, 
    0x00, 0x00, 0x00, 0x00, 0x00, 0x00, 0x00, 0x00, 0x07, 0x3f, 0x07, 0x3f, 0x07, 0x3f, 0x07, 0x3f, 
    0x07, 0x3f, 0x00, 0x00, 0x00, 0x00, 0x00, 0x00, 0x00, 0xe3, 0x07, 0x3f, 0x07, 0x3f, 0x07, 0x3f, 
    0x07, 0x3f, 0x07, 0x3f, 0x00, 0x00, 0x00, 0x00, 0x00, 0x00, 0x00, 0x00, 0x00, 0x00, 0x00, 0x00, 
    0x00, 0x00, 0x00, 0x00, 0x00, 0x00, 0x00, 0x00, 0x00, 0x00, 0x00, 0x00, 0x00, 0x00, 0x00, 0x00, 
    0x00, 0x00, 0x00, 0x00, 0x07, 0x3f, 0x07, 0x3f, 0x07, 0x3f, 0x07, 0x3f, 0x07, 0x3f, 0x07, 0x3f, 
    0x07, 0x3f, 0x07, 0x3f, 0x07, 0x3f, 0x07, 0x3f, 0x07, 0x3f, 0x07, 0x3f, 0x07, 0x3f, 0x07, 0x3f, 
    0x00, 0x00, 0x00, 0x00, 0x00, 0x00, 0x00, 0x00, 0x00, 0x00, 0x00, 0x00, 0x07, 0x3f, 0x07, 0x3f, 
    0x07, 0x3f, 0x07, 0x3f, 0x07, 0x3f, 0x07, 0x3f, 0x07, 0x3f, 0x07, 0x3f, 0x07, 0x3f, 0x07, 0x3f, 
    0x07, 0x3f, 0x07, 0x3f, 0x00, 0x00, 0x00, 0x00, 0x00, 0x00, 0x00, 0x00, 0x00, 0x00, 0x00, 0x00, 
    0x00, 0x00, 0x00, 0x00, 0x07, 0x3f, 0x07, 0x3f, 0x07, 0x3f, 0x07, 0x3f, 0x07, 0x3f, 0x00, 0x00, 
    0x00, 0x00, 0x00, 0x00, 0x00, 0x00, 0x07, 0x3f, 0x07, 0x3f, 0x07, 0x3f, 0x07, 0x3f, 0x07, 0x3f, 
    0x07, 0x3f, 0x07, 0x3f, 0x07, 0x3f, 0x07, 0x3f, 0x07, 0x3f, 0x00, 0x00, 0x00, 0x00, 0x00, 0x00, 
    0x00, 0x00, 0x00, 0x00, 0x00, 0x00, 0x00, 0x00, 0x00, 0x00, 0x00, 0x00, 0x00, 0x00, 0x00, 0x00, 
    0x00, 0x00, 0x00, 0x00, 0x00, 0x00, 0x00, 0x00, 0x00, 0x00, 0x00, 0x00, 0x00, 0x00, 0x00, 0x00, 
    0x07, 0x3f, 0x07, 0x3f, 0x07, 0x3f, 0x07, 0x3f, 0x07, 0x3f, 0x00, 0x00, 0x00, 0x00, 0x00, 0x00, 
    0x00, 0x00, 0x00, 0x00, 0x00, 0x00, 0x00, 0x00, 0x00, 0x00, 0x00, 0x00, 0x00, 0x00, 0x00, 0x00, 
    0x07, 0x3f, 0x07, 0x3f, 0x07, 0x3f, 0x07, 0x3f, 0x07, 0x3f, 0x00, 0x00, 0x00, 0x00, 0x00, 0x00, 
    0x00, 0x00, 0x00, 0x00, 0x00, 0x00, 0x00, 0x00, 0x00, 0x00, 0x00, 0x00, 0x00, 0x00, 0x00, 0x00, 
    0x00, 0x00, 0x00, 0x00, 0x00, 0x00, 0x00, 0x00, 0x07, 0x3f, 0x07, 0x3f, 0x07, 0x3f, 0x07, 0x3f, 
    0x07, 0x3f, 0x00, 0x00, 0x00, 0x00, 0x00, 0x00, 0x00, 0xe3, 0x07, 0x3f, 0x07, 0x3f, 0x07, 0x3f, 
    0x07, 0x3f, 0x07, 0x3f, 0x00, 0x00, 0x00, 0x00, 0x00, 0x00, 0x00, 0x00, 0x00, 0x00, 0x00, 0x00, 
    0x00, 0x00, 0x00, 0x00, 0x00, 0x00, 0x00, 0x00, 0x00, 0x00, 0x00, 0x00, 0x00, 0x00, 0x00, 0x00, 
    0x00, 0x00, 0x00, 0x00, 0x07, 0x3f, 0x07, 0x3f, 0x07, 0x3f, 0x07, 0x3f, 0x07, 0x3f, 0x00, 0x00, 
    0x00, 0x00, 0x00, 0x00, 0x00, 0x00, 0x07, 0x3f, 0x07, 0x3f, 0x07, 0x3f, 0x07, 0x3f, 0x07, 0x3f, 
    0x00, 0x00, 0x00, 0x00, 0x00, 0x00, 0x00, 0x00, 0x00, 0x00, 0x00, 0x00, 0x07, 0x3f, 0x07, 0x3f, 
    0x07, 0x3f, 0x07, 0x3f, 0x07, 0x3f, 0x00, 0x00, 0x00, 0x00, 0x00, 0x00, 0x00, 0x00, 0x00, 0x00, 
    0x00, 0x00, 0x00, 0x00, 0x00, 0x00, 0x00, 0x00, 0x00, 0x00, 0x00, 0x00, 0x00, 0x00, 0x00, 0x00, 
    0x00, 0x00, 0x00, 0x00, 0x07, 0x3f, 0x07, 0x3f, 0x07, 0x3f, 0x07, 0x3f, 0x07, 0x3f, 0x00, 0x00, 
    0x00, 0x00, 0x00, 0x00, 0x00, 0x00, 0x07, 0x3f, 0x07, 0x3f, 0x07, 0x3f, 0x07, 0x3f, 0x07, 0x3f, 
    0x07, 0x3f, 0x07, 0x3f, 0x07, 0x3f, 0x07, 0x3f, 0x07, 0x3f, 0x00, 0x00, 0x00, 0x00, 0x00, 0x00, 
    0x00, 0x00, 0x00, 0x00, 0x00, 0x00, 0x00, 0x00, 0x00, 0x00, 0x00, 0x00, 0x00, 0x00, 0x00, 0x00, 
    0x00, 0x00, 0x00, 0x00, 0x00, 0x00, 0x00, 0x00, 0x00, 0x00, 0x00, 0x00, 0x00, 0x00, 0x00, 0x00, 
    0x07, 0x3f, 0x07, 0x3f, 0x07, 0x3f, 0x07, 0x3f, 0x07, 0x3f, 0x00, 0x00, 0x00, 0x00, 0x00, 0x00, 
    0x00, 0x00, 0x00, 0x00, 0x00, 0x00, 0x00, 0x00, 0x00, 0x00, 0x00, 0x00, 0x00, 0x00, 0x00, 0x00, 
    0x07, 0x3f, 0x07, 0x3f, 0x07, 0x3f, 0x07, 0x3f, 0x07, 0x3f, 0x00, 0x00, 0x00, 0x00, 0x00, 0x00, 
    0x00, 0x00, 0x07, 0x3f, 0x07, 0x3f, 0x07, 0x3f, 0x07, 0x3f, 0x07, 0x3f, 0x00, 0x00, 0x00, 0x00, 
    0x00, 0x00, 0x00, 0x00, 0x00, 0x00, 0x00, 0x00, 0x07, 0x3f, 0x07, 0x3f, 0x07, 0x3f, 0x07, 0x3f, 
    0x07, 0x3f, 0x00, 0x00, 0x00, 0x00, 0x00, 0x00, 0x00, 0xe3, 0x07, 0x3f, 0x07, 0x3f, 0x07, 0x3f, 
    0x07, 0x3f, 0x07, 0x3f, 0x00, 0x00, 0x00, 0x00, 0x00, 0x00, 0x00, 0x00, 0x00, 0x00, 0x00, 0x00, 
    0x00, 0x00, 0x00, 0x00, 0x00, 0x00, 0x00, 0x00, 0x00, 0x00, 0x00, 0x00, 0x00, 0x00, 0x00, 0x00, 
    0x00, 0x00, 0x00, 0x00, 0x07, 0x3f, 0x07, 0x3f, 0x07, 0x3f, 0x07, 0x3f, 0x07, 0x3f, 0x00, 0x00, 
    0x00, 0x00, 0x00, 0x00, 0x00, 0x00, 0x07, 0x3f, 0x07, 0x3f, 0x07, 0x3f, 0x07, 0x3f, 0x07, 0x3f, 
    0x00, 0x00, 0x00, 0x00, 0x00, 0x00, 0x00, 0x00, 0x00, 0x00, 0x00, 0x00, 0x07, 0x3f, 0x07, 0x3f, 
    0x07, 0x3f, 0x07, 0x3f, 0x07, 0x3f, 0x00, 0x00, 0x00, 0x00, 0x00, 0x00, 0x00, 0x00, 0x00, 0x00, 
    0x00, 0x00, 0x00, 0x00, 0x00, 0x00, 0x00, 0x00, 0x00, 0x00, 0x00, 0x00, 0x00, 0x00, 0x00, 0x00, 
    0x00, 0x00, 0x00, 0x00, 0x07, 0x3f, 0x07, 0x3f, 0x07, 0x3f, 0x07, 0x3f, 0x07, 0x3f, 0x00, 0x00, 
    0x00, 0x00, 0x00, 0x00, 0x00, 0x00, 0x07, 0x3f, 0x07, 0x3f, 0x07, 0x3f, 0x07, 0x3f, 0x07, 0x3f, 
    0x07, 0x3f, 0x07, 0x3f, 0x07, 0x3f, 0x07, 0x3f, 0x07, 0x3f, 0x00, 0x00, 0x00, 0x00, 0x00, 0x00, 
    0x00, 0x00, 0x00, 0x00, 0x00, 0x00, 0x00, 0x00, 0x00, 0x00, 0x00, 0x00, 0x00, 0x00, 0x00, 0x00, 
    0x00, 0x00, 0x00, 0x00, 0x00, 0x00, 0x00, 0x00, 0x00, 0x00, 0x00, 0x00, 0x00, 0x00, 0x00, 0x00, 
    0x07, 0x3f, 0x07, 0x3f, 0x07, 0x3f, 0x07, 0x3f, 0x07, 0x3f, 0x00, 0x00, 0x00, 0x00, 0x00, 0x00, 
    0x00, 0x00, 0x00, 0x00, 0x00, 0x00, 0x00, 0x00, 0x00, 0x00, 0x00, 0x00, 0x00, 0x00, 0x00, 0x00, 
    0x07, 0x3f, 0x07, 0x3f, 0x07, 0x3f, 0x07, 0x3f, 0x07, 0x3f, 0x00, 0x00, 0x00, 0x00, 0x00, 0x00, 
    0x00, 0x00, 0x07, 0x3f, 0x07, 0x3f, 0x07, 0x3f, 0x07, 0x3f, 0x07, 0x3f, 0x00, 0x00, 0x00, 0x00, 
    0x00, 0x00, 0x00, 0x00, 0x00, 0x00, 0x00, 0x00, 0x07, 0x3f, 0x07, 0x3f, 0x07, 0x3f, 0x07, 0x3f, 
    0x07, 0x3f, 0x00, 0x00, 0x00, 0x00, 0x00, 0x00, 0x00, 0xe3, 0x07, 0x3f, 0x07, 0x3f, 0x07, 0x3f, 
    0x07, 0x3f, 0x07, 0x3f, 0x00, 0x00, 0x00, 0x00, 0x00, 0x00, 0x00, 0x00, 0x00, 0x00, 0x00, 0x00, 
    0x00, 0x00, 0x00, 0x00, 0x00, 0x00, 0x00, 0x00, 0x00, 0x00, 0x00, 0x00, 0x00, 0x00, 0x00, 0x00, 
    0x00, 0x00, 0x00, 0x00, 0x07, 0x3f, 0x07, 0x3f, 0x07, 0x3f, 0x07, 0x3f, 0x07, 0x3f, 0x00, 0x00, 
    0x00, 0x00, 0x00, 0x00, 0x00, 0x00, 0x07, 0x3f, 0x07, 0x3f, 0x07, 0x3f, 0x07, 0x3f, 0x07, 0x3f, 
    0x00, 0x00, 0x00, 0x00, 0x00, 0x00, 0x00, 0x00, 0x00, 0x00, 0x00, 0x00, 0x07, 0x3f, 0x07, 0x3f, 
    0x07, 0x3f, 0x07, 0x3f, 0x07, 0x3f, 0x00, 0x00, 0x00, 0x00, 0x00, 0x00, 0x00, 0x00, 0x00, 0x00, 
    0x00, 0x00, 0x00, 0x00, 0x00, 0x00, 0x00, 0x00, 0x00, 0x00, 0x00, 0x00, 0x00, 0x00, 0x00, 0x00, 
    0x00, 0x00, 0x00, 0x00, 0x07, 0x3f, 0x07, 0x3f, 0x07, 0x3f, 0x07, 0x3f, 0x07, 0x3f, 0x00, 0x00, 
    0x00, 0x00, 0x00, 0x00, 0x00, 0x00, 0x07, 0x3f, 0x07, 0x3f, 0x07, 0x3f, 0x07, 0x3f, 0x07, 0x3f, 
    0x07, 0x3f, 0x07, 0x3f, 0x07, 0x3f, 0x07, 0x3f, 0x07, 0x3f, 0x00, 0x00, 0x00, 0x00, 0x00, 0x00, 
    0x00, 0x00, 0x00, 0x00, 0x00, 0x00, 0x00, 0x00, 0x00, 0x00, 0x00, 0x00, 0x00, 0x00, 0x00, 0x00, 
    0x00, 0x00, 0x00, 0x00, 0x00, 0x00, 0x00, 0x00, 0x00, 0x00, 0x00, 0x00, 0x00, 0x00, 0x00, 0x00, 
    0x07, 0x3f, 0x07, 0x3f, 0x07, 0x3f, 0x07, 0x3f, 0x07, 0x3f, 0x00, 0x00, 0x00, 0x00, 0x00, 0x00, 
    0x00, 0x00, 0x00, 0x00, 0x00, 0x00, 0x00, 0x00, 0x00, 0x00, 0x00, 0x00, 0x00, 0x00, 0x00, 0x00, 
    0x07, 0x3f, 0x07, 0x3f, 0x07, 0x3f, 0x07, 0x3f, 0x07, 0x3f, 0x00, 0x00, 0x00, 0x00, 0x00, 0x00, 
    0x00, 0x00, 0x07, 0x3f, 0x07, 0x3f, 0x07, 0x3f, 0x07, 0x3f, 0x07, 0x3f, 0x00, 0x00, 0x00, 0x00, 
    0x00, 0x00, 0x00, 0x00, 0x00, 0x00, 0x00, 0x00, 0x07, 0x3f, 0x07, 0x3f, 0x07, 0x3f, 0x07, 0x3f, 
    0x07, 0x3f, 0x00, 0x00, 0x00, 0x00, 0x00, 0x00, 0x00, 0xe3, 0x07, 0x3f, 0x07, 0x3f, 0x07, 0x3f, 
    0x07, 0x3f, 0x07, 0x3f, 0x00, 0x00, 0x00, 0x00, 0x00, 0x00, 0x00, 0x00, 0x00, 0x00, 0x00, 0x00, 
    0x00, 0x00, 0x00, 0x00, 0x00, 0x00, 0x00, 0x00, 0x00, 0x00, 0x00, 0x00, 0x00, 0x00, 0x00, 0x00, 
    0x00, 0x00, 0x00, 0x00, 0x07, 0x3f, 0x07, 0x3f, 0x07, 0x3f, 0x07, 0x3f, 0x07, 0x3f, 0x00, 0x00, 
    0x00, 0x00, 0x00, 0x00, 0x00, 0x00, 0x07, 0x3f, 0x07, 0x3f, 0x07, 0x3f, 0x07, 0x3f, 0x07, 0x3f, 
    0x00, 0x00, 0x00, 0x00, 0x00, 0x00, 0x00, 0x00, 0x00, 0x00, 0x00, 0x00, 0x07, 0x3f, 0x07, 0x3f, 
    0x07, 0x3f, 0x07, 0x3f, 0x07, 0x3f, 0x00, 0x00, 0x00, 0x00, 0x00, 0x00, 0x00, 0x00, 0x00, 0x00, 
    0x00, 0x00, 0x00, 0x00, 0x00, 0x00, 0x00, 0x00, 0x00, 0x00, 0x00, 0x00, 0x00, 0x00, 0x00, 0x00, 
    0x00, 0x00, 0x00, 0x00, 0x07, 0x3f, 0x07, 0x3f, 0x07, 0x3f, 0x07, 0x3f, 0x07, 0x3f, 0x00, 0x00, 
    0x00, 0x00, 0x00, 0x00, 0x00, 0x00, 0x07, 0x3f, 0x07, 0x3f, 0x07, 0x3f, 0x07, 0x3f, 0x07, 0x3f, 
    0x07, 0x3f, 0x07, 0x3f, 0x07, 0x3f, 0x07, 0x3f, 0x07, 0x3f, 0x00, 0x00, 0x00, 0x00, 0x00, 0x00, 
    0x00, 0x00, 0x00, 0x00, 0x00, 0x00, 0x00, 0x00, 0x00, 0x00, 0x00, 0x00, 0x00, 0x00, 0x00, 0x00, 
    0x00, 0x00, 0x00, 0x00, 0x00, 0x00, 0x00, 0x00, 0x00, 0x00, 0x00, 0x00, 0x00, 0x00, 0x00, 0x00, 
    0x07, 0x3f, 0x07, 0x3f, 0x07, 0x3f, 0x07, 0x3f, 0x07, 0x3f, 0x00, 0x00, 0x00, 0x00, 0x00, 0x00, 
    0x00, 0x00, 0x00, 0x00, 0x00, 0x00, 0x00, 0x00, 0x00, 0x00, 0x00, 0x00, 0x00, 0x00, 0x00, 0x00, 
    0x07, 0x3f, 0x07, 0x3f, 0x07, 0x3f, 0x07, 0x3f, 0x07, 0x3f, 0x00, 0x00, 0x00, 0x00, 0x00, 0x00, 
    0x00, 0x00, 0x07, 0x3f, 0x07, 0x3f, 0x07, 0x3f, 0x07, 0x3f, 0x07, 0x3f, 0x00, 0x00, 0x00, 0x00, 
    0x00, 0x00, 0x00, 0x00, 0x00, 0x00, 0x00, 0x00, 0x07, 0x3f, 0x07, 0x3f, 0x07, 0x3f, 0x07, 0x3f, 
    0x07, 0x3f, 0x00, 0x00, 0x00, 0x00, 0x00, 0x00, 0x00, 0xe3, 0x07, 0x3f, 0x07, 0x3f, 0x07, 0x3f, 
    0x07, 0x3f, 0x07, 0x3f, 0x00, 0x00, 0x00, 0x00, 0x00, 0x00, 0x00, 0x00, 0x00, 0x00, 0x00, 0x00, 
    0x00, 0x00, 0x00, 0x00, 0x00, 0x00, 0x00, 0x00, 0x00, 0x00, 0x00, 0x00, 0x00, 0x00, 0x00, 0x00, 
    0x00, 0x00, 0x00, 0x00, 0x07, 0x3f, 0x07, 0x3f, 0x07, 0x3f, 0x07, 0x3f, 0x07, 0x3f, 0x00, 0x00, 
    0x00, 0x00, 0x00, 0x00, 0x00, 0x00, 0x07, 0x3f, 0x07, 0x3f, 0x07, 0x3f, 0x07, 0x3f, 0x07, 0x3f, 
    0x00, 0x00, 0x00, 0x00, 0x00, 0x00, 0x00, 0x00, 0x00, 0x00, 0x00, 0x00, 0x07, 0x3f, 0x07, 0x3f, 
    0x07, 0x3f, 0x07, 0x3f, 0x07, 0x3f, 0x00, 0x00, 0x00, 0x00, 0x00, 0x00, 0x00, 0x00, 0x00, 0x00, 
    0x00, 0x00, 0x00, 0x00, 0x00, 0x00, 0x00, 0x00, 0x00, 0x00, 0x00, 0x00, 0x00, 0x00, 0x00, 0x00, 
    0x00, 0x00, 0x00, 0x00, 0x07, 0x3f, 0x07, 0x3f, 0x07, 0x3f, 0x07, 0x3f, 0x07, 0x3f, 0x00, 0x00, 
    0x00, 0x00, 0x00, 0x00, 0x00, 0x00, 0x07, 0x3f, 0x07, 0x3f, 0x07, 0x3f, 0x07, 0x3f, 0x07, 0x3f, 
    0x07, 0x3f, 0x07, 0x3f, 0x07, 0x3f, 0x07, 0x3f, 0x07, 0x3f, 0x00, 0x00, 0x00, 0x00, 0x00, 0x00, 
    0x00, 0x00, 0x00, 0x00, 0x00, 0x00, 0x00, 0x00, 0x00, 0x00, 0x00, 0x00, 0x00, 0x00, 0x00, 0x00, 
    0x00, 0x00, 0x00, 0x00, 0x00, 0x00, 0x00, 0x00, 0x07, 0x3f, 0x07, 0x3f, 0x07, 0x3f, 0x07, 0x3f, 
    0x07, 0x3f, 0x07, 0x3f, 0x07, 0x3f, 0x07, 0x3f, 0x07, 0x3f, 0x07, 0x3f, 0x07, 0x3f, 0x07, 0x3f, 
    0x07, 0x3f, 0x07, 0x3f, 0x00, 0x00, 0x00, 0x00, 0x00, 0x00, 0x00, 0x00, 0x00, 0x00, 0x00, 0x00, 
    0x07, 0x3f, 0x07, 0x3f, 0x07, 0x3f, 0x07, 0x3f, 0x07, 0x3f, 0x07, 0x3f, 0x07, 0x3f, 0x07, 0x3f, 
    0x07, 0x3f, 0x07, 0x3f, 0x07, 0x3f, 0x07, 0x3f, 0x07, 0x3f, 0x07, 0x3f, 0x00, 0x00, 0x00, 0x00, 
    0x00, 0x00, 0x00, 0x00, 0x00, 0x00, 0x00, 0x00, 0x07, 0x3f, 0x07, 0x3f, 0x07, 0x3f, 0x07, 0x3f, 
    0x07, 0x3f, 0x07, 0x3f, 0x07, 0x3f, 0x07, 0x3f, 0x07, 0x3f, 0x07, 0x3f, 0x07, 0x3f, 0x07, 0x3f, 
    0x07, 0x3f, 0x07, 0x3f, 0x00, 0x00, 0x00, 0x00, 0x00, 0x00, 0x00, 0x00, 0x00, 0x00, 0x00, 0x00, 
    0x00, 0x00, 0x00, 0x00, 0x00, 0x00, 0x00, 0x00, 0x00, 0x00, 0x00, 0x00, 0x00, 0x00, 0x00, 0x00, 
    0x00, 0x00, 0x00, 0x00, 0x07, 0x3f, 0x07, 0x3f, 0x07, 0x3f, 0x07, 0x3f, 0x07, 0x3f, 0x00, 0x00, 
    0x00, 0x00, 0x00, 0x00, 0x00, 0x00, 0x07, 0x3f, 0x07, 0x3f, 0x07, 0x3f, 0x07, 0x3f, 0x07, 0x3f, 
    0x00, 0x00, 0x00, 0x00, 0x00, 0x00, 0x00, 0x00, 0x00, 0x00, 0x00, 0x00, 0x07, 0x3f, 0x07, 0x3f, 
    0x07, 0x3f, 0x07, 0x3f, 0x07, 0x3f, 0x00, 0x00, 0x00, 0x00, 0x00, 0x00, 0x00, 0x00, 0x00, 0x00, 
    0x00, 0x00, 0x00, 0x00, 0x00, 0x00, 0x00, 0x00, 0x00, 0x00, 0x00, 0x00, 0x00, 0x00, 0x00, 0x00, 
    0x00, 0x00, 0x00, 0x00, 0x07, 0x3f, 0x07, 0x3f, 0x07, 0x3f, 0x07, 0x3f, 0x07, 0x3f, 0x07, 0x3f, 
    0x07, 0x3f, 0x07, 0x3f, 0x07, 0x3f, 0x07, 0x3f, 0x07, 0x3f, 0x07, 0x3f, 0x07, 0x3f, 0x07, 0x3f, 
    0x07, 0x3f, 0x07, 0x3f, 0x07, 0x3f, 0x07, 0x3f, 0x07, 0x3f, 0x00, 0x00, 0x00, 0x00, 0x00, 0x00, 
    0x00, 0x00, 0x00, 0x00, 0x00, 0x00, 0x00, 0x00, 0x00, 0x00, 0x00, 0x00, 0x00, 0x00, 0x00, 0x00, 
    0x00, 0x00, 0x00, 0x00, 0x00, 0x00, 0x00, 0x00, 0x07, 0x3f, 0x07, 0x3f, 0x07, 0x3f, 0x07, 0x3f, 
    0x07, 0x3f, 0x07, 0x3f, 0x07, 0x3f, 0x07, 0x3f, 0x07, 0x3f, 0x07, 0x3f, 0x07, 0x3f, 0x07, 0x3f, 
    0x07, 0x3f, 0x07, 0x3f, 0x00, 0x00, 0x00, 0x00, 0x00, 0x00, 0x00, 0x00, 0x00, 0x00, 0x00, 0x00, 
    0x00, 0x00, 0x00, 0x00, 0x07, 0x3f, 0x07, 0x3f, 0x07, 0x3f, 0x07, 0x3f, 0x07, 0x3f, 0x07, 0x3f, 
    0x07, 0x3f, 0x07, 0x3f, 0x07, 0x3f, 0x07, 0x3f, 0x00, 0x00, 0x00, 0x00, 0x00, 0x00, 0x00, 0x00, 
    0x00, 0x00, 0x00, 0x00, 0x00, 0x00, 0x00, 0x00, 0x00, 0x00, 0x00, 0x00, 0x07, 0x3f, 0x07, 0x3f, 
    0x07, 0x3f, 0x07, 0x3f, 0x07, 0x3f, 0x07, 0x3f, 0x07, 0x3f, 0x07, 0x3f, 0x07, 0x3f, 0x07, 0x3f, 
    0x00, 0x00, 0x00, 0x00, 0x00, 0x00, 0x00, 0x00, 0x00, 0x00, 0x00, 0x00, 0x00, 0x00, 0x00, 0x00, 
    0x00, 0x00, 0x00, 0x00, 0x00, 0x00, 0x00, 0x00, 0x00, 0x00, 0x00, 0x00, 0x00, 0x00, 0x00, 0x00, 
    0x00, 0x00, 0x00, 0x00, 0x07, 0x3f, 0x07, 0x3f, 0x07, 0x3f, 0x07, 0x3f, 0x07, 0x3f, 0x00, 0x00, 
    0x00, 0x00, 0x00, 0x00, 0x00, 0x00, 0x07, 0x3f, 0x07, 0x3f, 0x07, 0x3f, 0x07, 0x3f, 0x07, 0x3f, 
    0x00, 0x00, 0x00, 0x00, 0x00, 0x00, 0x00, 0x00, 0x00, 0x00, 0x00, 0x00, 0x07, 0x3f, 0x07, 0x3f, 
    0x07, 0x3f, 0x07, 0x3f, 0x07, 0x3f, 0x00, 0x00, 0x00, 0x00, 0x00, 0x00, 0x00, 0x00, 0x00, 0x00, 
    0x00, 0x00, 0x00, 0x00, 0x00, 0x00, 0x00, 0x00, 0x00, 0x00, 0x00, 0x00, 0x00, 0x00, 0x00, 0x00, 
    0x00, 0x00, 0x00, 0x00, 0x00, 0x00, 0x00, 0x00, 0x07, 0x3f, 0x07, 0x3f, 0x07, 0x3f, 0x07, 0x3f, 
    0x07, 0x3f, 0x07, 0x3f, 0x07, 0x3f, 0x07, 0x3f, 0x07, 0x3f, 0x07, 0x3f, 0x00, 0x00, 0x00, 0x00, 
    0x07, 0x3f, 0x07, 0x3f, 0x07, 0x3f, 0x07, 0x3f, 0x07, 0x3f, 0x00, 0x00, 0x00, 0x00, 0x00, 0x00, 
    0x00, 0x00, 0x00, 0x00, 0x00, 0x00, 0x00, 0x00, 0x00, 0x00, 0x00, 0x00, 0x00, 0x00, 0x00, 0x00, 
    0x00, 0x00, 0x00, 0x00, 0x00, 0x00, 0x00, 0x00, 0x07, 0x3f, 0x07, 0x3f, 0x07, 0x3f, 0x07, 0x3f, 
    0x07, 0x3f, 0x07, 0x3f, 0x07, 0x3f, 0x07, 0x3f, 0x07, 0x3f, 0x07, 0x3f, 0x07, 0x3f, 0x07, 0x3f, 
    0x07, 0x3f, 0x07, 0x3f, 0x00, 0x00, 0x00, 0x00, 0x00, 0x00, 0x00, 0x00, 0x00, 0x00, 0x00, 0x00, 
    0x00, 0x00, 0x00, 0x00, 0x07, 0x3f, 0x07, 0x3f, 0x07, 0x3f, 0x07, 0x3f, 0x07, 0x3f, 0x07, 0x3f, 
    0x07, 0x3f, 0x07, 0x3f, 0x07, 0x3f, 0x07, 0x3f, 0x00, 0x00, 0x00, 0x00, 0x00, 0x00, 0x00, 0x00, 
    0x00, 0x00, 0x00, 0x00, 0x00, 0x00, 0x00, 0x00, 0x00, 0x00, 0x00, 0x00, 0x07, 0x3f, 0x07, 0x3f, 
    0x07, 0x3f, 0x07, 0x3f, 0x07, 0x3f, 0x07, 0x3f, 0x07, 0x3f, 0x07, 0x3f, 0x07, 0x3f, 0x07, 0x3f, 
    0x00, 0x00, 0x00, 0x00, 0x00, 0x00, 0x00, 0x00, 0x00, 0x00, 0x00, 0x00, 0x00, 0x00, 0x00, 0x00, 
    0x00, 0x00, 0x00, 0x00, 0x00, 0x00, 0x00, 0x00, 0x00, 0x00, 0x00, 0x00, 0x00, 0x00, 0x00, 0x00, 
    0x00, 0x00, 0x00, 0x00, 0x07, 0x3f, 0x07, 0x3f, 0x07, 0x3f, 0x07, 0x3f, 0x07, 0x3f, 0x00, 0x00, 
    0x00, 0x00, 0x00, 0x00, 0x00, 0x00, 0x07, 0x3f, 0x07, 0x3f, 0x07, 0x3f, 0x07, 0x3f, 0x07, 0x3f, 
    0x00, 0x00, 0x00, 0x00, 0x00, 0x00, 0x00, 0x00, 0x00, 0x00, 0x00, 0x00, 0x07, 0x3f, 0x07, 0x3f, 
    0x07, 0x3f, 0x07, 0x3f, 0x07, 0x3f, 0x00, 0x00, 0x00, 0x00, 0x00, 0x00, 0x00, 0x00, 0x00, 0x00, 
    0x00, 0x00, 0x00, 0x00, 0x00, 0x00, 0x00, 0x00, 0x00, 0x00, 0x00, 0x00, 0x00, 0x00, 0x00, 0x00, 
    0x00, 0x00, 0x00, 0x00, 0x00, 0x00, 0x00, 0x00, 0x07, 0x3f, 0x07, 0x3f, 0x07, 0x3f, 0x07, 0x3f, 
    0x07, 0x3f, 0x07, 0x3f, 0x07, 0x3f, 0x07, 0x3f, 0x07, 0x3f, 0x07, 0x3f, 0x00, 0x00, 0x00, 0x00, 
};

hagl_bitmap_t logoText = {
    .width = 144,
    .height = 20,
    .depth = 16, // RGB565 is 16-bit
    .buffer = logoTextbuf,
};

// Image: lucas.png (14x25)
unsigned char lucasbuf[] = {
    0x07, 0xe0, 0x07, 0xe0, 0x07, 0xe0, 0x07, 0xe0, 0x07, 0xe0, 0x07, 0xe0, 0x07, 0xe0, 0x07, 0xe0, 
    0x07, 0xe0, 0x21, 0x04, 0x21, 0x04, 0x07, 0xe0, 0x07, 0xe0, 0x07, 0xe0, 0x07, 0xe0, 0x07, 0xe0, 
    0x07, 0xe0, 0x07, 0xe0, 0x07, 0xe0, 0x07, 0xe0, 0x21, 0x04, 0x21, 0x04, 0x21, 0x04, 0xef, 0x09, 
    0xff, 0xd4, 0x21, 0x04, 0x07, 0xe0, 0x07, 0xe0, 0x07, 0xe0, 0x07, 0xe0, 0x07, 0xe0, 0x07, 0xe0, 
    0x21, 0x04, 0x21, 0x04, 0xff, 0xd4, 0xff, 0xd4, 0xef, 0x09, 0xef, 0x09, 0xff, 0xd4, 0xff, 0xd4, 
    0x21, 0x04, 0x07, 0xe0, 0x07, 0xe0, 0x07, 0xe0, 0x07, 0xe0, 0x21, 0x04, 0xff, 0xd4, 0xff, 0xd4, 
    0xff, 0xd4, 0xff, 0xd4, 0xef, 0x09, 0xef, 0x09, 0xff, 0xd4, 0xef, 0x09, 0x21, 0x04, 0x07, 0xe0, 
    0x07, 0xe0, 0x07, 0xe0, 0x21, 0x04, 0xff, 0xd4, 0xff, 0xd4, 0xff, 0xd4, 0xff, 0xd4, 0xff, 0xd4, 
    0xff, 0xd4, 0xff, 0xd4, 0xff, 0xd4, 0xff, 0xd4, 0xff, 0xd4, 0x21, 0x04, 0x07, 0xe0, 0x21, 0x04, 
    0xff, 0xd4, 0xff, 0xd4, 0xff, 0xd4, 0xff, 0xd4, 0xff, 0xd4, 0xff, 0xd4, 0xff, 0xd4, 0xfe, 0x55, 
    0xfe, 0x55, 0xfe, 0x55, 0xff, 0xd4, 0x21, 0x04, 0x07, 0xe0, 0x21, 0x04, 0xff, 0xd4, 0xff, 0xd4, 
    0xff, 0xd4, 0xff, 0xd4, 0xfe, 0x55, 0xfe, 0x55, 0xfe, 0x55, 0xfe, 0x55, 0xfe, 0x55, 0xfe, 0x55, 
    0xff, 0xd4, 0x21, 0x04, 0x21, 0x04, 0xef, 0x09, 0xef, 0x09, 0xff, 0xd4, 0xfe, 0x55, 0xfe, 0x55, 
    0xfe, 0x55, 0xf5, 0x91, 0xfe, 0x55, 0xfe, 0x55, 0xfe, 0x55, 0xf5, 0x91, 0xf5, 0x91, 0x21, 0x04, 
    0x21, 0x04, 0xef, 0x09, 0xfe, 0x55, 0xef, 0x09, 0xfe, 0x55, 0xfe, 0x55, 0xfe, 0x55, 0x21, 0x04, 
    0xfe, 0x55, 0xfe, 0x55, 0xfe, 0x55, 0x21, 0x04, 0xf5, 0x91, 0x21, 0x04, 0x07, 0xe0, 0x21, 0x04, 
    0xfe, 0x55, 0xf5, 0x91, 0xfe, 0x55, 0xfe, 0x55, 0xfe, 0x55, 0x21, 0x04, 0xfe, 0x55, 0xfe, 0x55, 
    0xfe, 0x55, 0x21, 0x04, 0xf5, 0x91, 0x21, 0x04, 0x07, 0xe0, 0x21, 0x04, 0xcb, 0xcd, 0xfe, 0x55, 
    0xfd, 0x55, 0xfd, 0x55, 0xfd, 0x55, 0xfe, 0x55, 0xfe, 0x55, 0xfe, 0x55, 0xfe, 0x55, 0xfe, 0x55, 
    0x21, 0x04, 0x07, 0xe0, 0x07, 0xe0, 0x07, 0xe0, 0x21, 0x04, 0xfd, 0x55, 0xfd, 0x55, 0xfd, 0x55, 
    0xfd, 0x55, 0xfe, 0x55, 0xfe, 0x55, 0xfe, 0x55, 0xfe, 0x55, 0xfd, 0x55, 0x21, 0x04, 0x07, 0xe0, 
    0x07, 0xe0, 0x07, 0xe0, 0x07, 0xe0, 0x21, 0x04, 0xfd, 0x55, 0xfd, 0x55, 0xfd, 0x55, 0xfe, 0x55, 
    0x21, 0x04, 0x21, 0x04, 0xfe, 0x55, 0x21, 0x04, 0x07, 0xe0, 0x07, 0xe0, 0x07, 0xe0, 0x07, 0xe0, 
    0x07, 0xe0, 0x07, 0xe0, 0x21, 0x04, 0xfd, 0x55, 0xfe, 0x55, 0xfe, 0x55, 0xfe, 0x55, 0xfe, 0x55, 
    0x21, 0x04, 0x07, 0xe0, 0x07, 0xe0, 0x07, 0xe0, 0x07, 0xe0, 0x07, 0xe0, 0x07, 0xe0, 0x21, 0x04, 
    0xff, 0xc0, 0x21, 0x04, 0x21, 0x04, 0xcb, 0xcd, 0xcb, 0xcd, 0x21, 0x04, 0x21, 0x04, 0x07, 0xe0, 
    0x07, 0xe0, 0x07, 0xe0, 0x07, 0xe0, 0x07, 0xe0, 0x21, 0x04, 0xf8, 0x8e, 0xf8, 0x8e, 0xff, 0xc0, 
    0xff, 0xc0, 0xff, 0xc0, 0xef, 0x09, 0xef, 0x09, 0xf8, 0x8e, 0x21, 0x04, 0x07, 0xe0, 0x07, 0xe0, 
    0x07, 0xe0, 0x07, 0xe0, 0x21, 0x04, 0xff, 0xc0, 0xff, 0xc0, 0xf8, 0x8e, 0xf8, 0x8e, 0xf8, 0x8e, 
    0xf8, 0x8e, 0xf8, 0x8e, 0xef, 0x09, 0x21, 0x04, 0x07, 0xe0, 0x07, 0xe0, 0x07, 0xe0, 0x21, 0x04, 
    0xfe, 0x55, 0xfe, 0x55, 0xcb, 0xcd, 0xff, 0xc0, 0xff, 0xc0, 0xff, 0xc0, 0xef, 0x09, 0xef, 0x09, 
    0xf8, 0x8e, 0xcb, 0xcd, 0x21, 0x04, 0x07, 0xe0, 0x07, 0xe0, 0x21, 0x04, 0xfe, 0x55, 0xfe, 0x55, 
    0x61, 0x84, 0xf8, 0x8e, 0xf8, 0x8e, 0xf8, 0x8e, 0xf8, 0x8e, 0xf8, 0x8e, 0xf8, 0x8e, 0xcb, 0xcd, 
    0x21, 0x04, 0x07, 0xe0, 0x07, 0xe0, 0x21, 0x04, 0xfe, 0x55, 0xfe, 0x55, 0x61, 0x84, 0x8c, 0x5f, 
    0x8c, 0x5f, 0x8c, 0x5f, 0x8c, 0x5f, 0x8c, 0x5f, 0x21, 0x04, 0x21, 0x04, 0x07, 0xe0, 0x07, 0xe0, 
    0x07, 0xe0, 0x07, 0xe0, 0x21, 0x04, 0x21, 0x04, 0x8c, 0x5f, 0x8c, 0x5f, 0x8c, 0x5f, 0x21, 0x04, 
    0x21, 0x04, 0x8c, 0x5f, 0x21, 0x04, 0x07, 0xe0, 0x07, 0xe0, 0x07, 0xe0, 0x07, 0xe0, 0x07, 0xe0, 
    0x07, 0xe0, 0x21, 0x04, 0x21, 0x04, 0x8c, 0x5f, 0x8c, 0x5f, 0x21, 0x04, 0xbf, 0x5d, 0xbf, 0x5d, 
    0x21, 0x04, 0x07, 0xe0, 0x07, 0xe0, 0x07, 0xe0, 0x07, 0xe0, 0x07, 0xe0, 0x07, 0xe0, 0x21, 0x04, 
    0xff, 0xdf, 0xff, 0xdf, 0x21, 0x04, 0x21, 0x04, 0xfc, 0x00, 0xfc, 0x00, 0xff, 0xc0, 0x21, 0x04, 
    0x07, 0xe0, 0x07, 0xe0, 0x07, 0xe0, 0x07, 0xe0, 0x07, 0xe0, 0x21, 0x04, 0xfc, 0x00, 0xfc, 0x00, 
    0xff, 0xc0, 0x21, 0x04, 0x21, 0x04, 0x21, 0x04, 0x21, 0x04, 0x07, 0xe0, 0x07, 0xe0, 0x07, 0xe0, 
    0x07, 0xe0, 0x07, 0xe0, 0x07, 0xe0, 0x07, 0xe0, 0x21, 0x04, 0x21, 0x04, 0x21, 0x04, 0x07, 0xe0, 
    0x07, 0xe0, 0x07, 0xe0, 0x07, 0xe0, 0x07, 0xe0, 0x07, 0xe0, 0x07, 0xe0, 
};

hagl_bitmap_t lucas = {
    .width = 14,
    .height = 25,
    .depth = 16, // RGB565 is 16-bit
    .buffer = lucasbuf,
};

// Image: moray.png (25x55)
unsigned char moraybuf[] = {
    0x07, 0xe0, 0x07, 0xe0, 0x07, 0xe0, 0x07, 0xe0, 0x07, 0xe0, 0x07, 0xe0, 0x07, 0xe0, 0x07, 0xe0, 
    0x07, 0xe0, 0x07, 0xe0, 0x00, 0x00, 0x07, 0xe0, 0x07, 0xe0, 0x07, 0xe0, 0x07, 0xe0, 0x07, 0xe0, 
    0x07, 0xe0, 0x07, 0xe0, 0x07, 0xe0, 0x07, 0xe0, 0x07, 0xe0, 0x07, 0xe0, 0x07, 0xe0, 0x07, 0xe0, 
    0x07, 0xe0, 0x07, 0xe0, 0x07, 0xe0, 0x07, 0xe0, 0x07, 0xe0, 0x07, 0xe0, 0x07, 0xe0, 0x07, 0xe0, 
    0x07, 0xe0, 0x07, 0xe0, 0x00, 0x00, 0x28, 0xc9, 0x00, 0x00, 0x00, 0x00, 0x00, 0x00, 0x00, 0x00, 
    0x00, 0x00, 0x07, 0xe0, 0x07, 0xe0, 0x07, 0xe0, 0x07, 0xe0, 0x07, 0xe0, 0x07, 0xe0, 0x07, 0xe0, 
    0x07, 0xe0, 0x07, 0xe0, 0x07, 0xe0, 0x07, 0xe0, 0x07, 0xe0, 0x07, 0xe0, 0x07, 0xe0, 0x07, 0xe0, 
    0x07, 0xe0, 0x07, 0xe0, 0x00, 0x00, 0x00, 0x00, 0x00, 0x00, 0x28, 0xc9, 0x28, 0xc9, 0x28, 0xc9, 
    0x28, 0xc9, 0x28, 0xc9, 0x00, 0x00, 0x00, 0x00, 0x07, 0xe0, 0x07, 0xe0, 0x07, 0xe0, 0x07, 0xe0, 
    0x07, 0xe0, 0x07, 0xe0, 0x07, 0xe0, 0x07, 0xe0, 0x07, 0xe0, 0x07, 0xe0, 0x07, 0xe0, 0x07, 0xe0, 
    0x07, 0xe0, 0x00, 0x00, 0x00, 0x00, 0x93, 0xf5, 0x28, 0xc9, 0x28, 0xc9, 0x28, 0xc9, 0x28, 0xc9, 
    0x28, 0xc9, 0x28, 0xc9, 0x28, 0xc9, 0x28, 0xc9, 0x28, 0xc9, 0x00, 0x00, 0x07, 0xe0, 0x07, 0xe0, 
    0x07, 0xe0, 0x07, 0xe0, 0x07, 0xe0, 0x07, 0xe0, 0x07, 0xe0, 0x07, 0xe0, 0x07, 0xe0, 0x07, 0xe0, 
    0x07, 0xe0, 0x00, 0x00, 0x93, 0xf5, 0x93, 0xf5, 0x28, 0xc9, 0x28, 0xc9, 0x28, 0xc9, 0x28, 0xc9, 
    0x28, 0xc9, 0x28, 0xc9, 0x28, 0xc9, 0x28, 0xc9, 0x28, 0xc9, 0x28, 0xc9, 0x9f, 0xdf, 0x00, 0x00, 
    0x07, 0xe0, 0x07, 0xe0, 0x07, 0xe0, 0x07, 0xe0, 0x07, 0xe0, 0x07, 0xe0, 0x07, 0xe0, 0x07, 0xe0, 
    0x07, 0xe0, 0x00, 0x00, 0x93, 0xf5, 0x28, 0xc9, 0x28, 0xc9, 0x28, 0xc9, 0x28, 0xc9, 0x28, 0xc9, 
    0x28, 0xc9, 0x28, 0xc9, 0x28, 0xc9, 0x28, 0xc9, 0x28, 0xc9, 0x28, 0xc9, 0x9f, 0xdf, 0x00, 0x00, 
    0x00, 0x00, 0x07, 0xe0, 0x07, 0xe0, 0x07, 0xe0, 0x07, 0xe0, 0x07, 0xe0, 0x07, 0xe0, 0x07, 0xe0, 
    0x07, 0xe0, 0x07, 0xe0, 0x00, 0x00, 0x28, 0xc9, 0x28, 0xc9, 0x28, 0xc9, 0x28, 0xc9, 0x28, 0xc9, 
    0x28, 0xc9, 0x28, 0xc9, 0x28, 0xc9, 0x9f, 0xdf, 0x9f, 0xdf, 0x9f, 0xdf, 0x9f, 0xdf, 0x00, 0x00, 
    0x31, 0x74, 0x00, 0x00, 0x07, 0xe0, 0x07, 0xe0, 0x07, 0xe0, 0x07, 0xe0, 0x07, 0xe0, 0x41, 0xab, 
    0x07, 0xe0, 0x07, 0xe0, 0x07, 0xe0, 0x00, 0x00, 0x9f, 0xdf, 0x9f, 0xdf, 0x9f, 0xdf, 0x9f, 0xdf, 
    0x9f, 0xdf, 0x9f, 0xdf, 0x9f, 0xdf, 0x9f, 0xdf, 0x00, 0x00, 0x00, 0x00, 0x00, 0x00, 0x00, 0x00, 
    0x31, 0x74, 0x5a, 0xd9, 0x5a, 0xd9, 0x00, 0x00, 0x07, 0xe0, 0x07, 0xe0, 0x07, 0xe0, 0x41, 0xab, 
    0x07, 0xe0, 0x41, 0xab, 0x41, 0xab, 0x07, 0xe0, 0x07, 0xe0, 0x00, 0x00, 0x00, 0x00, 0x00, 0x00, 
    0x00, 0x00, 0x00, 0x00, 0x00, 0x00, 0x00, 0x00, 0x00, 0x00, 0x31, 0x74, 0x31, 0x74, 0x31, 0x74, 
    0x31, 0x74, 0x5a, 0xd9, 0x5a, 0xd9, 0x5a, 0xd9, 0x00, 0x00, 0x07, 0xe0, 0x41, 0xab, 0x41, 0xab, 
    0x07, 0xe0, 0x07, 0xe0, 0x00, 0x00, 0x74, 0x56, 0x41, 0xab, 0x00, 0x00, 0x00, 0x00, 0x31, 0x74, 
    0x31, 0x74, 0x31, 0x74, 0x31, 0x74, 0x31, 0x74, 0x31, 0x74, 0x31, 0x74, 0x5a, 0xd9, 0x5a, 0xd9, 
    0x5a, 0xd9, 0x5a, 0xd9, 0x5a, 0xd9, 0x31, 0x74, 0x5a, 0xd9, 0x00, 0x00, 0x41, 0xab, 0x74, 0x56, 
    0x00, 0x00, 0x07, 0xe0, 0x07, 0xe0, 0x07, 0xe0, 0x00, 0x00, 0x74, 0x56, 0x00, 0x00, 0x5a, 0xd9, 
    0x5a, 0xd9, 0x5a, 0xd9, 0x5a, 0xd9, 0x5a, 0xd9, 0x5a, 0xd9, 0x5a, 0xd9, 0x5a, 0xd9, 0x5a, 0xd9, 
    0x5a, 0xd9, 0x5a, 0xd9, 0x31, 0x74, 0x00, 0x00, 0x31, 0x74, 0x00, 0x00, 0x74, 0x56, 0x74, 0x56, 
    0x00, 0x00, 0x07, 0xe0, 0x07, 0xe0, 0x07, 0xe0, 0x07, 0xe0, 0x00, 0x00, 0x74, 0x56, 0x00, 0x00, 
    0x31, 0x74, 0x5a, 0xd9, 0x5a, 0xd9, 0x5a, 0xd9, 0x5a, 0xd9, 0x5a, 0xd9, 0x5a, 0xd9, 0x31, 0x74, 
    0x5a, 0xd9, 0x5a, 0xd9, 0x31, 0x74, 0x00, 0x00, 0x31, 0x74, 0x31, 0x74, 0x00, 0x00, 0x74, 0x56, 
    0x74, 0x56, 0x00, 0x00, 0x07, 0xe0, 0x07, 0xe0, 0x41, 0xab, 0x41, 0xab, 0x41, 0xab, 0x41, 0xab, 
    0x00, 0x00, 0x31, 0x74, 0x5a, 0xd9, 0x5a, 0xd9, 0x5a, 0xd9, 0x31, 0x74, 0x00, 0x00, 0x31, 0x74, 
    0x5a, 0xd9, 0x5a, 0xd9, 0x31, 0x74, 0x00, 0x00, 0x00, 0x00, 0x31, 0x74, 0x00, 0x00, 0x41, 0xab, 
    0x41, 0xab, 0x41, 0xab, 0x41, 0xab, 0x41, 0xab, 0x41, 0xab, 0x07, 0xe0, 0x07, 0xe0, 0x00, 0x00, 
    0x74, 0x56, 0x00, 0x00, 0x31, 0x74, 0x31, 0x74, 0x5a, 0xd9, 0x31, 0x74, 0x00, 0x00, 0x00, 0x00, 
    0x31, 0x74, 0x31, 0x74, 0x31, 0x74, 0x00, 0x00, 0x1a, 0x0f, 0x1a, 0x0f, 0x00, 0x00, 0x00, 0x00, 
    0x74, 0x56, 0x74, 0x56, 0x74, 0x56, 0x00, 0x00, 0x07, 0xe0, 0x07, 0xe0, 0x07, 0xe0, 0x07, 0xe0, 
    0x00, 0x00, 0x74, 0x56, 0x00, 0x00, 0x31, 0x74, 0x31, 0x74, 0x31, 0x74, 0x00, 0x00, 0x74, 0x56, 
    0x74, 0x56, 0x00, 0x00, 0x00, 0x00, 0x00, 0x00, 0x74, 0x56, 0x74, 0x56, 0x74, 0x56, 0x74, 0x56, 
    0x00, 0x00, 0x74, 0x56, 0x74, 0x56, 0x74, 0x56, 0x00, 0x00, 0x07, 0xe0, 0x07, 0xe0, 0x07, 0xe0, 
    0x07, 0xe0, 0x00, 0x00, 0x74, 0x56, 0x74, 0x56, 0x00, 0x00, 0x31, 0x74, 0x00, 0x00, 0x74, 0x56, 
    0x74, 0x56, 0x74, 0x56, 0x74, 0x56, 0x74, 0x56, 0x74, 0x56, 0x74, 0x56, 0x00, 0x00, 0x74, 0x56, 
    0x74, 0x56, 0x00, 0x00, 0x41, 0xab, 0x74, 0x56, 0x74, 0x56, 0x00, 0x00, 0x07, 0xe0, 0x07, 0xe0, 
    0x07, 0xe0, 0x00, 0x00, 0x74, 0x56, 0x41, 0xab, 0x41, 0xab, 0x00, 0x00, 0x31, 0x74, 0x00, 0x00, 
    0x00, 0x00, 0x74, 0x56, 0x74, 0x56, 0xff, 0xff, 0x00, 0x00, 0x00, 0x00, 0xff, 0xff, 0x74, 0x56, 
    0x74, 0x56, 0x00, 0x00, 0x07, 0xe0, 0x07, 0xe0, 0x41, 0xab, 0x41, 0xab, 0x74, 0x56, 0x00, 0x00, 
    0x07, 0xe0, 0x07, 0xe0, 0x41, 0xab, 0x41, 0xab, 0x07, 0xe0, 0x07, 0xe0, 0x07, 0xe0, 0x00, 0x00, 
    0x07, 0xe0, 0x07, 0xe0, 0x00, 0x00, 0x74, 0x56, 0x74, 0x56, 0x74, 0x56, 0x74, 0x56, 0x74, 0x56, 
    0x74, 0x56, 0x00, 0x00, 0x07, 0xe0, 0x07, 0xe0, 0x07, 0xe0, 0x07, 0xe0, 0x07, 0xe0, 0x41, 0xab, 
    0x41, 0xab, 0x07, 0xe0, 0x41, 0xab, 0x07, 0xe0, 0x07, 0xe0, 0x07, 0xe0, 0x07, 0xe0, 0x07, 0xe0, 
    0x00, 0x00, 0x07, 0xe0, 0x07, 0xe0, 0x07, 0xe0, 0x00, 0x00, 0x00, 0x00, 0x74, 0x56, 0x74, 0x56, 
    0x00, 0x00, 0x00, 0x00, 0x07, 0xe0, 0x07, 0xe0, 0x07, 0xe0, 0x07, 0xe0, 0x07, 0xe0, 0x07, 0xe0, 
    0x07, 0xe0, 0x07, 0xe0, 0x41, 0xab, 0x07, 0xe0, 0x07, 0xe0, 0x07, 0xe0, 0x07, 0xe0, 0x07, 0xe0, 
    0x07, 0xe0, 0x07, 0xe0, 0x07, 0xe0, 0x07, 0xe0, 0x00, 0x00, 0x28, 0xc9, 0x28, 0xc9, 0x00, 0x00, 
    0x00, 0x00, 0x28, 0xc9, 0x28, 0xc9, 0x00, 0x00, 0x07, 0xe0, 0x07, 0xe0, 0x07, 0xe0, 0x07, 0xe0, 
    0x07, 0xe0, 0x07, 0xe0, 0x07, 0xe0, 0x07, 0xe0, 0x07, 0xe0, 0x07, 0xe0, 0x07, 0xe0, 0x07, 0xe0, 
    0x07, 0xe0, 0x07, 0xe0, 0x07, 0xe0, 0x07, 0xe0, 0x07, 0xe0, 0x07, 0xe0, 0x00, 0x00, 0x28, 0xc9, 
    0x28, 0xc9, 0x28, 0xc9, 0x28, 0xc9, 0x00, 0x00, 0x07, 0xe0, 0x07, 0xe0, 0x07, 0xe0, 0x07, 0xe0, 
    0x07, 0xe0, 0x07, 0xe0, 0x07, 0xe0, 0x07, 0xe0, 0x07, 0xe0, 0x07, 0xe0, 0x07, 0xe0, 0x07, 0xe0, 
    0x07, 0xe0, 0x07, 0xe0, 0x07, 0xe0, 0x07, 0xe0, 0x00, 0x00, 0x00, 0x00, 0x08, 0x6d, 0x00, 0x00, 
    0x00, 0x00, 0x00, 0x00, 0x00, 0x00, 0x00, 0x00, 0x00, 0x00, 0x08, 0x6d, 0x00, 0x00, 0x00, 0x00, 
    0x07, 0xe0, 0x07, 0xe0, 0x07, 0xe0, 0x07, 0xe0, 0x07, 0xe0, 0x07, 0xe0, 0x07, 0xe0, 0x07, 0xe0, 
    0x07, 0xe0, 0x07, 0xe0, 0x07, 0xe0, 0x07, 0xe0, 0x00, 0x00, 0x9f, 0xdf, 0x9f, 0xdf, 0x9f, 0xdf, 
    0x08, 0x6d, 0x28, 0xc9, 0x28, 0xc9, 0x28, 0xc9, 0x28, 0xc9, 0x08, 0x6d, 0x9f, 0xdf, 0x9f, 0xdf, 
    0x9f, 0xdf, 0x00, 0x00, 0x07, 0xe0, 0x07, 0xe0, 0x07, 0xe0, 0x07, 0xe0, 0x07, 0xe0, 0x07, 0xe0, 
    0x07, 0xe0, 0x07, 0xe0, 0x07, 0xe0, 0x07, 0xe0, 0x07, 0xe0, 0x00, 0x00, 0x9f, 0xdf, 0x9f, 0xdf, 
    0x00, 0x00, 0x08, 0x6d, 0x41, 0xab, 0x28, 0xc9, 0x28, 0xc9, 0x41, 0xab, 0x08, 0x6d, 0x00, 0x00, 
    0x9f, 0xdf, 0x9f, 0xdf, 0x00, 0x00, 0x07, 0xe0, 0x07, 0xe0, 0x07, 0xe0, 0x07, 0xe0, 0x07, 0xe0, 
    0x07, 0xe0, 0x07, 0xe0, 0x07, 0xe0, 0x07, 0xe0, 0x07, 0xe0, 0x00, 0x00, 0x5a, 0xd9, 0x00, 0x00, 
    0x00, 0x00, 0x5a, 0xd9, 0x9f, 0xdf, 0x41, 0xab, 0x28, 0xc9, 0x28, 0xc9, 0x41, 0xab, 0x9f, 0xdf, 
    0x5a, 0xd9, 0x00, 0x00, 0x00, 0x00, 0x5a, 0xd9, 0x00, 0x00, 0x07, 0xe0, 0x07, 0xe0, 0x07, 0xe0, 
    0x07, 0xe0, 0x07, 0xe0, 0x07, 0xe0, 0x07, 0xe0, 0x07, 0xe0, 0x07, 0xe0, 0x00, 0x00, 0x5a, 0xd9, 
    0x5a, 0xd9, 0x5a, 0xd9, 0x5a, 0xd9, 0x00, 0x00, 0x08, 0x6d, 0x9f, 0xdf, 0x9f, 0xdf, 0x08, 0x6d, 
    0x00, 0x00, 0x5a, 0xd9, 0x5a, 0xd9, 0x5a, 0xd9, 0x5a, 0xd9, 0x00, 0x00, 0x07, 0xe0, 0x07, 0xe0, 
    0x07, 0xe0, 0x07, 0xe0, 0x07, 0xe0, 0x07, 0xe0, 0x07, 0xe0, 0x07, 0xe0, 0x07, 0xe0, 0x00, 0x00, 
    0x5a, 0xd9, 0x5a, 0xd9, 0x5a, 0xd9, 0x00, 0x00, 0x41, 0xab, 0x41, 0xab, 0x9f, 0xdf, 0x9f, 0xdf, 
    0x41, 0xab, 0x41, 0xab, 0x00, 0x00, 0x5a, 0xd9, 0x5a, 0xd9, 0x5a, 0xd9, 0x00, 0x00, 0x07, 0xe0, 
    0x07, 0xe0, 0x07, 0xe0, 0x07, 0xe0, 0x07, 0xe0, 0x07, 0xe0, 0x07, 0xe0, 0x07, 0xe0, 0x00, 0x00, 
    0x9f, 0xdf, 0x9f, 0xdf, 0x9f, 0xdf, 0x5a, 0xd9, 0x00, 0x00, 0x41, 0xab, 0x41, 0xab, 0x28, 0xc9, 
    0x28, 0xc9, 0x41, 0xab, 0x41, 0xab, 0x00, 0x00, 0x5a, 0xd9, 0x9f, 0xdf, 0x9f, 0xdf, 0x9f, 0xdf, 
    0x00, 0x00, 0x07, 0xe0, 0x07, 0xe0, 0x07, 0xe0, 0x07, 0xe0, 0x07, 0xe0, 0x07, 0xe0, 0x00, 0x00, 
    0x9f, 0xdf, 0x00, 0x00, 0x00, 0x00, 0x00, 0x00, 0x9f, 0xdf, 0x00, 0x00, 0x41, 0xab, 0x41, 0xab, 
    0x28, 0xc9, 0x28, 0xc9, 0x41, 0xab, 0x41, 0xab, 0x00, 0x00, 0x9f, 0xdf, 0x00, 0x00, 0x00, 0x00, 
    0x00, 0x00, 0x9f, 0xdf, 0x00, 0x00, 0x07, 0xe0, 0x07, 0xe0, 0x07, 0xe0, 0x07, 0xe0, 0x07, 0xe0, 
    0x00, 0x00, 0x00, 0x00, 0x07, 0xe0, 0x00, 0x00, 0x1a, 0x0f, 0x00, 0x00, 0x41, 0xab, 0x41, 0xab, 
    0x41, 0xab, 0x28, 0xc9, 0x28, 0xc9, 0x41, 0xab, 0x41, 0xab, 0x41, 0xab, 0x00, 0x00, 0x00, 0x00, 
    0x00, 0x00, 0x1a, 0x0f, 0x00, 0x00, 0x00, 0x00, 0x07, 0xe0, 0x07, 0xe0, 0x07, 0xe0, 0x07, 0xe0, 
    0x07, 0xe0, 0x07, 0xe0, 0x07, 0xe0, 0x07, 0xe0, 0x00, 0x00, 0x1a, 0x0f, 0x00, 0x00, 0x28, 0xc9, 
    0x41, 0xab, 0x41, 0xab, 0x28, 0xc9, 0x28, 0xc9, 0x41, 0xab, 0x41, 0xab, 0x28, 0xc9, 0x00, 0x00, 
    0x00, 0x00, 0x74, 0x56, 0x74, 0x56, 0x1a, 0x0f, 0x00, 0x00, 0x07, 0xe0, 0x07, 0xe0, 0x07, 0xe0, 
    0x07, 0xe0, 0x07, 0xe0, 0x07, 0xe0, 0x07, 0xe0, 0x07, 0xe0, 0x00, 0x00, 0x74, 0x56, 0x1a, 0x0f, 
    0x00, 0x00, 0x00, 0x00, 0x00, 0x00, 0x00, 0x00, 0x00, 0x00, 0x00, 0x00, 0x00, 0x00, 0x00, 0x00, 
    0x74, 0x56, 0x00, 0x00, 0x74, 0x56, 0x74, 0x56, 0x00, 0x00, 0x07, 0xe0, 0x07, 0xe0, 0x07, 0xe0, 
    0x07, 0xe0, 0x07, 0xe0, 0x07, 0xe0, 0x07, 0xe0, 0x07, 0xe0, 0x07, 0xe0, 0x00, 0x00, 0x74, 0x56, 
    0x00, 0x00, 0x52, 0xb5, 0x52, 0xb5, 0x52, 0xb5, 0x52, 0xb5, 0x52, 0xb5, 0x52, 0xb5, 0x52, 0xb5, 
    0x00, 0x00, 0x97, 0x7f, 0x74, 0x56, 0x00, 0x00, 0x00, 0x00, 0x07, 0xe0, 0x07, 0xe0, 0x07, 0xe0, 
    0x07, 0xe0, 0x07, 0xe0, 0x07, 0xe0, 0x07, 0xe0, 0x07, 0xe0, 0x07, 0xe0, 0x00, 0x00, 0x74, 0x56, 
    0x74, 0x56, 0x00, 0x00, 0x52, 0xb5, 0x9c, 0xbb, 0x9c, 0xbb, 0x9c, 0xbb, 0x9c, 0xbb, 0x52, 0xb5, 
    0x00, 0x00, 0x28, 0xc9, 0x00, 0x00, 0x97, 0x7f, 0x00, 0x00, 0x07, 0xe0, 0x07, 0xe0, 0x07, 0xe0, 
    0x07, 0xe0, 0x07, 0xe0, 0x07, 0xe0, 0x07, 0xe0, 0x07, 0xe0, 0x07, 0xe0, 0x07, 0xe0, 0x00, 0x00, 
    0x74, 0x56, 0x74, 0x56, 0x00, 0x00, 0x9c, 0xbb, 0x9c, 0xbb, 0x9c, 0xbb, 0x9c, 0xbb, 0x52, 0xb5, 
    0x00, 0x00, 0x28, 0xc9, 0x41, 0xab, 0x00, 0x00, 0x00, 0x00, 0x07, 0xe0, 0x07, 0xe0, 0x07, 0xe0, 
    0x07, 0xe0, 0x07, 0xe0, 0x07, 0xe0, 0x07, 0xe0, 0x07, 0xe0, 0x07, 0xe0, 0x07, 0xe0, 0x07, 0xe0, 
    0x00, 0x00, 0x74, 0x56, 0x74, 0x56, 0x00, 0x00, 0x9c, 0xbb, 0x9c, 0xbb, 0x9c, 0xbb, 0x52, 0xb5, 
    0x00, 0x00, 0x00, 0x00, 0x41, 0xab, 0x41, 0xab, 0x00, 0x00, 0x07, 0xe0, 0x07, 0xe0, 0x07, 0xe0, 
    0x07, 0xe0, 0x07, 0xe0, 0x07, 0xe0, 0x07, 0xe0, 0x07, 0xe0, 0x07, 0xe0, 0x07, 0xe0, 0x07, 0xe0, 
    0x07, 0xe0, 0x9f, 0xdf, 0x74, 0x56, 0x74, 0x56, 0x00, 0x00, 0x52, 0xb5, 0x52, 0xb5, 0x52, 0xb5, 
    0x00, 0x00, 0x31, 0x74, 0x00, 0x00, 0x41, 0xab, 0x41, 0xab, 0x00, 0x00, 0x07, 0xe0, 0x07, 0xe0, 
    0x07, 0xe0, 0x07, 0xe0, 0x07, 0xe0, 0x07, 0xe0, 0x07, 0xe0, 0x07, 0xe0, 0x07, 0xe0, 0x07, 0xe0, 
    0x07, 0xe0, 0x00, 0x00, 0x74, 0x56, 0x74, 0x56, 0x00, 0x00, 0x00, 0x00, 0x00, 0x00, 0x00, 0x00, 
    0x00, 0x00, 0x31, 0x74, 0x31, 0x74, 0x00, 0x00, 0x41, 0xab, 0x41, 0xab, 0x00, 0x00, 0x07, 0xe0, 
    0x07, 0xe0, 0x07, 0xe0, 0x07, 0xe0, 0x07, 0xe0, 0x07, 0xe0, 0x07, 0xe0, 0x07, 0xe0, 0x07, 0xe0, 
    0x07, 0xe0, 0x00, 0x00, 0x74, 0x56, 0x74, 0x56, 0x00, 0x00, 0x00, 0x00, 0x00, 0x00, 0x28, 0xc9, 
    0x28, 0xc9, 0x00, 0x00, 0x31, 0x74, 0x31, 0x74, 0x00, 0x00, 0x41, 0xab, 0x41, 0xab, 0x00, 0x00, 
    0x07, 0xe0, 0x07, 0xe0, 0x07, 0xe0, 0x07, 0xe0, 0x07, 0xe0, 0x07, 0xe0, 0x07, 0xe0, 0x07, 0xe0, 
    0x07, 0xe0, 0x00, 0x00, 0x00, 0x00, 0x00, 0x00, 0x00, 0x00, 0x07, 0xe0, 0x00, 0x00, 0x00, 0x00, 
    0x41, 0xab, 0x41, 0xab, 0x00, 0x00, 0x31, 0x74, 0x31, 0x74, 0x00, 0x00, 0x41, 0xab, 0x41, 0xab, 
    0x00, 0x00, 0x07, 0xe0, 0x07, 0xe0, 0x07, 0xe0, 0x07, 0xe0, 0x07, 0xe0, 0x07, 0xe0, 0x07, 0xe0, 
    0x07, 0xe0, 0x07, 0xe0, 0x07, 0xe0, 0x07, 0xe0, 0x07, 0xe0, 0x07, 0xe0, 0x07, 0xe0, 0x07, 0xe0, 
    0x00, 0x00, 0x41, 0xab, 0x41, 0xab, 0x00, 0x00, 0x00, 0x00, 0x00, 0x00, 0x00, 0x00, 0x41, 0xab, 
    0x41, 0xab, 0x00, 0x00, 0x07, 0xe0, 0x07, 0xe0, 0x07, 0xe0, 0x07, 0xe0, 0x07, 0xe0, 0x07, 0xe0, 
    0x07, 0xe0, 0x07, 0xe0, 0x07, 0xe0, 0x07, 0xe0, 0x07, 0xe0, 0x07, 0xe0, 0x07, 0xe0, 0x07, 0xe0, 
    0x07, 0xe0, 0x00, 0x00, 0x41, 0xab, 0x41, 0xab, 0x00, 0x00, 0x07, 0xe0, 0x07, 0xe0, 0x00, 0x00, 
    0x41, 0xab, 0x41, 0xab, 0x00, 0x00, 0x07, 0xe0, 0x07, 0xe0, 0x07, 0xe0, 0x07, 0xe0, 0x07, 0xe0, 
    0x07, 0xe0, 0x07, 0xe0, 0x07, 0xe0, 0x07, 0xe0, 0x07, 0xe0, 0x07, 0xe0, 0x07, 0xe0, 0x07, 0xe0, 
    0x07, 0xe0, 0x07, 0xe0, 0x00, 0x00, 0x41, 0xab, 0x41, 0xab, 0x00, 0x00, 0x07, 0xe0, 0x07, 0xe0, 
    0x00, 0x00, 0x41, 0xab, 0x41, 0xab, 0x00, 0x00, 0x07, 0xe0, 0x07, 0xe0, 0x07, 0xe0, 0x07, 0xe0, 
    0x07, 0xe0, 0x07, 0xe0, 0x07, 0xe0, 0x07, 0xe0, 0x07, 0xe0, 0x07, 0xe0, 0x07, 0xe0, 0x07, 0xe0, 
    0x07, 0xe0, 0x07, 0xe0, 0x07, 0xe0, 0x00, 0x00, 0x00, 0x00, 0x41, 0xab, 0x00, 0x00, 0x07, 0xe0, 
    0x07, 0xe0, 0x00, 0x00, 0x41, 0xab, 0x00, 0x00, 0x00, 0x00, 0x07, 0xe0, 0x07, 0xe0, 0x07, 0xe0, 
    0x07, 0xe0, 0x07, 0xe0, 0x07, 0xe0, 0x07, 0xe0, 0x07, 0xe0, 0x07, 0xe0, 0x07, 0xe0, 0x07, 0xe0, 
    0x07, 0xe0, 0x07, 0xe0, 0x07, 0xe0, 0x07, 0xe0, 0x00, 0x00, 0x9c, 0xbb, 0x00, 0x00, 0x00, 0x00, 
    0x07, 0xe0, 0x07, 0xe0, 0x00, 0x00, 0x00, 0x00, 0x9c, 0xbb, 0x00, 0x00, 0x07, 0xe0, 0x07, 0xe0, 
    0x07, 0xe0, 0x07, 0xe0, 0x07, 0xe0, 0x07, 0xe0, 0x07, 0xe0, 0x07, 0xe0, 0x07, 0xe0, 0x07, 0xe0, 
    0x07, 0xe0, 0x07, 0xe0, 0x07, 0xe0, 0x07, 0xe0, 0x00, 0x00, 0x9f, 0xdf, 0x9c, 0xbb, 0x9f, 0xdf, 
    0x00, 0x00, 0x07, 0xe0, 0x07, 0xe0, 0x00, 0x00, 0x9f, 0xdf, 0x9c, 0xbb, 0x9f, 0xdf, 0x00, 0x00, 
    0x07, 0xe0, 0x07, 0xe0, 0x07, 0xe0, 0x07, 0xe0, 0x07, 0xe0, 0x07, 0xe0, 0x07, 0xe0, 0x07, 0xe0, 
    0x07, 0xe0, 0x07, 0xe0, 0x07, 0xe0, 0x07, 0xe0, 0x07, 0xe0, 0x00, 0x00, 0x9c, 0xbb, 0x9f, 0xdf, 
    0x9c, 0xbb, 0x00, 0x00, 0x07, 0xe0, 0x07, 0xe0, 0x00, 0x00, 0x9c, 0xbb, 0x9f, 0xdf, 0x9c, 0xbb, 
    0x00, 0x00, 0x07, 0xe0, 0x07, 0xe0, 0x07, 0xe0, 0x07, 0xe0, 0x07, 0xe0, 0x07, 0xe0, 0x07, 0xe0, 
    0x07, 0xe0, 0x07, 0xe0, 0x07, 0xe0, 0x07, 0xe0, 0x07, 0xe0, 0x07, 0xe0, 0x00, 0x00, 0x9c, 0xbb, 
    0x9c, 0xbb, 0x9c, 0xbb, 0x00, 0x00, 0x07, 0xe0, 0x07, 0xe0, 0x00, 0x00, 0x9c, 0xbb, 0x9c, 0xbb, 
    0x9c, 0xbb, 0x00, 0x00, 0x07, 0xe0, 0x07, 0xe0, 0x07, 0xe0, 0x07, 0xe0, 0x07, 0xe0, 0x07, 0xe0, 
    0x07, 0xe0, 0x07, 0xe0, 0x07, 0xe0, 0x07, 0xe0, 0x07, 0xe0, 0x07, 0xe0, 0x07, 0xe0, 0x00, 0x00, 
    0x9c, 0xbb, 0x9c, 0xbb, 0x9c, 0xbb, 0x00, 0x00, 0x07, 0xe0, 0x07, 0xe0, 0x00, 0x00, 0x9c, 0xbb, 
    0x9c, 0xbb, 0x9c, 0xbb, 0x00, 0x00, 0x07, 0xe0, 0x07, 0xe0, 0x07, 0xe0, 0x07, 0xe0, 0x07, 0xe0, 
    0x07, 0xe0, 0x07, 0xe0, 0x07, 0xe0, 0x07, 0xe0, 0x07, 0xe0, 0x07, 0xe0, 0x07, 0xe0, 0x07, 0xe0, 
    0x00, 0x00, 0x9c, 0xbb, 0x9c, 0xbb, 0x9c, 0xbb, 0x00, 0x00, 0x07, 0xe0, 0x07, 0xe0, 0x00, 0x00, 
    0x9c, 0xbb, 0x9c, 0xbb, 0x9c, 0xbb, 0x00, 0x00, 0x07, 0xe0, 0x07, 0xe0, 0x07, 0xe0, 0x07, 0xe0, 
    0x07, 0xe0, 0x07, 0xe0, 0x07, 0xe0, 0x07, 0xe0, 0x07, 0xe0, 0x07, 0xe0, 0x07, 0xe0, 0x07, 0xe0, 
    0x07, 0xe0, 0x00, 0x00, 0x9c, 0xbb, 0x9c, 0xbb, 0x9c, 0xbb, 0x00, 0x00, 0x07, 0xe0, 0x07, 0xe0, 
    0x00, 0x00, 0x9c, 0xbb, 0x9c, 0xbb, 0x9c, 0xbb, 0x00, 0x00, 0x07, 0xe0, 0x07, 0xe0, 0x07, 0xe0, 
    0x07, 0xe0, 0x07, 0xe0, 0x07, 0xe0, 0x07, 0xe0, 0x07, 0xe0, 0x07, 0xe0, 0x07, 0xe0, 0x07, 0xe0, 
    0x07, 0xe0, 0x07, 0xe0, 0x00, 0x00, 0x9c, 0xbb, 0x9c, 0xbb, 0x52, 0xb5, 0x00, 0x00, 0x07, 0xe0, 
    0x07, 0xe0, 0x00, 0x00, 0x52, 0xb5, 0x9c, 0xbb, 0x9c, 0xbb, 0x00, 0x00, 0x07, 0xe0, 0x07, 0xe0, 
    0x07, 0xe0, 0x07, 0xe0, 0x07, 0xe0, 0x07, 0xe0, 0x07, 0xe0, 0x07, 0xe0, 0x07, 0xe0, 0x07, 0xe0, 
    0x07, 0xe0, 0x07, 0xe0, 0x00, 0x00, 0x00, 0x00, 0x52, 0xb5, 0x52, 0xb5, 0x52, 0xb5, 0x00, 0x00, 
    0x07, 0xe0, 0x07, 0xe0, 0x00, 0x00, 0x52, 0xb5, 0x52, 0xb5, 0x52, 0xb5, 0x00, 0x00, 0x00, 0x00, 
    0x07, 0xe0, 0x07, 0xe0, 0x07, 0xe0, 0x07, 0xe0, 0x07, 0xe0, 0x07, 0xe0, 0x07, 0xe0, 0x07, 0xe0, 
    0x07, 0xe0, 0x07, 0xe0, 0x00, 0x00, 0x9c, 0xbb, 0x9c, 0xbb, 0x9c, 0xbb, 0x9c, 0xbb, 0x52, 0xb5, 
    0x00, 0x00, 0x07, 0xe0, 0x07, 0xe0, 0x00, 0x00, 0x52, 0xb5, 0x9c, 0xbb, 0x9c, 0xbb, 0x9c, 0xbb, 
    0x9c, 0xbb, 0x00, 0x00, 0x07, 0xe0, 0x07, 0xe0, 0x07, 0xe0, 0x07, 0xe0, 0x07, 0xe0, 0x07, 0xe0, 
    0x07, 0xe0, 0x07, 0xe0, 0x07, 0xe0, 0x00, 0x00, 0x00, 0x00, 0x00, 0x00, 0x00, 0x00, 0x00, 0x00, 
    0x00, 0x00, 0x07, 0xe0, 0x07, 0xe0, 0x07, 0xe0, 0x07, 0xe0, 0x00, 0x00, 0x00, 0x00, 0x00, 0x00, 
    0x00, 0x00, 0x00, 0x00, 0x00, 0x00, 0x07, 0xe0, 0x07, 0xe0, 0x07, 0xe0, 0x07, 0xe0, 
};

hagl_bitmap_t moray = {
    .width = 25,
    .height = 55,
    .depth = 16, // RGB565 is 16-bit
    .buffer = moraybuf,
};

// Image: roadCenterTile.png (16x16)
unsigned char roadCenterTilebuf[] = {
    0x18, 0xa4, 0x18, 0xa4, 0x18, 0xa4, 0x3a, 0x2c, 0x3a, 0x2c, 0x3a, 0x2c, 0x21, 0x48, 0x18, 0xa4, 
    0x18, 0xa4, 0x18, 0xa4, 0x18, 0xa4, 0x18, 0xa4, 0x18, 0xa4, 0x18, 0xa4, 0x18, 0xa4, 0x18, 0xa4, 
    0x18, 0xa4, 0x18, 0xa4, 0x3a, 0x2c, 0x21, 0x48, 0x21, 0x48, 0x21, 0x48, 0x21, 0x48, 0x21, 0x48, 
    0x18, 0xa4, 0x18, 0xa4, 0x3a, 0x2c, 0x3a, 0x2c, 0x3a, 0x2c, 0x21, 0x48, 0x18, 0xa4, 0x18, 0xa4, 
    0x18, 0xa4, 0x18, 0xa4, 0x3a, 0x2c, 0x21, 0x48, 0x21, 0x48, 0x21, 0x48, 0x21, 0x48, 0x21, 0x48, 
    0x18, 0xa4, 0x3a, 0x2c, 0x21, 0x48, 0x21, 0x48, 0x21, 0x48, 0x21, 0x48, 0x18, 0xa4, 0x18, 0xa4, 
    0x3a, 0x2c, 0x18, 0xa4, 0x18, 0xa4, 0x21, 0x48, 0x21, 0x48, 0x21, 0x48, 0x21, 0x48, 0x18, 0xa4, 
    0x18, 0xa4, 0x3a, 0x2c, 0x21, 0x48, 0x21, 0x48, 0x21, 0x48, 0x18, 0xa4, 0x18, 0xa4, 0x3a, 0x2c, 
    0x21, 0x48, 0x21, 0x48, 0x18, 0xa4, 0x18, 0xa4, 0x21, 0x48, 0x21, 0x48, 0x18, 0xa4, 0x18, 0xa4, 
    0x18, 0xa4, 0x18, 0xa4, 0x18, 0xa4, 0x18, 0xa4, 0x18, 0xa4, 0x18, 0xa4, 0x3a, 0x2c, 0x21, 0x48, 
    0x21, 0x48, 0x21, 0x48, 0x18, 0xa4, 0x18, 0xa4, 0x18, 0xa4, 0x18, 0xa4, 0x18, 0xa4, 0x3a, 0x2c, 
    0x3a, 0x2c, 0x3a, 0x2c, 0x21, 0x48, 0x18, 0xa4, 0x18, 0xa4, 0x18, 0xa4, 0x3a, 0x2c, 0x21, 0x48, 
    0x21, 0x48, 0x21, 0x48, 0x18, 0xa4, 0x18, 0xa4, 0x18, 0xa4, 0x18, 0xa4, 0x3a, 0x2c, 0x21, 0x48, 
    0x21, 0x48, 0x21, 0x48, 0x21, 0x48, 0x21, 0x48, 0x18, 0xa4, 0x18, 0xa4, 0x21, 0x48, 0x21, 0x48, 
    0x21, 0x48, 0x18, 0xa4, 0x18, 0xa4, 0x18, 0xa4, 0xff, 0xe0, 0xff, 0xe0, 0xff, 0xe0, 0xff, 0xe0, 
    0xff, 0xe0, 0xff, 0xe0, 0xff, 0xe0, 0xff, 0xe0, 0x18, 0xa4, 0x18, 0xa4, 0x18, 0xa4, 0x21, 0x48, 
    0x18, 0xa4, 0x18, 0xa4, 0x18, 0xa4, 0x18, 0xa4, 0xff, 0xe0, 0xff, 0xe0, 0xff, 0xe0, 0xff, 0xe0, 
    0xff, 0xe0, 0xff, 0xe0, 0xff, 0xe0, 0xff, 0xe0, 0x18, 0xa4, 0x18, 0xa4, 0x18, 0xa4, 0x18, 0xa4, 
    0x3a, 0x2c, 0x3a, 0x2c, 0x21, 0x48, 0x18, 0xa4, 0x18, 0xa4, 0x18, 0xa4, 0x21, 0x48, 0x21, 0x48, 
    0x21, 0x48, 0x21, 0x48, 0x18, 0xa4, 0x18, 0xa4, 0x18, 0xa4, 0x18, 0xa4, 0x3a, 0x2c, 0x3a, 0x2c, 
    0x21, 0x48, 0x21, 0x48, 0x21, 0x48, 0x21, 0x48, 0x18, 0xa4, 0x18, 0xa4, 0x18, 0xa4, 0x18, 0xa4, 
    0x18, 0xa4, 0x18, 0xa4, 0x18, 0xa4, 0x18, 0xa4, 0x18, 0xa4, 0x3a, 0x2c, 0x21, 0x48, 0x21, 0x48, 
    0x21, 0x48, 0x21, 0x48, 0x21, 0x48, 0x21, 0x48, 0x21, 0x48, 0x18, 0xa4, 0x18, 0xa4, 0x18, 0xa4, 
    0x18, 0xa4, 0x18, 0xa4, 0x18, 0xa4, 0x18, 0xa4, 0x18, 0xa4, 0x3a, 0x2c, 0x21, 0x48, 0x21, 0x48, 
    0x21, 0x48, 0x21, 0x48, 0x21, 0x48, 0x21, 0x48, 0x21, 0x48, 0x18, 0xa4, 0x18, 0xa4, 0x3a, 0x2c, 
    0x3a, 0x2c, 0x3a, 0x2c, 0x3a, 0x2c, 0x21, 0x48, 0x18, 0xa4, 0x3a, 0x2c, 0x21, 0x48, 0x21, 0x48, 
    0x21, 0x48, 0x21, 0x48, 0x21, 0x48, 0x21, 0x48, 0x21, 0x48, 0x18, 0xa4, 0x3a, 0x2c, 0x21, 0x48, 
    0x21, 0x48, 0x21, 0x48, 0x21, 0x48, 0x21, 0x48, 0x18, 0xa4, 0x21, 0x48, 0x21, 0x48, 0x21, 0x48, 
    0x21, 0x48, 0x21, 0x48, 0x21, 0x48, 0x21, 0x48, 0x18, 0xa4, 0x18, 0xa4, 0x3a, 0x2c, 0x21, 0x48, 
    0x21, 0x48, 0x21, 0x48, 0x21, 0x48, 0x21, 0x48, 0x18, 0xa4, 0x18, 0xa4, 0x21, 0x48, 0x21, 0x48, 
    0x18, 0xa4, 0x18, 0xa4, 0x18, 0xa4, 0x18, 0xa4, 0x18, 0xa4, 0x18, 0xa4, 0x18, 0xa4, 0x21, 0x48, 
    0x21, 0x48, 0x21, 0x48, 0x21, 0x48, 0x18, 0xa4, 0x18, 0xa4, 0x18, 0xa4, 0x18, 0xa4, 0x18, 0xa4, 
};

hagl_bitmap_t roadCenterTile = {
    .width = 16,
    .height = 16,
    .depth = 16, // RGB565 is 16-bit
    .buffer = roadCenterTilebuf,
};

// Image: roadTile.png (16x16)
unsigned char roadTilebuf[] = {
    0x18, 0xa4, 0x18, 0xa4, 0x18, 0xa4, 0x3a, 0x2c, 0x3a, 0x2c, 0x3a, 0x2c, 0x21, 0x48, 0x18, 0xa4, 
    0x18, 0xa4, 0x18, 0xa4, 0x18, 0xa4, 0x18, 0xa4, 0x18, 0xa4, 0x18, 0xa4, 0x18, 0xa4, 0x18, 0xa4, 
    0x18, 0xa4, 0x18, 0xa4, 0x3a, 0x2c, 0x21, 0x48, 0x21, 0x48, 0x21, 0x48, 0x21, 0x48, 0x21, 0x48, 
    0x18, 0xa4, 0x18, 0xa4, 0x3a, 0x2c, 0x3a, 0x2c, 0x3a, 0x2c, 0x21, 0x48, 0x18, 0xa4, 0x18, 0xa4, 
    0x18, 0xa4, 0x18, 0xa4, 0x3a, 0x2c, 0x21, 0x48, 0x21, 0x48, 0x21, 0x48, 0x21, 0x48, 0x21, 0x48, 
    0x18, 0xa4, 0x3a, 0x2c, 0x21, 0x48, 0x21, 0x48, 0x21, 0x48, 0x21, 0x48, 0x18, 0xa4, 0x18, 0xa4, 
    0x3a, 0x2c, 0x18, 0xa4, 0x18, 0xa4, 0x21, 0x48, 0x21, 0x48, 0x21, 0x48, 0x21, 0x48, 0x18, 0xa4, 
    0x18, 0xa4, 0x3a, 0x2c, 0x21, 0x48, 0x21, 0x48, 0x21, 0x48, 0x18, 0xa4, 0x18, 0xa4, 0x3a, 0x2c, 
    0x21, 0x48, 0x21, 0x48, 0x18, 0xa4, 0x18, 0xa4, 0x21, 0x48, 0x21, 0x48, 0x18, 0xa4, 0x18, 0xa4, 
    0x18, 0xa4, 0x18, 0xa4, 0x18, 0xa4, 0x18, 0xa4, 0x18, 0xa4, 0x18, 0xa4, 0x3a, 0x2c, 0x21, 0x48, 
    0x21, 0x48, 0x21, 0x48, 0x18, 0xa4, 0x18, 0xa4, 0x18, 0xa4, 0x18, 0xa4, 0x18, 0xa4, 0x3a, 0x2c, 
    0x3a, 0x2c, 0x3a, 0x2c, 0x21, 0x48, 0x18, 0xa4, 0x18, 0xa4, 0x18, 0xa4, 0x3a, 0x2c, 0x21, 0x48, 
    0x21, 0x48, 0x21, 0x48, 0x18, 0xa4, 0x18, 0xa4, 0x18, 0xa4, 0x18, 0xa4, 0x3a, 0x2c, 0x21, 0x48, 
    0x21, 0x48, 0x21, 0x48, 0x21, 0x48, 0x21, 0x48, 0x18, 0xa4, 0x18, 0xa4, 0x21, 0x48, 0x21, 0x48, 
    0x21, 0x48, 0x18, 0xa4, 0x18, 0xa4, 0x18, 0xa4, 0x18, 0xa4, 0x3a, 0x2c, 0x21, 0x48, 0x21, 0x48, 
    0x21, 0x48, 0x21, 0x48, 0x21, 0x48, 0x21, 0x48, 0x18, 0xa4, 0x18, 0xa4, 0x18, 0xa4, 0x21, 0x48, 
    0x18, 0xa4, 0x18, 0xa4, 0x18, 0xa4, 0x18, 0xa4, 0x18, 0xa4, 0x3a, 0x2c, 0x21, 0x48, 0x21, 0x48, 
    0x21, 0x48, 0x21, 0x48, 0x21, 0x48, 0x18, 0xa4, 0x18, 0xa4, 0x18, 0xa4, 0x18, 0xa4, 0x18, 0xa4, 
    0x3a, 0x2c, 0x3a, 0x2c, 0x21, 0x48, 0x18, 0xa4, 0x18, 0xa4, 0x18, 0xa4, 0x21, 0x48, 0x21, 0x48, 
    0x21, 0x48, 0x21, 0x48, 0x18, 0xa4, 0x18, 0xa4, 0x18, 0xa4, 0x18, 0xa4, 0x3a, 0x2c, 0x3a, 0x2c, 
    0x21, 0x48, 0x21, 0x48, 0x21, 0x48, 0x21, 0x48, 0x18, 0xa4, 0x18, 0xa4, 0x18, 0xa4, 0x18, 0xa4, 
    0x18, 0xa4, 0x18, 0xa4, 0x18, 0xa4, 0x18, 0xa4, 0x18, 0xa4, 0x3a, 0x2c, 0x21, 0x48, 0x21, 0x48, 
    0x21, 0x48, 0x21, 0x48, 0x21, 0x48, 0x21, 0x48, 0x21, 0x48, 0x18, 0xa4, 0x18, 0xa4, 0x18, 0xa4, 
    0x18, 0xa4, 0x18, 0xa4, 0x18, 0xa4, 0x18, 0xa4, 0x18, 0xa4, 0x3a, 0x2c, 0x21, 0x48, 0x21, 0x48, 
    0x21, 0x48, 0x21, 0x48, 0x21, 0x48, 0x21, 0x48, 0x21, 0x48, 0x18, 0xa4, 0x18, 0xa4, 0x3a, 0x2c, 
    0x3a, 0x2c, 0x3a, 0x2c, 0x3a, 0x2c, 0x21, 0x48, 0x18, 0xa4, 0x3a, 0x2c, 0x21, 0x48, 0x21, 0x48, 
    0x21, 0x48, 0x21, 0x48, 0x21, 0x48, 0x21, 0x48, 0x21, 0x48, 0x18, 0xa4, 0x3a, 0x2c, 0x21, 0x48, 
    0x21, 0x48, 0x21, 0x48, 0x21, 0x48, 0x21, 0x48, 0x18, 0xa4, 0x21, 0x48, 0x21, 0x48, 0x21, 0x48, 
    0x21, 0x48, 0x21, 0x48, 0x21, 0x48, 0x21, 0x48, 0x18, 0xa4, 0x18, 0xa4, 0x3a, 0x2c, 0x21, 0x48, 
    0x21, 0x48, 0x21, 0x48, 0x21, 0x48, 0x21, 0x48, 0x18, 0xa4, 0x18, 0xa4, 0x21, 0x48, 0x21, 0x48, 
    0x18, 0xa4, 0x18, 0xa4, 0x18, 0xa4, 0x18, 0xa4, 0x18, 0xa4, 0x18, 0xa4, 0x18, 0xa4, 0x21, 0x48, 
    0x21, 0x48, 0x21, 0x48, 0x21, 0x48, 0x18, 0xa4, 0x18, 0xa4, 0x18, 0xa4, 0x18, 0xa4, 0x18, 0xa4, 
};

hagl_bitmap_t roadTile = {
    .width = 16,
    .height = 16,
    .depth = 16, // RGB565 is 16-bit
    .buffer = roadTilebuf,
};

// Image: selector.png (4x7)
unsigned char selectorbuf[] = {
    0xff, 0xff, 0x00, 0x00, 0x00, 0x00, 0x00, 0x00, 0xff, 0xff, 0xff, 0xff, 0x00, 0x00, 0x00, 0x00, 
    0xff, 0xff, 0xff, 0xff, 0xff, 0xff, 0x00, 0x00, 0xff, 0xff, 0xff, 0xff, 0xff, 0xff, 0xff, 0xff, 
    0xff, 0xff, 0xff, 0xff, 0xff, 0xff, 0x00, 0x00, 0xff, 0xff, 0xff, 0xff, 0x00, 0x00, 0x00, 0x00, 
    0xff, 0xff, 0x00, 0x00, 0x00, 0x00, 0x00, 0x00, 
};

hagl_bitmap_t selector = {
    .width = 4,
    .height = 7,
    .depth = 16, // RGB565 is 16-bit
    .buffer = selectorbuf,
};

// Image: sign.png (20x20)
unsigned char signbuf[] = {
    0x07, 0xe0, 0x00, 0x00, 0x00, 0x00, 0x00, 0x00, 0x00, 0x00, 0x00, 0x00, 0x00, 0x00, 0x00, 0x00, 
    0x00, 0x00, 0x00, 0x00, 0x00, 0x00, 0x00, 0x00, 0x00, 0x00, 0x00, 0x00, 0x00, 0x00, 0x00, 0x00, 
    0x00, 0x00, 0x00, 0x00, 0x00, 0x00, 0x07, 0xe0, 0x00, 0x00, 0xa3, 0x4a, 0xa3, 0x4a, 0xa3, 0x4a, 
    0xa3, 0x4a, 0xa3, 0x4a, 0xa3, 0x4a, 0xa3, 0x4a, 0xa3, 0x4a, 0xa3, 0x4a, 0xa3, 0x4a, 0xa3, 0x4a, 
    0xa3, 0x4a, 0xa3, 0x4a, 0xa3, 0x4a, 0xa3, 0x4a, 0xa3, 0x4a, 0xa3, 0x4a, 0xa3, 0x4a, 0x00, 0x00, 
    0x00, 0x00, 0xa3, 0x4a, 0xb4, 0xb5, 0xb4, 0xb5, 0xb4, 0xb5, 0xb4, 0xb5, 0xb4, 0xb5, 0xb4, 0xb5, 
    0xb4, 0xb5, 0xb4, 0xb5, 0xb4, 0xb5, 0xb4, 0xb5, 0xb4, 0xb5, 0xb4, 0xb5, 0xb4, 0xb5, 0xb4, 0xb5, 
    0xb4, 0xb5, 0xb4, 0xb5, 0xa3, 0x4a, 0x00, 0x00, 0x00, 0x00, 0xa3, 0x4a, 0xb4, 0xb5, 0xb4, 0xb5, 
    0xb4, 0xb5, 0xb4, 0xb5, 0xb4, 0xb5, 0xb4, 0xb5, 0xb4, 0xb5, 0xb4, 0xb5, 0xb4, 0xb5, 0xb4, 0xb5, 
    0xb4, 0xb5, 0xb4, 0xb5, 0xb4, 0xb5, 0xb4, 0xb5, 0xb4, 0xb5, 0xb4, 0xb5, 0xa3, 0x4a, 0x00, 0x00, 
    0x00, 0x00, 0xa3, 0x4a, 0xb4, 0xb5, 0x72, 0x2d, 0x72, 0x2d, 0xb4, 0xb5, 0x72, 0x2d, 0x72, 0x2d, 
    0x72, 0x2d, 0x72, 0x2d, 0x72, 0x2d, 0x72, 0x2d, 0x72, 0x2d, 0x72, 0x2d, 0xb4, 0xb5, 0x72, 0x2d, 
    0x72, 0x2d, 0xb4, 0xb5, 0xa3, 0x4a, 0x00, 0x00, 0x00, 0x00, 0xa3, 0x4a, 0xb4, 0xb5, 0xb4, 0xb5, 
    0xb4, 0xb5, 0xb4, 0xb5, 0xb4, 0xb5, 0xb4, 0xb5, 0xb4, 0xb5, 0xb4, 0xb5, 0xb4, 0xb5, 0xb4, 0xb5, 
    0xb4, 0xb5, 0xb4, 0xb5, 0xb4, 0xb5, 0xb4, 0xb5, 0xb4, 0xb5, 0xb4, 0xb5, 0xa3, 0x4a, 0x00, 0x00, 
    0x00, 0x00, 0xa3, 0x4a, 0xb4, 0xb5, 0xb4, 0xb5, 0xb4, 0xb5, 0xb4, 0xb5, 0x72, 0x2d, 0x72, 0x2d, 
    0x72, 0x2d, 0xb4, 0xb5, 0x72, 0x2d, 0xb4, 0xb5, 0xb4, 0xb5, 0xb4, 0xb5, 0xb4, 0xb5, 0xb4, 0xb5, 
    0xb4, 0xb5, 0xb4, 0xb5, 0xa3, 0x4a, 0x00, 0x00, 0x00, 0x00, 0xa3, 0x4a, 0xb4, 0xb5, 0xb4, 0xb5, 
    0xb4, 0xb5, 0xb4, 0xb5, 0xb4, 0xb5, 0xb4, 0xb5, 0xb4, 0xb5, 0xb4, 0xb5, 0xb4, 0xb5, 0xb4, 0xb5, 
    0xb4, 0xb5, 0xb4, 0xb5, 0xb4, 0xb5, 0xb4, 0xb5, 0xb4, 0xb5, 0xb4, 0xb5, 0xa3, 0x4a, 0x00, 0x00, 
    0x00, 0x00, 0xa3, 0x4a, 0xb4, 0xb5, 0xb4, 0xb5, 0xb4, 0xb5, 0xb4, 0xb5, 0xb4, 0xb5, 0xb4, 0xb5, 
    0xb4, 0xb5, 0xb4, 0xb5, 0xb4, 0xb5, 0xb4, 0xb5, 0xb4, 0xb5, 0xb4, 0xb5, 0xb4, 0xb5, 0xb4, 0xb5, 
    0xb4, 0xb5, 0xb4, 0xb5, 0xa3, 0x4a, 0x00, 0x00, 0x00, 0x00, 0xa3, 0x4a, 0xb4, 0xb5, 0xb4, 0xb5, 
    0xb4, 0xb5, 0xb4, 0xb5, 0xb4, 0xb5, 0xb4, 0xb5, 0xb4, 0xb5, 0xb4, 0xb5, 0xb4, 0xb5, 0xb4, 0xb5, 
    0xb4, 0xb5, 0xb4, 0xb5, 0xb4, 0xb5, 0xb4, 0xb5, 0xb4, 0xb5, 0xb4, 0xb5, 0xa3, 0x4a, 0x00, 0x00, 
    0x00, 0x00, 0xa3, 0x4a, 0xb4, 0xb5, 0xb4, 0xb5, 0xb4, 0xb5, 0xb4, 0xb5, 0xb4, 0xb5, 0xb4, 0xb5, 
    0xb4, 0xb5, 0xb4, 0xb5, 0xb4, 0xb5, 0xb4, 0xb5, 0xb4, 0xb5, 0xb4, 0xb5, 0xb4, 0xb5, 0xb4, 0xb5, 
    0xb4, 0xb5, 0xb4, 0xb5, 0xa3, 0x4a, 0x00, 0x00, 0x00, 0x00, 0xa3, 0x4a, 0xa3, 0x4a, 0xa3, 0x4a, 
    0xa3, 0x4a, 0xa3, 0x4a, 0xa3, 0x4a, 0xa3, 0x4a, 0xa3, 0x4a, 0xa3, 0x4a, 0xa3, 0x4a, 0xa3, 0x4a, 
    0xa3, 0x4a, 0xa3, 0x4a, 0xa3, 0x4a, 0xa3, 0x4a, 0xa3, 0x4a, 0xa3, 0x4a, 0xa3, 0x4a, 0x00, 0x00, 
    0x07, 0xe0, 0x00, 0x00, 0x00, 0x00, 0x00, 0x00, 0x00, 0x00, 0x00, 0x00, 0x00, 0x00, 0x00, 0x00, 
    0x00, 0x00, 0x00, 0x00, 0x00, 0x00, 0x00, 0x00, 0x00, 0x00, 0x00, 0x00, 0x00, 0x00, 0x00, 0x00, 
    0x00, 0x00, 0x00, 0x00, 0x00, 0x00, 0x07, 0xe0, 0x07, 0xe0, 0x07, 0xe0, 0x07, 0xe0, 0x07, 0xe0, 
    0x07, 0xe0, 0x07, 0xe0, 0x07, 0xe0, 0x07, 0xe0, 0x00, 0x00, 0x72, 0x2d, 0x72, 0x2d, 0x00, 0x00, 
    0x07, 0xe0, 0x07, 0xe0, 0x07, 0xe0, 0x07, 0xe0, 0x07, 0xe0, 0x07, 0xe0, 0x07, 0xe0, 0x07, 0xe0, 
    0x07, 0xe0, 0x07, 0xe0, 0x07, 0xe0, 0x07, 0xe0, 0x07, 0xe0, 0x07, 0xe0, 0x07, 0xe0, 0x07, 0xe0, 
    0x00, 0x00, 0x72, 0x2d, 0x72, 0x2d, 0x00, 0x00, 0x07, 0xe0, 0x07, 0xe0, 0x07, 0xe0, 0x07, 0xe0, 
    0x07, 0xe0, 0x07, 0xe0, 0x07, 0xe0, 0x07, 0xe0, 0x07, 0xe0, 0x07, 0xe0, 0x07, 0xe0, 0x07, 0xe0, 
    0x07, 0xe0, 0x07, 0xe0, 0x07, 0xe0, 0x07, 0xe0, 0x00, 0x00, 0x72, 0x2d, 0x72, 0x2d, 0x00, 0x00, 
    0x07, 0xe0, 0x07, 0xe0, 0x07, 0xe0, 0x07, 0xe0, 0x07, 0xe0, 0x07, 0xe0, 0x07, 0xe0, 0x07, 0xe0, 
    0x07, 0xe0, 0x07, 0xe0, 0x07, 0xe0, 0x07, 0xe0, 0x07, 0xe0, 0x07, 0xe0, 0x07, 0xe0, 0x07, 0xe0, 
    0x00, 0x00, 0x72, 0x2d, 0x72, 0x2d, 0x00, 0x00, 0x07, 0xe0, 0x07, 0xe0, 0x07, 0xe0, 0x07, 0xe0, 
    0x07, 0xe0, 0x07, 0xe0, 0x07, 0xe0, 0x07, 0xe0, 0x07, 0xe0, 0x07, 0xe0, 0x07, 0xe0, 0x07, 0xe0, 
    0x07, 0xe0, 0x07, 0xe0, 0x07, 0xe0, 0x07, 0xe0, 0x00, 0x00, 0x72, 0x2d, 0x72, 0x2d, 0x00, 0x00, 
    0x07, 0xe0, 0x07, 0xe0, 0x07, 0xe0, 0x07, 0xe0, 0x07, 0xe0, 0x07, 0xe0, 0x07, 0xe0, 0x07, 0xe0, 
    0x07, 0xe0, 0x07, 0xe0, 0x07, 0xe0, 0x07, 0xe0, 0x07, 0xe0, 0x07, 0xe0, 0x07, 0xe0, 0x07, 0xe0, 
    0x00, 0x00, 0xa3, 0x4a, 0xa3, 0x4a, 0x00, 0x00, 0x07, 0xe0, 0x07, 0xe0, 0x07, 0xe0, 0x07, 0xe0, 
    0x07, 0xe0, 0x07, 0xe0, 0x07, 0xe0, 0x07, 0xe0, 0x07, 0xe0, 0x07, 0xe0, 0x07, 0xe0, 0x07, 0xe0, 
    0x07, 0xe0, 0x07, 0xe0, 0x07, 0xe0, 0x07, 0xe0, 0x07, 0xe0, 0x00, 0x00, 0x00, 0x00, 0x07, 0xe0, 
    0x07, 0xe0, 0x07, 0xe0, 0x07, 0xe0, 0x07, 0xe0, 0x07, 0xe0, 0x07, 0xe0, 0x07, 0xe0, 0x07, 0xe0, 
};

hagl_bitmap_t sign = {
    .width = 20,
    .height = 20,
    .depth = 16, // RGB565 is 16-bit
    .buffer = signbuf,
};

// Image: wallTile.png (16x16)
unsigned char wallTilebuf[] = {
    0xac, 0x4b, 0xbc, 0xac, 0x93, 0xc9, 0xbc, 0xac, 0xbc, 0xac, 0xb4, 0x8c, 0xb4, 0x8c, 0xb4, 0x8c, 
    0xb4, 0x8c, 0xb4, 0x8c, 0xb4, 0x8c, 0xbc, 0xac, 0xbc, 0xac, 0xbc, 0xac, 0xac, 0x4b, 0xac, 0x4b, 
    0xac, 0x4b, 0xac, 0x4b, 0x93, 0xc9, 0xbc, 0xac, 0xbc, 0xac, 0xbc, 0xac, 0xac, 0x4b, 0xac, 0x4b, 
    0xac, 0x4b, 0xb4, 0x8c, 0xb4, 0x8c, 0xb4, 0x8c, 0xac, 0x4b, 0xac, 0x4b, 0xac, 0x4b, 0xac, 0x4b, 
    0xbc, 0xac, 0xbc, 0xac, 0x93, 0xc9, 0xbc, 0xac, 0xac, 0x4b, 0xac, 0x4b, 0xbc, 0xac, 0xbc, 0xac, 
    0xbc, 0xac, 0xbc, 0xac, 0xbc, 0xac, 0xbc, 0xac, 0xbc, 0xac, 0xbc, 0xac, 0xbc, 0xac, 0xbc, 0xac, 
    0x7b, 0x07, 0x7b, 0x07, 0x7b, 0x07, 0x6a, 0xa6, 0x72, 0xe6, 0x72, 0xe6, 0x7b, 0x07, 0x72, 0xe6, 
    0x72, 0xe6, 0x72, 0xe6, 0x6a, 0xa6, 0x6a, 0xa6, 0x72, 0xe6, 0x7b, 0x07, 0x7b, 0x07, 0x7b, 0x07, 
    0xac, 0x4b, 0xac, 0x4b, 0xbc, 0xac, 0xbc, 0xac, 0xac, 0x4b, 0xac, 0x4b, 0xac, 0x4b, 0xac, 0x4b, 
    0xbc, 0xac, 0xbc, 0xac, 0x93, 0xc9, 0xbc, 0xac, 0xbc, 0xac, 0xb4, 0x8c, 0xac, 0x4b, 0xac, 0x4b, 
    0xac, 0x4b, 0xac, 0x4b, 0xac, 0x4b, 0xac, 0x4b, 0xbc, 0xac, 0xac, 0x4b, 0xb4, 0x8c, 0xb4, 0x8c, 
    0xb4, 0x8c, 0xbc, 0xac, 0x93, 0xc9, 0xbc, 0xac, 0xbc, 0xac, 0xbc, 0xac, 0xbc, 0xac, 0xac, 0x4b, 
    0xac, 0x4b, 0xb4, 0x8c, 0xb4, 0x8c, 0xb4, 0x8c, 0xb4, 0x8c, 0xbc, 0xac, 0xbc, 0xac, 0xbc, 0xac, 
    0xbc, 0xac, 0xbc, 0xac, 0x7b, 0x07, 0xbc, 0xac, 0xb4, 0x8c, 0xac, 0x4b, 0xac, 0x4b, 0xac, 0x4b, 
    0x6a, 0xa6, 0x6a, 0xa6, 0x6a, 0xa6, 0x6a, 0xa6, 0x6a, 0xa6, 0x6a, 0xa6, 0x6a, 0xa6, 0x6a, 0xa6, 
    0x7b, 0x07, 0x7b, 0x07, 0x7b, 0x07, 0x6a, 0xa6, 0x6a, 0xa6, 0x6a, 0xa6, 0x7b, 0x07, 0x7b, 0x07, 
    0xb4, 0x8c, 0xbc, 0xac, 0xb4, 0x8c, 0xb4, 0x8c, 0xbc, 0xac, 0xbc, 0xac, 0x93, 0xc9, 0xbc, 0xac, 
    0xbc, 0xac, 0xbc, 0xac, 0xbc, 0xac, 0xbc, 0xac, 0xbc, 0xac, 0xbc, 0xac, 0xbc, 0xac, 0xbc, 0xac, 
    0xb4, 0x8c, 0xb4, 0x8c, 0xbc, 0xac, 0xb4, 0x8c, 0xb4, 0x8c, 0xbc, 0xac, 0x93, 0xc9, 0xbc, 0xac, 
    0xb4, 0x8c, 0xb4, 0x8c, 0xb4, 0x8c, 0xac, 0x4b, 0xac, 0x4b, 0xac, 0x4b, 0xac, 0x4b, 0xac, 0x4b, 
    0xac, 0x4b, 0xac, 0x4b, 0xac, 0x4b, 0xbc, 0xac, 0xbc, 0xac, 0xbc, 0xac, 0x93, 0xc9, 0xbc, 0xac, 
    0xb4, 0x8c, 0xb4, 0x8c, 0xac, 0x4b, 0xac, 0x4b, 0xac, 0x4b, 0xac, 0x4b, 0xbc, 0xac, 0xbc, 0xac, 
    0x6a, 0xa6, 0x6a, 0xa6, 0x6a, 0xa6, 0x7b, 0x07, 0x7b, 0x07, 0x7b, 0x07, 0x7b, 0x07, 0x6a, 0xa6, 
    0x6a, 0xa6, 0x72, 0xe6, 0x72, 0xe6, 0x72, 0xe6, 0x7b, 0x07, 0x7b, 0x07, 0x6a, 0xa6, 0x6a, 0xa6, 
    0xbc, 0xac, 0xbc, 0xac, 0xbc, 0xac, 0xb4, 0x8c, 0xb4, 0x8c, 0xb4, 0x8c, 0xb4, 0x8c, 0xbc, 0xac, 
    0xbc, 0xac, 0xbc, 0xac, 0xac, 0x4b, 0xac, 0x4b, 0xb4, 0x8c, 0xbc, 0xac, 0x93, 0xc9, 0xac, 0x4b, 
    0xb4, 0x8c, 0xbc, 0xac, 0xb4, 0x8c, 0xac, 0x4b, 0xac, 0x4b, 0xac, 0x4b, 0xac, 0x4b, 0xac, 0x4b, 
    0xac, 0x4b, 0xac, 0x4b, 0xac, 0x4b, 0xb4, 0x8c, 0xbc, 0xac, 0xb4, 0x8c, 0x93, 0xc9, 0xac, 0x4b, 
    0xac, 0x4b, 0xac, 0x4b, 0xac, 0x4b, 0xbc, 0xac, 0xbc, 0xac, 0xbc, 0xac, 0xbc, 0xac, 0xbc, 0xac, 
    0xbc, 0xac, 0xbc, 0xac, 0xbc, 0xac, 0xb4, 0x8c, 0xb4, 0x8c, 0xb4, 0x8c, 0x7b, 0x07, 0xbc, 0xac, 
    0x6a, 0xa6, 0x6a, 0xa6, 0x72, 0xe6, 0x72, 0xe6, 0x72, 0xe6, 0x72, 0xe6, 0x7b, 0x07, 0x7b, 0x07, 
    0x72, 0xe6, 0x72, 0xe6, 0x72, 0xe6, 0x7b, 0x07, 0x7b, 0x07, 0x6a, 0xa6, 0x72, 0xe6, 0x72, 0xe6, 
};

hagl_bitmap_t wallTile = {
    .width = 16,
    .height = 16,
    .depth = 16, // RGB565 is 16-bit
    .buffer = wallTilebuf,
};

